[2026-04-25 16:50:02.767][CLIENT] bvr-filter id=89 reason=canRenderEntity_false dist=83.7 class=mcheli.tank.MCH_EntityTank
[2026-04-25 16:50:02.767][CLIENT] bvr-filter id=78 reason=canRenderEntity_false dist=8.8 class=net.minecraft.entity.player.EntityPlayerMP
[2026-04-25 16:50:02.767][CLIENT] bvr-filter id=79 reason=canRenderEntity_false dist=0.0 class=mcheli.plane.MCP_EntityPlane
[2026-04-25 16:50:02.767][CLIENT] bvr-scan acId=79 total=3 rendered=0 skipCan=3 skipJam=0 skipVisible=0 skipMslRange=0 skipName=0 skipNear=0 selectedId=2253 trackingId=-1 fireLockId=-1 mslMax=4000.0
[2026-04-25 16:50:02.774][CLIENT] bvr-filter id=89 reason=canRenderEntity_false dist=83.7 class=mcheli.tank.MCH_EntityTank
[2026-04-25 16:50:02.774][CLIENT] bvr-filter id=78 reason=canRenderEntity_false dist=8.8 class=net.minecraft.entity.player.EntityPlayerMP
[2026-04-25 16:50:02.774][CLIENT] bvr-filter id=79 reason=canRenderEntity_false dist=0.0 class=mcheli.plane.MCP_EntityPlane
[2026-04-25 16:50:02.774][CLIENT] bvr-scan acId=79 total=3 rendered=0 skipCan=3 skipJam=0 skipVisible=0 skipMslRange=0 skipName=0 skipNear=0 selectedId=2253 trackingId=-1 fireLockId=-1 mslMax=4000.0
[2026-04-25 16:50:02.782][CLIENT] bvr-filter id=89 reason=canRenderEntity_false dist=83.7 class=mcheli.tank.MCH_EntityTank
[2026-04-25 16:50:02.782][CLIENT] bvr-filter id=78 reason=canRenderEntity_false dist=8.8 class=net.minecraft.entity.player.EntityPlayerMP
[2026-04-25 16:50:02.782][CLIENT] bvr-filter id=79 reason=canRenderEntity_false dist=0.0 class=mcheli.plane.MCP_EntityPlane
[2026-04-25 16:50:02.782][CLIENT] bvr-scan acId=79 total=3 rendered=0 skipCan=3 skipJam=0 skipVisible=0 skipMslRange=0 skipName=0 skipNear=0 selectedId=2253 trackingId=-1 fireLockId=-1 mslMax=4000.0
[2026-04-25 16:50:02.789][CLIENT] bvr-filter id=89 reason=canRenderEntity_false dist=83.7 class=mcheli.tank.MCH_EntityTank
[2026-04-25 16:50:02.789][CLIENT] bvr-filter id=78 reason=canRenderEntity_false dist=8.8 class=net.minecraft.entity.player.EntityPlayerMP
[2026-04-25 16:50:02.789][CLIENT] bvr-filter id=79 reason=canRenderEntity_false dist=0.0 class=mcheli.plane.MCP_EntityPlane
[2026-04-25 16:50:02.789][CLIENT] bvr-scan acId=79 total=3 rendered=0 skipCan=3 skipJam=0 skipVisible=0 skipMslRange=0 skipName=0 skipNear=0 selectedId=2253 trackingId=-1 fireLockId=-1 mslMax=4000.0
[2026-04-25 16:50:02.796][CLIENT] bvr-filter id=89 reason=canRenderEntity_false dist=83.7 class=mcheli.tank.MCH_EntityTank
[2026-04-25 16:50:02.797][CLIENT] bvr-filter id=78 reason=canRenderEntity_false dist=8.8 class=net.minecraft.entity.player.EntityPlayerMP
[2026-04-25 16:50:02.797][CLIENT] bvr-filter id=79 reason=canRenderEntity_false dist=0.0 class=mcheli.plane.MCP_EntityPlane
[2026-04-25 16:50:02.797][CLIENT] bvr-scan acId=79 total=3 rendered=0 skipCan=3 skipJam=0 skipVisible=0 skipMslRange=0 skipName=0 skipNear=0 selectedId=2253 trackingId=-1 fireLockId=-1 mslMax=4000.0
[2026-04-25 16:50:03.255][CLIENT] bvr-filter id=89 reason=canRenderEntity_false dist=83.7 class=mcheli.tank.MCH_EntityTank
[2026-04-25 16:50:03.255][CLIENT] bvr-filter id=78 reason=canRenderEntity_false dist=8.8 class=net.minecraft.entity.player.EntityPlayerMP
[2026-04-25 16:50:03.255][CLIENT] bvr-filter id=79 reason=canRenderEntity_false dist=0.0 class=mcheli.plane.MCP_EntityPlane
[2026-04-25 16:50:03.255][CLIENT] bvr-scan acId=79 total=3 rendered=0 skipCan=3 skipJam=0 skipVisible=0 skipMslRange=0 skipName=0 skipNear=0 selectedId=2253 trackingId=-1 fireLockId=-1 mslMax=4000.0
[2026-04-25 16:50:03.266][CLIENT] bvr-filter id=89 reason=canRenderEntity_false dist=83.7 class=mcheli.tank.MCH_EntityTank
[2026-04-25 16:50:03.266][CLIENT] bvr-filter id=78 reason=canRenderEntity_false dist=8.8 class=net.minecraft.entity.player.EntityPlayerMP
[2026-04-25 16:50:03.266][CLIENT] bvr-filter id=79 reason=canRenderEntity_false dist=0.0 class=mcheli.plane.MCP_EntityPlane
[2026-04-25 16:50:03.266][CLIENT] bvr-scan acId=79 total=3 rendered=0 skipCan=3 skipJam=0 skipVisible=0 skipMslRange=0 skipName=0 skipNear=0 selectedId=2253 trackingId=-1 fireLockId=-1 mslMax=4000.0
[2026-04-25 16:50:03.274][CLIENT] bvr-filter id=89 reason=canRenderEntity_false dist=83.7 class=mcheli.tank.MCH_EntityTank
[2026-04-25 16:50:03.274][CLIENT] bvr-filter id=78 reason=canRenderEntity_false dist=8.8 class=net.minecraft.entity.player.EntityPlayerMP
[2026-04-25 16:50:03.274][CLIENT] bvr-filter id=79 reason=canRenderEntity_false dist=0.0 class=mcheli.plane.MCP_EntityPlane
[2026-04-25 16:50:03.274][CLIENT] bvr-scan acId=79 total=3 rendered=0 skipCan=3 skipJam=0 skipVisible=0 skipMslRange=0 skipName=0 skipNear=0 selectedId=2253 trackingId=-1 fireLockId=-1 mslMax=4000.0
[2026-04-25 16:50:03.281][CLIENT] bvr-filter id=89 reason=canRenderEntity_false dist=83.7 class=mcheli.tank.MCH_EntityTank
[2026-04-25 16:50:03.281][CLIENT] bvr-filter id=78 reason=canRenderEntity_false dist=8.8 class=net.minecraft.entity.player.EntityPlayerMP
[2026-04-25 16:50:03.281][CLIENT] bvr-filter id=79 reason=canRenderEntity_false dist=0.0 class=mcheli.plane.MCP_EntityPlane
[2026-04-25 16:50:03.281][CLIENT] bvr-scan acId=79 total=3 rendered=0 skipCan=3 skipJam=0 skipVisible=0 skipMslRange=0 skipName=0 skipNear=0 selectedId=2253 trackingId=-1 fireLockId=-1 mslMax=4000.0
[2026-04-25 16:50:03.289][CLIENT] bvr-filter id=89 reason=canRenderEntity_false dist=83.7 class=mcheli.tank.MCH_EntityTank
[2026-04-25 16:50:03.289][CLIENT] bvr-filter id=78 reason=canRenderEntity_false dist=8.8 class=net.minecraft.entity.player.EntityPlayerMP
[2026-04-25 16:50:03.289][CLIENT] bvr-filter id=79 reason=canRenderEntity_false dist=0.0 class=mcheli.plane.MCP_EntityPlane
[2026-04-25 16:50:03.289][CLIENT] bvr-scan acId=79 total=3 rendered=0 skipCan=3 skipJam=0 skipVisible=0 skipMslRange=0 skipName=0 skipNear=0 selectedId=2253 trackingId=-1 fireLockId=-1 mslMax=4000.0
[2026-04-25 16:50:03.296][CLIENT] bvr-filter id=89 reason=canRenderEntity_false dist=83.7 class=mcheli.tank.MCH_EntityTank
[2026-04-25 16:50:03.296][CLIENT] bvr-filter id=78 reason=canRenderEntity_false dist=8.8 class=net.minecraft.entity.player.EntityPlayerMP
[2026-04-25 16:50:03.296][CLIENT] bvr-filter id=79 reason=canRenderEntity_false dist=0.0 class=mcheli.plane.MCP_EntityPlane
[2026-04-25 16:50:03.296][CLIENT] bvr-scan acId=79 total=3 rendered=0 skipCan=3 skipJam=0 skipVisible=0 skipMslRange=0 skipName=0 skipNear=0 selectedId=2253 trackingId=-1 fireLockId=-1 mslMax=4000.0
[2026-04-25 16:50:03.750][CLIENT] bvr-filter id=89 reason=canRenderEntity_false dist=83.7 class=mcheli.tank.MCH_EntityTank
[2026-04-25 16:50:03.750][CLIENT] bvr-filter id=78 reason=canRenderEntity_false dist=8.8 class=net.minecraft.entity.player.EntityPlayerMP
[2026-04-25 16:50:03.750][CLIENT] bvr-filter id=79 reason=canRenderEntity_false dist=0.0 class=mcheli.plane.MCP_EntityPlane
[2026-04-25 16:50:03.750][CLIENT] bvr-scan acId=79 total=3 rendered=0 skipCan=3 skipJam=0 skipVisible=0 skipMslRange=0 skipName=0 skipNear=0 selectedId=2253 trackingId=-1 fireLockId=-1 mslMax=4000.0
[2026-04-25 16:50:03.756][CLIENT] bvr-filter id=89 reason=canRenderEntity_false dist=83.7 class=mcheli.tank.MCH_EntityTank
[2026-04-25 16:50:03.756][CLIENT] bvr-filter id=78 reason=canRenderEntity_false dist=8.8 class=net.minecraft.entity.player.EntityPlayerMP
[2026-04-25 16:50:03.756][CLIENT] bvr-filter id=79 reason=canRenderEntity_false dist=0.0 class=mcheli.plane.MCP_EntityPlane
[2026-04-25 16:50:03.756][CLIENT] bvr-scan acId=79 total=3 rendered=0 skipCan=3 skipJam=0 skipVisible=0 skipMslRange=0 skipName=0 skipNear=0 selectedId=2253 trackingId=-1 fireLockId=-1 mslMax=4000.0
[2026-04-25 16:50:03.763][CLIENT] bvr-filter id=89 reason=canRenderEntity_false dist=83.7 class=mcheli.tank.MCH_EntityTank
[2026-04-25 16:50:03.763][CLIENT] bvr-filter id=78 reason=canRenderEntity_false dist=8.8 class=net.minecraft.entity.player.EntityPlayerMP
[2026-04-25 16:50:03.763][CLIENT] bvr-filter id=79 reason=canRenderEntity_false dist=0.0 class=mcheli.plane.MCP_EntityPlane
[2026-04-25 16:50:03.763][CLIENT] bvr-scan acId=79 total=3 rendered=0 skipCan=3 skipJam=0 skipVisible=0 skipMslRange=0 skipName=0 skipNear=0 selectedId=2253 trackingId=-1 fireLockId=-1 mslMax=4000.0
[2026-04-25 16:50:03.770][CLIENT] bvr-filter id=89 reason=canRenderEntity_false dist=83.7 class=mcheli.tank.MCH_EntityTank
[2026-04-25 16:50:03.770][CLIENT] bvr-filter id=78 reason=canRenderEntity_false dist=8.8 class=net.minecraft.entity.player.EntityPlayerMP
[2026-04-25 16:50:03.770][CLIENT] bvr-filter id=79 reason=canRenderEntity_false dist=0.0 class=mcheli.plane.MCP_EntityPlane
[2026-04-25 16:50:03.770][CLIENT] bvr-scan acId=79 total=3 rendered=0 skipCan=3 skipJam=0 skipVisible=0 skipMslRange=0 skipName=0 skipNear=0 selectedId=2253 trackingId=-1 fireLockId=-1 mslMax=4000.0
[2026-04-25 16:50:03.777][CLIENT] bvr-filter id=89 reason=canRenderEntity_false dist=83.7 class=mcheli.tank.MCH_EntityTank
[2026-04-25 16:50:03.777][CLIENT] bvr-filter id=78 reason=canRenderEntity_false dist=8.8 class=net.minecraft.entity.player.EntityPlayerMP
[2026-04-25 16:50:03.777][CLIENT] bvr-filter id=79 reason=canRenderEntity_false dist=0.0 class=mcheli.plane.MCP_EntityPlane
[2026-04-25 16:50:03.777][CLIENT] bvr-scan acId=79 total=3 rendered=0 skipCan=3 skipJam=0 skipVisible=0 skipMslRange=0 skipName=0 skipNear=0 selectedId=2253 trackingId=-1 fireLockId=-1 mslMax=4000.0
[2026-04-25 16:50:03.785][CLIENT] bvr-filter id=89 reason=canRenderEntity_false dist=83.7 class=mcheli.tank.MCH_EntityTank
[2026-04-25 16:50:03.785][CLIENT] bvr-filter id=78 reason=canRenderEntity_false dist=8.8 class=net.minecraft.entity.player.EntityPlayerMP
[2026-04-25 16:50:03.785][CLIENT] bvr-filter id=79 reason=canRenderEntity_false dist=0.0 class=mcheli.plane.MCP_EntityPlane
[2026-04-25 16:50:03.785][CLIENT] bvr-scan acId=79 total=3 rendered=0 skipCan=3 skipJam=0 skipVisible=0 skipMslRange=0 skipName=0 skipNear=0 selectedId=2253 trackingId=-1 fireLockId=-1 mslMax=4000.0
[2026-04-25 16:50:03.793][CLIENT] bvr-filter id=89 reason=canRenderEntity_false dist=83.7 class=mcheli.tank.MCH_EntityTank
[2026-04-25 16:50:03.793][CLIENT] bvr-filter id=78 reason=canRenderEntity_false dist=8.8 class=net.minecraft.entity.player.EntityPlayerMP
[2026-04-25 16:50:03.793][CLIENT] bvr-filter id=79 reason=canRenderEntity_false dist=0.0 class=mcheli.plane.MCP_EntityPlane
[2026-04-25 16:50:03.793][CLIENT] bvr-scan acId=79 total=3 rendered=0 skipCan=3 skipJam=0 skipVisible=0 skipMslRange=0 skipName=0 skipNear=0 selectedId=2253 trackingId=-1 fireLockId=-1 mslMax=4000.0
[2026-04-25 16:50:04.253][CLIENT] bvr-filter id=89 reason=canRenderEntity_false dist=83.7 class=mcheli.tank.MCH_EntityTank
[2026-04-25 16:50:04.253][CLIENT] bvr-filter id=78 reason=canRenderEntity_false dist=8.8 class=net.minecraft.entity.player.EntityPlayerMP
[2026-04-25 16:50:04.253][CLIENT] bvr-filter id=79 reason=canRenderEntity_false dist=0.0 class=mcheli.plane.MCP_EntityPlane
[2026-04-25 16:50:04.253][CLIENT] bvr-scan acId=79 total=3 rendered=0 skipCan=3 skipJam=0 skipVisible=0 skipMslRange=0 skipName=0 skipNear=0 selectedId=2253 trackingId=-1 fireLockId=-1 mslMax=4000.0
[2026-04-25 16:50:04.259][CLIENT] bvr-filter id=89 reason=canRenderEntity_false dist=83.7 class=mcheli.tank.MCH_EntityTank
[2026-04-25 16:50:04.259][CLIENT] bvr-filter id=78 reason=canRenderEntity_false dist=8.8 class=net.minecraft.entity.player.EntityPlayerMP
[2026-04-25 16:50:04.259][CLIENT] bvr-filter id=79 reason=canRenderEntity_false dist=0.0 class=mcheli.plane.MCP_EntityPlane
[2026-04-25 16:50:04.259][CLIENT] bvr-scan acId=79 total=3 rendered=0 skipCan=3 skipJam=0 skipVisible=0 skipMslRange=0 skipName=0 skipNear=0 selectedId=2253 trackingId=-1 fireLockId=-1 mslMax=4000.0
[2026-04-25 16:50:04.266][CLIENT] bvr-filter id=89 reason=canRenderEntity_false dist=83.7 class=mcheli.tank.MCH_EntityTank
[2026-04-25 16:50:04.266][CLIENT] bvr-filter id=78 reason=canRenderEntity_false dist=8.8 class=net.minecraft.entity.player.EntityPlayerMP
[2026-04-25 16:50:04.266][CLIENT] bvr-filter id=79 reason=canRenderEntity_false dist=0.0 class=mcheli.plane.MCP_EntityPlane
[2026-04-25 16:50:04.266][CLIENT] bvr-scan acId=79 total=3 rendered=0 skipCan=3 skipJam=0 skipVisible=0 skipMslRange=0 skipName=0 skipNear=0 selectedId=2253 trackingId=-1 fireLockId=-1 mslMax=4000.0
[2026-04-25 16:50:04.273][CLIENT] bvr-filter id=89 reason=canRenderEntity_false dist=83.7 class=mcheli.tank.MCH_EntityTank
[2026-04-25 16:50:04.273][CLIENT] bvr-filter id=78 reason=canRenderEntity_false dist=8.8 class=net.minecraft.entity.player.EntityPlayerMP
[2026-04-25 16:50:04.273][CLIENT] bvr-filter id=79 reason=canRenderEntity_false dist=0.0 class=mcheli.plane.MCP_EntityPlane
[2026-04-25 16:50:04.273][CLIENT] bvr-scan acId=79 total=3 rendered=0 skipCan=3 skipJam=0 skipVisible=0 skipMslRange=0 skipName=0 skipNear=0 selectedId=2253 trackingId=-1 fireLockId=-1 mslMax=4000.0
[2026-04-25 16:50:04.279][CLIENT] bvr-filter id=89 reason=canRenderEntity_false dist=83.7 class=mcheli.tank.MCH_EntityTank
[2026-04-25 16:50:04.279][CLIENT] bvr-filter id=78 reason=canRenderEntity_false dist=8.8 class=net.minecraft.entity.player.EntityPlayerMP
[2026-04-25 16:50:04.279][CLIENT] bvr-filter id=79 reason=canRenderEntity_false dist=0.0 class=mcheli.plane.MCP_EntityPlane
[2026-04-25 16:50:04.280][CLIENT] bvr-scan acId=79 total=3 rendered=0 skipCan=3 skipJam=0 skipVisible=0 skipMslRange=0 skipName=0 skipNear=0 selectedId=2253 trackingId=-1 fireLockId=-1 mslMax=4000.0
[2026-04-25 16:50:04.287][CLIENT] bvr-filter id=89 reason=canRenderEntity_false dist=83.7 class=mcheli.tank.MCH_EntityTank
[2026-04-25 16:50:04.287][CLIENT] bvr-filter id=78 reason=canRenderEntity_false dist=8.8 class=net.minecraft.entity.player.EntityPlayerMP
[2026-04-25 16:50:04.287][CLIENT] bvr-filter id=79 reason=canRenderEntity_false dist=0.0 class=mcheli.plane.MCP_EntityPlane
[2026-04-25 16:50:04.287][CLIENT] bvr-scan acId=79 total=3 rendered=0 skipCan=3 skipJam=0 skipVisible=0 skipMslRange=0 skipName=0 skipNear=0 selectedId=2253 trackingId=-1 fireLockId=-1 mslMax=4000.0
[2026-04-25 16:50:04.294][CLIENT] bvr-filter id=89 reason=canRenderEntity_false dist=83.7 class=mcheli.tank.MCH_EntityTank
[2026-04-25 16:50:04.294][CLIENT] bvr-filter id=78 reason=canRenderEntity_false dist=8.8 class=net.minecraft.entity.player.EntityPlayerMP
[2026-04-25 16:50:04.294][CLIENT] bvr-filter id=79 reason=canRenderEntity_false dist=0.0 class=mcheli.plane.MCP_EntityPlane
[2026-04-25 16:50:04.294][CLIENT] bvr-scan acId=79 total=3 rendered=0 skipCan=3 skipJam=0 skipVisible=0 skipMslRange=0 skipName=0 skipNear=0 selectedId=2253 trackingId=-1 fireLockId=-1 mslMax=4000.0
[2026-04-25 16:50:04.754][CLIENT] bvr-filter id=89 reason=canRenderEntity_false dist=83.7 class=mcheli.tank.MCH_EntityTank
[2026-04-25 16:50:04.754][CLIENT] bvr-filter id=78 reason=canRenderEntity_false dist=8.8 class=net.minecraft.entity.player.EntityPlayerMP
[2026-04-25 16:50:04.754][CLIENT] bvr-filter id=79 reason=canRenderEntity_false dist=0.0 class=mcheli.plane.MCP_EntityPlane
[2026-04-25 16:50:04.754][CLIENT] bvr-scan acId=79 total=3 rendered=0 skipCan=3 skipJam=0 skipVisible=0 skipMslRange=0 skipName=0 skipNear=0 selectedId=2253 trackingId=-1 fireLockId=-1 mslMax=4000.0
[2026-04-25 16:50:04.761][CLIENT] bvr-filter id=89 reason=canRenderEntity_false dist=83.7 class=mcheli.tank.MCH_EntityTank
[2026-04-25 16:50:04.761][CLIENT] bvr-filter id=78 reason=canRenderEntity_false dist=8.8 class=net.minecraft.entity.player.EntityPlayerMP
[2026-04-25 16:50:04.761][CLIENT] bvr-filter id=79 reason=canRenderEntity_false dist=0.0 class=mcheli.plane.MCP_EntityPlane
[2026-04-25 16:50:04.761][CLIENT] bvr-scan acId=79 total=3 rendered=0 skipCan=3 skipJam=0 skipVisible=0 skipMslRange=0 skipName=0 skipNear=0 selectedId=2253 trackingId=-1 fireLockId=-1 mslMax=4000.0
[2026-04-25 16:50:04.769][CLIENT] bvr-filter id=89 reason=canRenderEntity_false dist=83.7 class=mcheli.tank.MCH_EntityTank
[2026-04-25 16:50:04.769][CLIENT] bvr-filter id=78 reason=canRenderEntity_false dist=8.8 class=net.minecraft.entity.player.EntityPlayerMP
[2026-04-25 16:50:04.769][CLIENT] bvr-filter id=79 reason=canRenderEntity_false dist=0.0 class=mcheli.plane.MCP_EntityPlane
[2026-04-25 16:50:04.769][CLIENT] bvr-scan acId=79 total=3 rendered=0 skipCan=3 skipJam=0 skipVisible=0 skipMslRange=0 skipName=0 skipNear=0 selectedId=2253 trackingId=-1 fireLockId=-1 mslMax=4000.0
[2026-04-25 16:50:04.776][CLIENT] bvr-filter id=89 reason=canRenderEntity_false dist=83.7 class=mcheli.tank.MCH_EntityTank
[2026-04-25 16:50:04.776][CLIENT] bvr-filter id=78 reason=canRenderEntity_false dist=8.8 class=net.minecraft.entity.player.EntityPlayerMP
[2026-04-25 16:50:04.776][CLIENT] bvr-filter id=79 reason=canRenderEntity_false dist=0.0 class=mcheli.plane.MCP_EntityPlane
[2026-04-25 16:50:04.776][CLIENT] bvr-scan acId=79 total=3 rendered=0 skipCan=3 skipJam=0 skipVisible=0 skipMslRange=0 skipName=0 skipNear=0 selectedId=2253 trackingId=-1 fireLockId=-1 mslMax=4000.0
[2026-04-25 16:50:04.783][CLIENT] bvr-filter id=89 reason=canRenderEntity_false dist=83.7 class=mcheli.tank.MCH_EntityTank
[2026-04-25 16:50:04.783][CLIENT] bvr-filter id=78 reason=canRenderEntity_false dist=8.8 class=net.minecraft.entity.player.EntityPlayerMP
[2026-04-25 16:50:04.783][CLIENT] bvr-filter id=79 reason=canRenderEntity_false dist=0.0 class=mcheli.plane.MCP_EntityPlane
[2026-04-25 16:50:04.783][CLIENT] bvr-scan acId=79 total=3 rendered=0 skipCan=3 skipJam=0 skipVisible=0 skipMslRange=0 skipName=0 skipNear=0 selectedId=2253 trackingId=-1 fireLockId=-1 mslMax=4000.0
[2026-04-25 16:50:04.790][CLIENT] bvr-filter id=89 reason=canRenderEntity_false dist=83.7 class=mcheli.tank.MCH_EntityTank
[2026-04-25 16:50:04.790][CLIENT] bvr-filter id=78 reason=canRenderEntity_false dist=8.8 class=net.minecraft.entity.player.EntityPlayerMP
[2026-04-25 16:50:04.790][CLIENT] bvr-filter id=79 reason=canRenderEntity_false dist=0.0 class=mcheli.plane.MCP_EntityPlane
[2026-04-25 16:50:04.790][CLIENT] bvr-scan acId=79 total=3 rendered=0 skipCan=3 skipJam=0 skipVisible=0 skipMslRange=0 skipName=0 skipNear=0 selectedId=2253 trackingId=-1 fireLockId=-1 mslMax=4000.0
[2026-04-25 16:50:04.797][CLIENT] bvr-filter id=89 reason=canRenderEntity_false dist=83.7 class=mcheli.tank.MCH_EntityTank
[2026-04-25 16:50:04.797][CLIENT] bvr-filter id=78 reason=canRenderEntity_false dist=8.8 class=net.minecraft.entity.player.EntityPlayerMP
[2026-04-25 16:50:04.797][CLIENT] bvr-filter id=79 reason=canRenderEntity_false dist=0.0 class=mcheli.plane.MCP_EntityPlane
[2026-04-25 16:50:04.797][CLIENT] bvr-scan acId=79 total=3 rendered=0 skipCan=3 skipJam=0 skipVisible=0 skipMslRange=0 skipName=0 skipNear=0 selectedId=2253 trackingId=-1 fireLockId=-1 mslMax=4000.0
[2026-04-25 16:50:05.255][CLIENT] bvr-filter id=89 reason=canRenderEntity_false dist=83.7 class=mcheli.tank.MCH_EntityTank
[2026-04-25 16:50:05.256][CLIENT] bvr-filter id=78 reason=canRenderEntity_false dist=8.8 class=net.minecraft.entity.player.EntityPlayerMP
[2026-04-25 16:50:05.256][CLIENT] bvr-filter id=79 reason=canRenderEntity_false dist=0.0 class=mcheli.plane.MCP_EntityPlane
[2026-04-25 16:50:05.256][CLIENT] bvr-scan acId=79 total=3 rendered=0 skipCan=3 skipJam=0 skipVisible=0 skipMslRange=0 skipName=0 skipNear=0 selectedId=2253 trackingId=-1 fireLockId=-1 mslMax=4000.0
[2026-04-25 16:50:05.263][CLIENT] bvr-filter id=89 reason=canRenderEntity_false dist=83.7 class=mcheli.tank.MCH_EntityTank
[2026-04-25 16:50:05.263][CLIENT] bvr-filter id=78 reason=canRenderEntity_false dist=8.8 class=net.minecraft.entity.player.EntityPlayerMP
[2026-04-25 16:50:05.263][CLIENT] bvr-filter id=79 reason=canRenderEntity_false dist=0.0 class=mcheli.plane.MCP_EntityPlane
[2026-04-25 16:50:05.263][CLIENT] bvr-scan acId=79 total=3 rendered=0 skipCan=3 skipJam=0 skipVisible=0 skipMslRange=0 skipName=0 skipNear=0 selectedId=2253 trackingId=-1 fireLockId=-1 mslMax=4000.0
[2026-04-25 16:50:05.271][CLIENT] bvr-filter id=89 reason=canRenderEntity_false dist=83.7 class=mcheli.tank.MCH_EntityTank
[2026-04-25 16:50:05.271][CLIENT] bvr-filter id=78 reason=canRenderEntity_false dist=8.8 class=net.minecraft.entity.player.EntityPlayerMP
[2026-04-25 16:50:05.271][CLIENT] bvr-filter id=79 reason=canRenderEntity_false dist=0.0 class=mcheli.plane.MCP_EntityPlane
[2026-04-25 16:50:05.271][CLIENT] bvr-scan acId=79 total=3 rendered=0 skipCan=3 skipJam=0 skipVisible=0 skipMslRange=0 skipName=0 skipNear=0 selectedId=2253 trackingId=-1 fireLockId=-1 mslMax=4000.0
[2026-04-25 16:50:05.279][CLIENT] bvr-filter id=89 reason=canRenderEntity_false dist=83.7 class=mcheli.tank.MCH_EntityTank
[2026-04-25 16:50:05.279][CLIENT] bvr-filter id=78 reason=canRenderEntity_false dist=8.8 class=net.minecraft.entity.player.EntityPlayerMP
[2026-04-25 16:50:05.279][CLIENT] bvr-filter id=79 reason=canRenderEntity_false dist=0.0 class=mcheli.plane.MCP_EntityPlane
[2026-04-25 16:50:05.279][CLIENT] bvr-scan acId=79 total=3 rendered=0 skipCan=3 skipJam=0 skipVisible=0 skipMslRange=0 skipName=0 skipNear=0 selectedId=2253 trackingId=-1 fireLockId=-1 mslMax=4000.0
[2026-04-25 16:50:05.287][CLIENT] bvr-filter id=89 reason=canRenderEntity_false dist=83.7 class=mcheli.tank.MCH_EntityTank
[2026-04-25 16:50:05.287][CLIENT] bvr-filter id=78 reason=canRenderEntity_false dist=8.8 class=net.minecraft.entity.player.EntityPlayerMP
[2026-04-25 16:50:05.287][CLIENT] bvr-filter id=79 reason=canRenderEntity_false dist=0.0 class=mcheli.plane.MCP_EntityPlane
[2026-04-25 16:50:05.287][CLIENT] bvr-scan acId=79 total=3 rendered=0 skipCan=3 skipJam=0 skipVisible=0 skipMslRange=0 skipName=0 skipNear=0 selectedId=2253 trackingId=-1 fireLockId=-1 mslMax=4000.0
[2026-04-25 16:50:05.294][CLIENT] bvr-filter id=89 reason=canRenderEntity_false dist=83.7 class=mcheli.tank.MCH_EntityTank
[2026-04-25 16:50:05.294][CLIENT] bvr-filter id=78 reason=canRenderEntity_false dist=8.8 class=net.minecraft.entity.player.EntityPlayerMP
[2026-04-25 16:50:05.294][CLIENT] bvr-filter id=79 reason=canRenderEntity_false dist=0.0 class=mcheli.plane.MCP_EntityPlane
[2026-04-25 16:50:05.294][CLIENT] bvr-scan acId=79 total=3 rendered=0 skipCan=3 skipJam=0 skipVisible=0 skipMslRange=0 skipName=0 skipNear=0 selectedId=2253 trackingId=-1 fireLockId=-1 mslMax=4000.0
[2026-04-25 16:50:05.754][CLIENT] bvr-filter id=89 reason=canRenderEntity_false dist=83.7 class=mcheli.tank.MCH_EntityTank
[2026-04-25 16:50:05.754][CLIENT] bvr-filter id=78 reason=canRenderEntity_false dist=8.8 class=net.minecraft.entity.player.EntityPlayerMP
[2026-04-25 16:50:05.754][CLIENT] bvr-filter id=79 reason=canRenderEntity_false dist=0.0 class=mcheli.plane.MCP_EntityPlane
[2026-04-25 16:50:05.754][CLIENT] bvr-scan acId=79 total=3 rendered=0 skipCan=3 skipJam=0 skipVisible=0 skipMslRange=0 skipName=0 skipNear=0 selectedId=2253 trackingId=-1 fireLockId=-1 mslMax=4000.0
[2026-04-25 16:50:05.762][CLIENT] bvr-filter id=89 reason=canRenderEntity_false dist=83.7 class=mcheli.tank.MCH_EntityTank
[2026-04-25 16:50:05.762][CLIENT] bvr-filter id=78 reason=canRenderEntity_false dist=8.8 class=net.minecraft.entity.player.EntityPlayerMP
[2026-04-25 16:50:05.762][CLIENT] bvr-filter id=79 reason=canRenderEntity_false dist=0.0 class=mcheli.plane.MCP_EntityPlane
[2026-04-25 16:50:05.762][CLIENT] bvr-scan acId=79 total=3 rendered=0 skipCan=3 skipJam=0 skipVisible=0 skipMslRange=0 skipName=0 skipNear=0 selectedId=2253 trackingId=-1 fireLockId=-1 mslMax=4000.0
[2026-04-25 16:50:05.769][CLIENT] bvr-filter id=89 reason=canRenderEntity_false dist=83.7 class=mcheli.tank.MCH_EntityTank
[2026-04-25 16:50:05.769][CLIENT] bvr-filter id=78 reason=canRenderEntity_false dist=8.8 class=net.minecraft.entity.player.EntityPlayerMP
[2026-04-25 16:50:05.769][CLIENT] bvr-filter id=79 reason=canRenderEntity_false dist=0.0 class=mcheli.plane.MCP_EntityPlane
[2026-04-25 16:50:05.769][CLIENT] bvr-scan acId=79 total=3 rendered=0 skipCan=3 skipJam=0 skipVisible=0 skipMslRange=0 skipName=0 skipNear=0 selectedId=2253 trackingId=-1 fireLockId=-1 mslMax=4000.0
[2026-04-25 16:50:05.776][CLIENT] bvr-filter id=89 reason=canRenderEntity_false dist=83.7 class=mcheli.tank.MCH_EntityTank
[2026-04-25 16:50:05.776][CLIENT] bvr-filter id=78 reason=canRenderEntity_false dist=8.8 class=net.minecraft.entity.player.EntityPlayerMP
[2026-04-25 16:50:05.776][CLIENT] bvr-filter id=79 reason=canRenderEntity_false dist=0.0 class=mcheli.plane.MCP_EntityPlane
[2026-04-25 16:50:05.776][CLIENT] bvr-scan acId=79 total=3 rendered=0 skipCan=3 skipJam=0 skipVisible=0 skipMslRange=0 skipName=0 skipNear=0 selectedId=2253 trackingId=-1 fireLockId=-1 mslMax=4000.0
[2026-04-25 16:50:05.783][CLIENT] bvr-filter id=89 reason=canRenderEntity_false dist=83.7 class=mcheli.tank.MCH_EntityTank
[2026-04-25 16:50:05.783][CLIENT] bvr-filter id=78 reason=canRenderEntity_false dist=8.8 class=net.minecraft.entity.player.EntityPlayerMP
[2026-04-25 16:50:05.783][CLIENT] bvr-filter id=79 reason=canRenderEntity_false dist=0.0 class=mcheli.plane.MCP_EntityPlane
[2026-04-25 16:50:05.783][CLIENT] bvr-scan acId=79 total=3 rendered=0 skipCan=3 skipJam=0 skipVisible=0 skipMslRange=0 skipName=0 skipNear=0 selectedId=2253 trackingId=-1 fireLockId=-1 mslMax=4000.0
[2026-04-25 16:50:05.790][CLIENT] bvr-filter id=89 reason=canRenderEntity_false dist=83.7 class=mcheli.tank.MCH_EntityTank
[2026-04-25 16:50:05.790][CLIENT] bvr-filter id=78 reason=canRenderEntity_false dist=8.8 class=net.minecraft.entity.player.EntityPlayerMP
[2026-04-25 16:50:05.790][CLIENT] bvr-filter id=79 reason=canRenderEntity_false dist=0.0 class=mcheli.plane.MCP_EntityPlane
[2026-04-25 16:50:05.790][CLIENT] bvr-scan acId=79 total=3 rendered=0 skipCan=3 skipJam=0 skipVisible=0 skipMslRange=0 skipName=0 skipNear=0 selectedId=2253 trackingId=-1 fireLockId=-1 mslMax=4000.0
[2026-04-25 16:50:05.797][CLIENT] bvr-filter id=89 reason=canRenderEntity_false dist=83.7 class=mcheli.tank.MCH_EntityTank
[2026-04-25 16:50:05.797][CLIENT] bvr-filter id=78 reason=canRenderEntity_false dist=8.8 class=net.minecraft.entity.player.EntityPlayerMP
[2026-04-25 16:50:05.797][CLIENT] bvr-filter id=79 reason=canRenderEntity_false dist=0.0 class=mcheli.plane.MCP_EntityPlane
[2026-04-25 16:50:05.797][CLIENT] bvr-scan acId=79 total=3 rendered=0 skipCan=3 skipJam=0 skipVisible=0 skipMslRange=0 skipName=0 skipNear=0 selectedId=2253 trackingId=-1 fireLockId=-1 mslMax=4000.0
[2026-04-25 16:50:06.257][CLIENT] bvr-filter id=89 reason=canRenderEntity_false dist=83.7 class=mcheli.tank.MCH_EntityTank
[2026-04-25 16:50:06.257][CLIENT] bvr-filter id=78 reason=canRenderEntity_false dist=8.8 class=net.minecraft.entity.player.EntityPlayerMP
[2026-04-25 16:50:06.257][CLIENT] bvr-filter id=79 reason=canRenderEntity_false dist=0.0 class=mcheli.plane.MCP_EntityPlane
[2026-04-25 16:50:06.257][CLIENT] bvr-scan acId=79 total=3 rendered=0 skipCan=3 skipJam=0 skipVisible=0 skipMslRange=0 skipName=0 skipNear=0 selectedId=2253 trackingId=-1 fireLockId=-1 mslMax=4000.0
[2026-04-25 16:50:06.265][CLIENT] bvr-filter id=89 reason=canRenderEntity_false dist=83.7 class=mcheli.tank.MCH_EntityTank
[2026-04-25 16:50:06.265][CLIENT] bvr-filter id=78 reason=canRenderEntity_false dist=8.8 class=net.minecraft.entity.player.EntityPlayerMP
[2026-04-25 16:50:06.265][CLIENT] bvr-filter id=79 reason=canRenderEntity_false dist=0.0 class=mcheli.plane.MCP_EntityPlane
[2026-04-25 16:50:06.265][CLIENT] bvr-scan acId=79 total=3 rendered=0 skipCan=3 skipJam=0 skipVisible=0 skipMslRange=0 skipName=0 skipNear=0 selectedId=2253 trackingId=-1 fireLockId=-1 mslMax=4000.0
[2026-04-25 16:50:06.272][CLIENT] bvr-filter id=89 reason=canRenderEntity_false dist=83.7 class=mcheli.tank.MCH_EntityTank
[2026-04-25 16:50:06.272][CLIENT] bvr-filter id=78 reason=canRenderEntity_false dist=8.8 class=net.minecraft.entity.player.EntityPlayerMP
[2026-04-25 16:50:06.272][CLIENT] bvr-filter id=79 reason=canRenderEntity_false dist=0.0 class=mcheli.plane.MCP_EntityPlane
[2026-04-25 16:50:06.272][CLIENT] bvr-scan acId=79 total=3 rendered=0 skipCan=3 skipJam=0 skipVisible=0 skipMslRange=0 skipName=0 skipNear=0 selectedId=2253 trackingId=-1 fireLockId=-1 mslMax=4000.0
[2026-04-25 16:50:06.279][CLIENT] bvr-filter id=89 reason=canRenderEntity_false dist=83.7 class=mcheli.tank.MCH_EntityTank
[2026-04-25 16:50:06.279][CLIENT] bvr-filter id=78 reason=canRenderEntity_false dist=8.8 class=net.minecraft.entity.player.EntityPlayerMP
[2026-04-25 16:50:06.279][CLIENT] bvr-filter id=79 reason=canRenderEntity_false dist=0.0 class=mcheli.plane.MCP_EntityPlane
[2026-04-25 16:50:06.279][CLIENT] bvr-scan acId=79 total=3 rendered=0 skipCan=3 skipJam=0 skipVisible=0 skipMslRange=0 skipName=0 skipNear=0 selectedId=2253 trackingId=-1 fireLockId=-1 mslMax=4000.0
[2026-04-25 16:50:06.286][CLIENT] bvr-filter id=89 reason=canRenderEntity_false dist=83.7 class=mcheli.tank.MCH_EntityTank
[2026-04-25 16:50:06.286][CLIENT] bvr-filter id=78 reason=canRenderEntity_false dist=8.8 class=net.minecraft.entity.player.EntityPlayerMP
[2026-04-25 16:50:06.286][CLIENT] bvr-filter id=79 reason=canRenderEntity_false dist=0.0 class=mcheli.plane.MCP_EntityPlane
[2026-04-25 16:50:06.286][CLIENT] bvr-scan acId=79 total=3 rendered=0 skipCan=3 skipJam=0 skipVisible=0 skipMslRange=0 skipName=0 skipNear=0 selectedId=2253 trackingId=-1 fireLockId=-1 mslMax=4000.0
[2026-04-25 16:50:06.294][CLIENT] bvr-filter id=89 reason=canRenderEntity_false dist=83.7 class=mcheli.tank.MCH_EntityTank
[2026-04-25 16:50:06.294][CLIENT] bvr-filter id=78 reason=canRenderEntity_false dist=8.8 class=net.minecraft.entity.player.EntityPlayerMP
[2026-04-25 16:50:06.294][CLIENT] bvr-filter id=79 reason=canRenderEntity_false dist=0.0 class=mcheli.plane.MCP_EntityPlane
[2026-04-25 16:50:06.294][CLIENT] bvr-scan acId=79 total=3 rendered=0 skipCan=3 skipJam=0 skipVisible=0 skipMslRange=0 skipName=0 skipNear=0 selectedId=2253 trackingId=-1 fireLockId=-1 mslMax=4000.0
[2026-04-25 16:50:06.758][CLIENT] bvr-filter id=89 reason=canRenderEntity_false dist=83.7 class=mcheli.tank.MCH_EntityTank
[2026-04-25 16:50:06.758][CLIENT] bvr-filter id=78 reason=canRenderEntity_false dist=8.8 class=net.minecraft.entity.player.EntityPlayerMP
[2026-04-25 16:50:06.758][CLIENT] bvr-filter id=79 reason=canRenderEntity_false dist=0.0 class=mcheli.plane.MCP_EntityPlane
[2026-04-25 16:50:06.758][CLIENT] bvr-scan acId=79 total=3 rendered=0 skipCan=3 skipJam=0 skipVisible=0 skipMslRange=0 skipName=0 skipNear=0 selectedId=2253 trackingId=-1 fireLockId=-1 mslMax=4000.0
[2026-04-25 16:50:06.767][CLIENT] bvr-filter id=89 reason=canRenderEntity_false dist=83.7 class=mcheli.tank.MCH_EntityTank
[2026-04-25 16:50:06.767][CLIENT] bvr-filter id=78 reason=canRenderEntity_false dist=8.8 class=net.minecraft.entity.player.EntityPlayerMP
[2026-04-25 16:50:06.767][CLIENT] bvr-filter id=79 reason=canRenderEntity_false dist=0.0 class=mcheli.plane.MCP_EntityPlane
[2026-04-25 16:50:06.768][CLIENT] bvr-scan acId=79 total=3 rendered=0 skipCan=3 skipJam=0 skipVisible=0 skipMslRange=0 skipName=0 skipNear=0 selectedId=2253 trackingId=-1 fireLockId=-1 mslMax=4000.0
[2026-04-25 16:50:06.778][CLIENT] bvr-filter id=89 reason=canRenderEntity_false dist=83.7 class=mcheli.tank.MCH_EntityTank
[2026-04-25 16:50:06.778][CLIENT] bvr-filter id=78 reason=canRenderEntity_false dist=8.8 class=net.minecraft.entity.player.EntityPlayerMP
[2026-04-25 16:50:06.778][CLIENT] bvr-filter id=79 reason=canRenderEntity_false dist=0.0 class=mcheli.plane.MCP_EntityPlane
[2026-04-25 16:50:06.778][CLIENT] bvr-scan acId=79 total=3 rendered=0 skipCan=3 skipJam=0 skipVisible=0 skipMslRange=0 skipName=0 skipNear=0 selectedId=2253 trackingId=-1 fireLockId=-1 mslMax=4000.0
[2026-04-25 16:50:06.788][CLIENT] bvr-filter id=89 reason=canRenderEntity_false dist=83.7 class=mcheli.tank.MCH_EntityTank
[2026-04-25 16:50:06.788][CLIENT] bvr-filter id=78 reason=canRenderEntity_false dist=8.8 class=net.minecraft.entity.player.EntityPlayerMP
[2026-04-25 16:50:06.788][CLIENT] bvr-filter id=79 reason=canRenderEntity_false dist=0.0 class=mcheli.plane.MCP_EntityPlane
[2026-04-25 16:50:06.788][CLIENT] bvr-scan acId=79 total=3 rendered=0 skipCan=3 skipJam=0 skipVisible=0 skipMslRange=0 skipName=0 skipNear=0 selectedId=2253 trackingId=-1 fireLockId=-1 mslMax=4000.0
[2026-04-25 16:50:06.797][CLIENT] bvr-filter id=89 reason=canRenderEntity_false dist=83.7 class=mcheli.tank.MCH_EntityTank
[2026-04-25 16:50:06.797][CLIENT] bvr-filter id=78 reason=canRenderEntity_false dist=8.8 class=net.minecraft.entity.player.EntityPlayerMP
[2026-04-25 16:50:06.797][CLIENT] bvr-filter id=79 reason=canRenderEntity_false dist=0.0 class=mcheli.plane.MCP_EntityPlane
[2026-04-25 16:50:06.797][CLIENT] bvr-scan acId=79 total=3 rendered=0 skipCan=3 skipJam=0 skipVisible=0 skipMslRange=0 skipName=0 skipNear=0 selectedId=2253 trackingId=-1 fireLockId=-1 mslMax=4000.0
[2026-04-25 16:50:07.251][CLIENT] bvr-filter id=89 reason=canRenderEntity_false dist=83.7 class=mcheli.tank.MCH_EntityTank
[2026-04-25 16:50:07.251][CLIENT] bvr-filter id=78 reason=canRenderEntity_false dist=8.8 class=net.minecraft.entity.player.EntityPlayerMP
[2026-04-25 16:50:07.251][CLIENT] bvr-filter id=79 reason=canRenderEntity_false dist=0.0 class=mcheli.plane.MCP_EntityPlane
[2026-04-25 16:50:07.251][CLIENT] bvr-scan acId=79 total=3 rendered=0 skipCan=3 skipJam=0 skipVisible=0 skipMslRange=0 skipName=0 skipNear=0 selectedId=2253 trackingId=-1 fireLockId=-1 mslMax=4000.0
[2026-04-25 16:50:07.259][CLIENT] bvr-filter id=89 reason=canRenderEntity_false dist=83.7 class=mcheli.tank.MCH_EntityTank
[2026-04-25 16:50:07.259][CLIENT] bvr-filter id=78 reason=canRenderEntity_false dist=8.8 class=net.minecraft.entity.player.EntityPlayerMP
[2026-04-25 16:50:07.259][CLIENT] bvr-filter id=79 reason=canRenderEntity_false dist=0.0 class=mcheli.plane.MCP_EntityPlane
[2026-04-25 16:50:07.259][CLIENT] bvr-scan acId=79 total=3 rendered=0 skipCan=3 skipJam=0 skipVisible=0 skipMslRange=0 skipName=0 skipNear=0 selectedId=2253 trackingId=-1 fireLockId=-1 mslMax=4000.0
[2026-04-25 16:50:07.267][CLIENT] bvr-filter id=89 reason=canRenderEntity_false dist=83.7 class=mcheli.tank.MCH_EntityTank
[2026-04-25 16:50:07.267][CLIENT] bvr-filter id=78 reason=canRenderEntity_false dist=8.8 class=net.minecraft.entity.player.EntityPlayerMP
[2026-04-25 16:50:07.267][CLIENT] bvr-filter id=79 reason=canRenderEntity_false dist=0.0 class=mcheli.plane.MCP_EntityPlane
[2026-04-25 16:50:07.267][CLIENT] bvr-scan acId=79 total=3 rendered=0 skipCan=3 skipJam=0 skipVisible=0 skipMslRange=0 skipName=0 skipNear=0 selectedId=2253 trackingId=-1 fireLockId=-1 mslMax=4000.0
[2026-04-25 16:50:07.276][CLIENT] bvr-filter id=89 reason=canRenderEntity_false dist=83.7 class=mcheli.tank.MCH_EntityTank
[2026-04-25 16:50:07.276][CLIENT] bvr-filter id=78 reason=canRenderEntity_false dist=8.8 class=net.minecraft.entity.player.EntityPlayerMP
[2026-04-25 16:50:07.276][CLIENT] bvr-filter id=79 reason=canRenderEntity_false dist=0.0 class=mcheli.plane.MCP_EntityPlane
[2026-04-25 16:50:07.276][CLIENT] bvr-scan acId=79 total=3 rendered=0 skipCan=3 skipJam=0 skipVisible=0 skipMslRange=0 skipName=0 skipNear=0 selectedId=2253 trackingId=-1 fireLockId=-1 mslMax=4000.0
[2026-04-25 16:50:07.285][CLIENT] bvr-filter id=89 reason=canRenderEntity_false dist=83.7 class=mcheli.tank.MCH_EntityTank
[2026-04-25 16:50:07.285][CLIENT] bvr-filter id=78 reason=canRenderEntity_false dist=8.8 class=net.minecraft.entity.player.EntityPlayerMP
[2026-04-25 16:50:07.285][CLIENT] bvr-filter id=79 reason=canRenderEntity_false dist=0.0 class=mcheli.plane.MCP_EntityPlane
[2026-04-25 16:50:07.285][CLIENT] bvr-scan acId=79 total=3 rendered=0 skipCan=3 skipJam=0 skipVisible=0 skipMslRange=0 skipName=0 skipNear=0 selectedId=2253 trackingId=-1 fireLockId=-1 mslMax=4000.0
[2026-04-25 16:50:07.293][CLIENT] bvr-filter id=89 reason=canRenderEntity_false dist=83.7 class=mcheli.tank.MCH_EntityTank
[2026-04-25 16:50:07.293][CLIENT] bvr-filter id=78 reason=canRenderEntity_false dist=8.8 class=net.minecraft.entity.player.EntityPlayerMP
[2026-04-25 16:50:07.293][CLIENT] bvr-filter id=79 reason=canRenderEntity_false dist=0.0 class=mcheli.plane.MCP_EntityPlane
[2026-04-25 16:50:07.293][CLIENT] bvr-scan acId=79 total=3 rendered=0 skipCan=3 skipJam=0 skipVisible=0 skipMslRange=0 skipName=0 skipNear=0 selectedId=2253 trackingId=-1 fireLockId=-1 mslMax=4000.0
[2026-04-25 16:50:07.755][CLIENT] bvr-filter id=89 reason=canRenderEntity_false dist=83.7 class=mcheli.tank.MCH_EntityTank
[2026-04-25 16:50:07.755][CLIENT] bvr-filter id=78 reason=canRenderEntity_false dist=8.8 class=net.minecraft.entity.player.EntityPlayerMP
[2026-04-25 16:50:07.755][CLIENT] bvr-filter id=79 reason=canRenderEntity_false dist=0.0 class=mcheli.plane.MCP_EntityPlane
[2026-04-25 16:50:07.755][CLIENT] bvr-scan acId=79 total=3 rendered=0 skipCan=3 skipJam=0 skipVisible=0 skipMslRange=0 skipName=0 skipNear=0 selectedId=2253 trackingId=-1 fireLockId=-1 mslMax=4000.0
[2026-04-25 16:50:07.762][CLIENT] bvr-filter id=89 reason=canRenderEntity_false dist=83.7 class=mcheli.tank.MCH_EntityTank
[2026-04-25 16:50:07.762][CLIENT] bvr-filter id=78 reason=canRenderEntity_false dist=8.8 class=net.minecraft.entity.player.EntityPlayerMP
[2026-04-25 16:50:07.762][CLIENT] bvr-filter id=79 reason=canRenderEntity_false dist=0.0 class=mcheli.plane.MCP_EntityPlane
[2026-04-25 16:50:07.762][CLIENT] bvr-scan acId=79 total=3 rendered=0 skipCan=3 skipJam=0 skipVisible=0 skipMslRange=0 skipName=0 skipNear=0 selectedId=2253 trackingId=-1 fireLockId=-1 mslMax=4000.0
[2026-04-25 16:50:07.770][CLIENT] bvr-filter id=89 reason=canRenderEntity_false dist=83.7 class=mcheli.tank.MCH_EntityTank
[2026-04-25 16:50:07.770][CLIENT] bvr-filter id=78 reason=canRenderEntity_false dist=8.8 class=net.minecraft.entity.player.EntityPlayerMP
[2026-04-25 16:50:07.770][CLIENT] bvr-filter id=79 reason=canRenderEntity_false dist=0.0 class=mcheli.plane.MCP_EntityPlane
[2026-04-25 16:50:07.770][CLIENT] bvr-scan acId=79 total=3 rendered=0 skipCan=3 skipJam=0 skipVisible=0 skipMslRange=0 skipName=0 skipNear=0 selectedId=2253 trackingId=-1 fireLockId=-1 mslMax=4000.0
[2026-04-25 16:50:07.777][CLIENT] bvr-filter id=89 reason=canRenderEntity_false dist=83.7 class=mcheli.tank.MCH_EntityTank
[2026-04-25 16:50:07.778][CLIENT] bvr-filter id=78 reason=canRenderEntity_false dist=8.8 class=net.minecraft.entity.player.EntityPlayerMP
[2026-04-25 16:50:07.778][CLIENT] bvr-filter id=79 reason=canRenderEntity_false dist=0.0 class=mcheli.plane.MCP_EntityPlane
[2026-04-25 16:50:07.778][CLIENT] bvr-scan acId=79 total=3 rendered=0 skipCan=3 skipJam=0 skipVisible=0 skipMslRange=0 skipName=0 skipNear=0 selectedId=2253 trackingId=-1 fireLockId=-1 mslMax=4000.0
[2026-04-25 16:50:07.785][CLIENT] bvr-filter id=89 reason=canRenderEntity_false dist=83.7 class=mcheli.tank.MCH_EntityTank
[2026-04-25 16:50:07.785][CLIENT] bvr-filter id=78 reason=canRenderEntity_false dist=8.8 class=net.minecraft.entity.player.EntityPlayerMP
[2026-04-25 16:50:07.785][CLIENT] bvr-filter id=79 reason=canRenderEntity_false dist=0.0 class=mcheli.plane.MCP_EntityPlane
[2026-04-25 16:50:07.785][CLIENT] bvr-scan acId=79 total=3 rendered=0 skipCan=3 skipJam=0 skipVisible=0 skipMslRange=0 skipName=0 skipNear=0 selectedId=2253 trackingId=-1 fireLockId=-1 mslMax=4000.0
[2026-04-25 16:50:07.793][CLIENT] bvr-filter id=89 reason=canRenderEntity_false dist=83.7 class=mcheli.tank.MCH_EntityTank
[2026-04-25 16:50:07.793][CLIENT] bvr-filter id=78 reason=canRenderEntity_false dist=8.8 class=net.minecraft.entity.player.EntityPlayerMP
[2026-04-25 16:50:07.793][CLIENT] bvr-filter id=79 reason=canRenderEntity_false dist=0.0 class=mcheli.plane.MCP_EntityPlane
[2026-04-25 16:50:07.793][CLIENT] bvr-scan acId=79 total=3 rendered=0 skipCan=3 skipJam=0 skipVisible=0 skipMslRange=0 skipName=0 skipNear=0 selectedId=2253 trackingId=-1 fireLockId=-1 mslMax=4000.0
[2026-04-25 16:50:08.253][CLIENT] bvr-filter id=89 reason=canRenderEntity_false dist=83.7 class=mcheli.tank.MCH_EntityTank
[2026-04-25 16:50:08.253][CLIENT] bvr-filter id=78 reason=canRenderEntity_false dist=8.8 class=net.minecraft.entity.player.EntityPlayerMP
[2026-04-25 16:50:08.253][CLIENT] bvr-filter id=79 reason=canRenderEntity_false dist=0.0 class=mcheli.plane.MCP_EntityPlane
[2026-04-25 16:50:08.253][CLIENT] bvr-scan acId=79 total=3 rendered=0 skipCan=3 skipJam=0 skipVisible=0 skipMslRange=0 skipName=0 skipNear=0 selectedId=2253 trackingId=-1 fireLockId=-1 mslMax=4000.0
[2026-04-25 16:50:08.260][CLIENT] bvr-filter id=89 reason=canRenderEntity_false dist=83.7 class=mcheli.tank.MCH_EntityTank
[2026-04-25 16:50:08.260][CLIENT] bvr-filter id=78 reason=canRenderEntity_false dist=8.8 class=net.minecraft.entity.player.EntityPlayerMP
[2026-04-25 16:50:08.260][CLIENT] bvr-filter id=79 reason=canRenderEntity_false dist=0.0 class=mcheli.plane.MCP_EntityPlane
[2026-04-25 16:50:08.260][CLIENT] bvr-scan acId=79 total=3 rendered=0 skipCan=3 skipJam=0 skipVisible=0 skipMslRange=0 skipName=0 skipNear=0 selectedId=2253 trackingId=-1 fireLockId=-1 mslMax=4000.0
[2026-04-25 16:50:08.268][CLIENT] bvr-filter id=89 reason=canRenderEntity_false dist=83.7 class=mcheli.tank.MCH_EntityTank
[2026-04-25 16:50:08.268][CLIENT] bvr-filter id=78 reason=canRenderEntity_false dist=8.8 class=net.minecraft.entity.player.EntityPlayerMP
[2026-04-25 16:50:08.268][CLIENT] bvr-filter id=79 reason=canRenderEntity_false dist=0.0 class=mcheli.plane.MCP_EntityPlane
[2026-04-25 16:50:08.268][CLIENT] bvr-scan acId=79 total=3 rendered=0 skipCan=3 skipJam=0 skipVisible=0 skipMslRange=0 skipName=0 skipNear=0 selectedId=2253 trackingId=-1 fireLockId=-1 mslMax=4000.0
[2026-04-25 16:50:08.278][CLIENT] bvr-filter id=89 reason=canRenderEntity_false dist=83.7 class=mcheli.tank.MCH_EntityTank
[2026-04-25 16:50:08.278][CLIENT] bvr-filter id=78 reason=canRenderEntity_false dist=8.8 class=net.minecraft.entity.player.EntityPlayerMP
[2026-04-25 16:50:08.278][CLIENT] bvr-filter id=79 reason=canRenderEntity_false dist=0.0 class=mcheli.plane.MCP_EntityPlane
[2026-04-25 16:50:08.278][CLIENT] bvr-scan acId=79 total=3 rendered=0 skipCan=3 skipJam=0 skipVisible=0 skipMslRange=0 skipName=0 skipNear=0 selectedId=2253 trackingId=-1 fireLockId=-1 mslMax=4000.0
[2026-04-25 16:50:08.285][CLIENT] bvr-filter id=89 reason=canRenderEntity_false dist=83.7 class=mcheli.tank.MCH_EntityTank
[2026-04-25 16:50:08.285][CLIENT] bvr-filter id=78 reason=canRenderEntity_false dist=8.8 class=net.minecraft.entity.player.EntityPlayerMP
[2026-04-25 16:50:08.285][CLIENT] bvr-filter id=79 reason=canRenderEntity_false dist=0.0 class=mcheli.plane.MCP_EntityPlane
[2026-04-25 16:50:08.285][CLIENT] bvr-scan acId=79 total=3 rendered=0 skipCan=3 skipJam=0 skipVisible=0 skipMslRange=0 skipName=0 skipNear=0 selectedId=2253 trackingId=-1 fireLockId=-1 mslMax=4000.0
[2026-04-25 16:50:08.293][CLIENT] bvr-filter id=89 reason=canRenderEntity_false dist=83.7 class=mcheli.tank.MCH_EntityTank
[2026-04-25 16:50:08.293][CLIENT] bvr-filter id=78 reason=canRenderEntity_false dist=8.8 class=net.minecraft.entity.player.EntityPlayerMP
[2026-04-25 16:50:08.293][CLIENT] bvr-filter id=79 reason=canRenderEntity_false dist=0.0 class=mcheli.plane.MCP_EntityPlane
[2026-04-25 16:50:08.293][CLIENT] bvr-scan acId=79 total=3 rendered=0 skipCan=3 skipJam=0 skipVisible=0 skipMslRange=0 skipName=0 skipNear=0 selectedId=2253 trackingId=-1 fireLockId=-1 mslMax=4000.0
[2026-04-25 16:50:08.754][CLIENT] bvr-filter id=89 reason=canRenderEntity_false dist=83.7 class=mcheli.tank.MCH_EntityTank
[2026-04-25 16:50:08.754][CLIENT] bvr-filter id=78 reason=canRenderEntity_false dist=8.8 class=net.minecraft.entity.player.EntityPlayerMP
[2026-04-25 16:50:08.754][CLIENT] bvr-filter id=79 reason=canRenderEntity_false dist=0.0 class=mcheli.plane.MCP_EntityPlane
[2026-04-25 16:50:08.754][CLIENT] bvr-scan acId=79 total=3 rendered=0 skipCan=3 skipJam=0 skipVisible=0 skipMslRange=0 skipName=0 skipNear=0 selectedId=2253 trackingId=-1 fireLockId=-1 mslMax=4000.0
[2026-04-25 16:50:08.761][CLIENT] bvr-filter id=89 reason=canRenderEntity_false dist=83.7 class=mcheli.tank.MCH_EntityTank
[2026-04-25 16:50:08.761][CLIENT] bvr-filter id=78 reason=canRenderEntity_false dist=8.8 class=net.minecraft.entity.player.EntityPlayerMP
[2026-04-25 16:50:08.761][CLIENT] bvr-filter id=79 reason=canRenderEntity_false dist=0.0 class=mcheli.plane.MCP_EntityPlane
[2026-04-25 16:50:08.761][CLIENT] bvr-scan acId=79 total=3 rendered=0 skipCan=3 skipJam=0 skipVisible=0 skipMslRange=0 skipName=0 skipNear=0 selectedId=2253 trackingId=-1 fireLockId=-1 mslMax=4000.0
[2026-04-25 16:50:08.768][CLIENT] bvr-filter id=89 reason=canRenderEntity_false dist=83.7 class=mcheli.tank.MCH_EntityTank
[2026-04-25 16:50:08.769][CLIENT] bvr-filter id=78 reason=canRenderEntity_false dist=8.8 class=net.minecraft.entity.player.EntityPlayerMP
[2026-04-25 16:50:08.769][CLIENT] bvr-filter id=79 reason=canRenderEntity_false dist=0.0 class=mcheli.plane.MCP_EntityPlane
[2026-04-25 16:50:08.769][CLIENT] bvr-scan acId=79 total=3 rendered=0 skipCan=3 skipJam=0 skipVisible=0 skipMslRange=0 skipName=0 skipNear=0 selectedId=2253 trackingId=-1 fireLockId=-1 mslMax=4000.0
[2026-04-25 16:50:08.776][CLIENT] bvr-filter id=89 reason=canRenderEntity_false dist=83.7 class=mcheli.tank.MCH_EntityTank
[2026-04-25 16:50:08.776][CLIENT] bvr-filter id=78 reason=canRenderEntity_false dist=8.8 class=net.minecraft.entity.player.EntityPlayerMP
[2026-04-25 16:50:08.776][CLIENT] bvr-filter id=79 reason=canRenderEntity_false dist=0.0 class=mcheli.plane.MCP_EntityPlane
[2026-04-25 16:50:08.776][CLIENT] bvr-scan acId=79 total=3 rendered=0 skipCan=3 skipJam=0 skipVisible=0 skipMslRange=0 skipName=0 skipNear=0 selectedId=2253 trackingId=-1 fireLockId=-1 mslMax=4000.0
[2026-04-25 16:50:08.782][CLIENT] bvr-filter id=89 reason=canRenderEntity_false dist=83.7 class=mcheli.tank.MCH_EntityTank
[2026-04-25 16:50:08.782][CLIENT] bvr-filter id=78 reason=canRenderEntity_false dist=8.8 class=net.minecraft.entity.player.EntityPlayerMP
[2026-04-25 16:50:08.782][CLIENT] bvr-filter id=79 reason=canRenderEntity_false dist=0.0 class=mcheli.plane.MCP_EntityPlane
[2026-04-25 16:50:08.782][CLIENT] bvr-scan acId=79 total=3 rendered=0 skipCan=3 skipJam=0 skipVisible=0 skipMslRange=0 skipName=0 skipNear=0 selectedId=2253 trackingId=-1 fireLockId=-1 mslMax=4000.0
[2026-04-25 16:50:08.788][CLIENT] bvr-filter id=89 reason=canRenderEntity_false dist=83.7 class=mcheli.tank.MCH_EntityTank
[2026-04-25 16:50:08.788][CLIENT] bvr-filter id=78 reason=canRenderEntity_false dist=8.8 class=net.minecraft.entity.player.EntityPlayerMP
[2026-04-25 16:50:08.788][CLIENT] bvr-filter id=79 reason=canRenderEntity_false dist=0.0 class=mcheli.plane.MCP_EntityPlane
[2026-04-25 16:50:08.788][CLIENT] bvr-scan acId=79 total=3 rendered=0 skipCan=3 skipJam=0 skipVisible=0 skipMslRange=0 skipName=0 skipNear=0 selectedId=2253 trackingId=-1 fireLockId=-1 mslMax=4000.0
[2026-04-25 16:50:08.794][CLIENT] bvr-filter id=89 reason=canRenderEntity_false dist=83.7 class=mcheli.tank.MCH_EntityTank
[2026-04-25 16:50:08.794][CLIENT] bvr-filter id=78 reason=canRenderEntity_false dist=8.8 class=net.minecraft.entity.player.EntityPlayerMP
[2026-04-25 16:50:08.794][CLIENT] bvr-filter id=79 reason=canRenderEntity_false dist=0.0 class=mcheli.plane.MCP_EntityPlane
[2026-04-25 16:50:08.794][CLIENT] bvr-scan acId=79 total=3 rendered=0 skipCan=3 skipJam=0 skipVisible=0 skipMslRange=0 skipName=0 skipNear=0 selectedId=2253 trackingId=-1 fireLockId=-1 mslMax=4000.0
[2026-04-25 16:50:09.252][CLIENT] bvr-filter id=89 reason=canRenderEntity_false dist=83.7 class=mcheli.tank.MCH_EntityTank
[2026-04-25 16:50:09.252][CLIENT] bvr-filter id=78 reason=canRenderEntity_false dist=8.8 class=net.minecraft.entity.player.EntityPlayerMP
[2026-04-25 16:50:09.252][CLIENT] bvr-filter id=79 reason=canRenderEntity_false dist=0.0 class=mcheli.plane.MCP_EntityPlane
[2026-04-25 16:50:09.252][CLIENT] bvr-scan acId=79 total=3 rendered=0 skipCan=3 skipJam=0 skipVisible=0 skipMslRange=0 skipName=0 skipNear=0 selectedId=2253 trackingId=-1 fireLockId=-1 mslMax=4000.0
[2026-04-25 16:50:09.259][CLIENT] bvr-filter id=89 reason=canRenderEntity_false dist=83.7 class=mcheli.tank.MCH_EntityTank
[2026-04-25 16:50:09.259][CLIENT] bvr-filter id=78 reason=canRenderEntity_false dist=8.8 class=net.minecraft.entity.player.EntityPlayerMP
[2026-04-25 16:50:09.259][CLIENT] bvr-filter id=79 reason=canRenderEntity_false dist=0.0 class=mcheli.plane.MCP_EntityPlane
[2026-04-25 16:50:09.259][CLIENT] bvr-scan acId=79 total=3 rendered=0 skipCan=3 skipJam=0 skipVisible=0 skipMslRange=0 skipName=0 skipNear=0 selectedId=2253 trackingId=-1 fireLockId=-1 mslMax=4000.0
[2026-04-25 16:50:09.268][CLIENT] bvr-filter id=89 reason=canRenderEntity_false dist=83.7 class=mcheli.tank.MCH_EntityTank
[2026-04-25 16:50:09.268][CLIENT] bvr-filter id=78 reason=canRenderEntity_false dist=8.8 class=net.minecraft.entity.player.EntityPlayerMP
[2026-04-25 16:50:09.268][CLIENT] bvr-filter id=79 reason=canRenderEntity_false dist=0.0 class=mcheli.plane.MCP_EntityPlane
[2026-04-25 16:50:09.268][CLIENT] bvr-scan acId=79 total=3 rendered=0 skipCan=3 skipJam=0 skipVisible=0 skipMslRange=0 skipName=0 skipNear=0 selectedId=2253 trackingId=-1 fireLockId=-1 mslMax=4000.0
[2026-04-25 16:50:09.276][CLIENT] bvr-filter id=89 reason=canRenderEntity_false dist=83.7 class=mcheli.tank.MCH_EntityTank
[2026-04-25 16:50:09.276][CLIENT] bvr-filter id=78 reason=canRenderEntity_false dist=8.8 class=net.minecraft.entity.player.EntityPlayerMP
[2026-04-25 16:50:09.276][CLIENT] bvr-filter id=79 reason=canRenderEntity_false dist=0.0 class=mcheli.plane.MCP_EntityPlane
[2026-04-25 16:50:09.276][CLIENT] bvr-scan acId=79 total=3 rendered=0 skipCan=3 skipJam=0 skipVisible=0 skipMslRange=0 skipName=0 skipNear=0 selectedId=2253 trackingId=-1 fireLockId=-1 mslMax=4000.0
[2026-04-25 16:50:09.284][CLIENT] bvr-filter id=89 reason=canRenderEntity_false dist=83.7 class=mcheli.tank.MCH_EntityTank
[2026-04-25 16:50:09.284][CLIENT] bvr-filter id=78 reason=canRenderEntity_false dist=8.8 class=net.minecraft.entity.player.EntityPlayerMP
[2026-04-25 16:50:09.284][CLIENT] bvr-filter id=79 reason=canRenderEntity_false dist=0.0 class=mcheli.plane.MCP_EntityPlane
[2026-04-25 16:50:09.284][CLIENT] bvr-scan acId=79 total=3 rendered=0 skipCan=3 skipJam=0 skipVisible=0 skipMslRange=0 skipName=0 skipNear=0 selectedId=2253 trackingId=-1 fireLockId=-1 mslMax=4000.0
[2026-04-25 16:50:09.291][CLIENT] bvr-filter id=89 reason=canRenderEntity_false dist=83.7 class=mcheli.tank.MCH_EntityTank
[2026-04-25 16:50:09.291][CLIENT] bvr-filter id=78 reason=canRenderEntity_false dist=8.8 class=net.minecraft.entity.player.EntityPlayerMP
[2026-04-25 16:50:09.291][CLIENT] bvr-filter id=79 reason=canRenderEntity_false dist=0.0 class=mcheli.plane.MCP_EntityPlane
[2026-04-25 16:50:09.291][CLIENT] bvr-scan acId=79 total=3 rendered=0 skipCan=3 skipJam=0 skipVisible=0 skipMslRange=0 skipName=0 skipNear=0 selectedId=2253 trackingId=-1 fireLockId=-1 mslMax=4000.0
[2026-04-25 16:50:09.299][CLIENT] bvr-filter id=89 reason=canRenderEntity_false dist=83.7 class=mcheli.tank.MCH_EntityTank
[2026-04-25 16:50:09.299][CLIENT] bvr-filter id=78 reason=canRenderEntity_false dist=8.8 class=net.minecraft.entity.player.EntityPlayerMP
[2026-04-25 16:50:09.299][CLIENT] bvr-filter id=79 reason=canRenderEntity_false dist=0.0 class=mcheli.plane.MCP_EntityPlane
[2026-04-25 16:50:09.299][CLIENT] bvr-scan acId=79 total=3 rendered=0 skipCan=3 skipJam=0 skipVisible=0 skipMslRange=0 skipName=0 skipNear=0 selectedId=2253 trackingId=-1 fireLockId=-1 mslMax=4000.0
[2026-04-25 16:50:09.756][CLIENT] bvr-filter id=89 reason=canRenderEntity_false dist=83.7 class=mcheli.tank.MCH_EntityTank
[2026-04-25 16:50:09.756][CLIENT] bvr-filter id=78 reason=canRenderEntity_false dist=8.8 class=net.minecraft.entity.player.EntityPlayerMP
[2026-04-25 16:50:09.756][CLIENT] bvr-filter id=79 reason=canRenderEntity_false dist=0.0 class=mcheli.plane.MCP_EntityPlane
[2026-04-25 16:50:09.756][CLIENT] bvr-scan acId=79 total=3 rendered=0 skipCan=3 skipJam=0 skipVisible=0 skipMslRange=0 skipName=0 skipNear=0 selectedId=2253 trackingId=-1 fireLockId=-1 mslMax=4000.0
[2026-04-25 16:50:09.764][CLIENT] bvr-filter id=89 reason=canRenderEntity_false dist=83.7 class=mcheli.tank.MCH_EntityTank
[2026-04-25 16:50:09.764][CLIENT] bvr-filter id=78 reason=canRenderEntity_false dist=8.8 class=net.minecraft.entity.player.EntityPlayerMP
[2026-04-25 16:50:09.764][CLIENT] bvr-filter id=79 reason=canRenderEntity_false dist=0.0 class=mcheli.plane.MCP_EntityPlane
[2026-04-25 16:50:09.764][CLIENT] bvr-scan acId=79 total=3 rendered=0 skipCan=3 skipJam=0 skipVisible=0 skipMslRange=0 skipName=0 skipNear=0 selectedId=2253 trackingId=-1 fireLockId=-1 mslMax=4000.0
[2026-04-25 16:50:09.772][CLIENT] bvr-filter id=89 reason=canRenderEntity_false dist=83.7 class=mcheli.tank.MCH_EntityTank
[2026-04-25 16:50:09.772][CLIENT] bvr-filter id=78 reason=canRenderEntity_false dist=8.8 class=net.minecraft.entity.player.EntityPlayerMP
[2026-04-25 16:50:09.772][CLIENT] bvr-filter id=79 reason=canRenderEntity_false dist=0.0 class=mcheli.plane.MCP_EntityPlane
[2026-04-25 16:50:09.772][CLIENT] bvr-scan acId=79 total=3 rendered=0 skipCan=3 skipJam=0 skipVisible=0 skipMslRange=0 skipName=0 skipNear=0 selectedId=2253 trackingId=-1 fireLockId=-1 mslMax=4000.0
[2026-04-25 16:50:09.781][CLIENT] bvr-filter id=89 reason=canRenderEntity_false dist=83.7 class=mcheli.tank.MCH_EntityTank
[2026-04-25 16:50:09.781][CLIENT] bvr-filter id=78 reason=canRenderEntity_false dist=8.8 class=net.minecraft.entity.player.EntityPlayerMP
[2026-04-25 16:50:09.781][CLIENT] bvr-filter id=79 reason=canRenderEntity_false dist=0.0 class=mcheli.plane.MCP_EntityPlane
[2026-04-25 16:50:09.781][CLIENT] bvr-scan acId=79 total=3 rendered=0 skipCan=3 skipJam=0 skipVisible=0 skipMslRange=0 skipName=0 skipNear=0 selectedId=2253 trackingId=-1 fireLockId=-1 mslMax=4000.0
[2026-04-25 16:50:09.800][CLIENT] bvr-filter id=89 reason=canRenderEntity_false dist=83.7 class=mcheli.tank.MCH_EntityTank
[2026-04-25 16:50:09.800][CLIENT] bvr-filter id=78 reason=canRenderEntity_false dist=8.8 class=net.minecraft.entity.player.EntityPlayerMP
[2026-04-25 16:50:09.800][CLIENT] bvr-filter id=79 reason=canRenderEntity_false dist=0.0 class=mcheli.plane.MCP_EntityPlane
[2026-04-25 16:50:09.800][CLIENT] bvr-scan acId=79 total=3 rendered=0 skipCan=3 skipJam=0 skipVisible=0 skipMslRange=0 skipName=0 skipNear=0 selectedId=2253 trackingId=-1 fireLockId=-1 mslMax=4000.0
[2026-04-25 16:50:10.252][CLIENT] bvr-filter id=89 reason=canRenderEntity_false dist=83.7 class=mcheli.tank.MCH_EntityTank
[2026-04-25 16:50:10.252][CLIENT] bvr-filter id=78 reason=canRenderEntity_false dist=8.8 class=net.minecraft.entity.player.EntityPlayerMP
[2026-04-25 16:50:10.252][CLIENT] bvr-filter id=79 reason=canRenderEntity_false dist=0.0 class=mcheli.plane.MCP_EntityPlane
[2026-04-25 16:50:10.252][CLIENT] bvr-scan acId=79 total=3 rendered=0 skipCan=3 skipJam=0 skipVisible=0 skipMslRange=0 skipName=0 skipNear=0 selectedId=2253 trackingId=-1 fireLockId=-1 mslMax=4000.0
[2026-04-25 16:50:10.260][CLIENT] bvr-filter id=89 reason=canRenderEntity_false dist=83.7 class=mcheli.tank.MCH_EntityTank
[2026-04-25 16:50:10.260][CLIENT] bvr-filter id=78 reason=canRenderEntity_false dist=8.8 class=net.minecraft.entity.player.EntityPlayerMP
[2026-04-25 16:50:10.260][CLIENT] bvr-filter id=79 reason=canRenderEntity_false dist=0.0 class=mcheli.plane.MCP_EntityPlane
[2026-04-25 16:50:10.260][CLIENT] bvr-scan acId=79 total=3 rendered=0 skipCan=3 skipJam=0 skipVisible=0 skipMslRange=0 skipName=0 skipNear=0 selectedId=2253 trackingId=-1 fireLockId=-1 mslMax=4000.0
[2026-04-25 16:50:10.267][CLIENT] bvr-filter id=89 reason=canRenderEntity_false dist=83.7 class=mcheli.tank.MCH_EntityTank
[2026-04-25 16:50:10.267][CLIENT] bvr-filter id=78 reason=canRenderEntity_false dist=8.8 class=net.minecraft.entity.player.EntityPlayerMP
[2026-04-25 16:50:10.267][CLIENT] bvr-filter id=79 reason=canRenderEntity_false dist=0.0 class=mcheli.plane.MCP_EntityPlane
[2026-04-25 16:50:10.267][CLIENT] bvr-scan acId=79 total=3 rendered=0 skipCan=3 skipJam=0 skipVisible=0 skipMslRange=0 skipName=0 skipNear=0 selectedId=2253 trackingId=-1 fireLockId=-1 mslMax=4000.0
[2026-04-25 16:50:10.276][CLIENT] bvr-filter id=89 reason=canRenderEntity_false dist=83.7 class=mcheli.tank.MCH_EntityTank
[2026-04-25 16:50:10.276][CLIENT] bvr-filter id=78 reason=canRenderEntity_false dist=8.8 class=net.minecraft.entity.player.EntityPlayerMP
[2026-04-25 16:50:10.276][CLIENT] bvr-filter id=79 reason=canRenderEntity_false dist=0.0 class=mcheli.plane.MCP_EntityPlane
[2026-04-25 16:50:10.276][CLIENT] bvr-scan acId=79 total=3 rendered=0 skipCan=3 skipJam=0 skipVisible=0 skipMslRange=0 skipName=0 skipNear=0 selectedId=2253 trackingId=-1 fireLockId=-1 mslMax=4000.0
[2026-04-25 16:50:10.283][CLIENT] bvr-filter id=89 reason=canRenderEntity_false dist=83.7 class=mcheli.tank.MCH_EntityTank
[2026-04-25 16:50:10.283][CLIENT] bvr-filter id=78 reason=canRenderEntity_false dist=8.8 class=net.minecraft.entity.player.EntityPlayerMP
[2026-04-25 16:50:10.283][CLIENT] bvr-filter id=79 reason=canRenderEntity_false dist=0.0 class=mcheli.plane.MCP_EntityPlane
[2026-04-25 16:50:10.283][CLIENT] bvr-scan acId=79 total=3 rendered=0 skipCan=3 skipJam=0 skipVisible=0 skipMslRange=0 skipName=0 skipNear=0 selectedId=2253 trackingId=-1 fireLockId=-1 mslMax=4000.0
[2026-04-25 16:50:10.290][CLIENT] bvr-filter id=89 reason=canRenderEntity_false dist=83.7 class=mcheli.tank.MCH_EntityTank
[2026-04-25 16:50:10.290][CLIENT] bvr-filter id=78 reason=canRenderEntity_false dist=8.8 class=net.minecraft.entity.player.EntityPlayerMP
[2026-04-25 16:50:10.290][CLIENT] bvr-filter id=79 reason=canRenderEntity_false dist=0.0 class=mcheli.plane.MCP_EntityPlane
[2026-04-25 16:50:10.290][CLIENT] bvr-scan acId=79 total=3 rendered=0 skipCan=3 skipJam=0 skipVisible=0 skipMslRange=0 skipName=0 skipNear=0 selectedId=2253 trackingId=-1 fireLockId=-1 mslMax=4000.0
[2026-04-25 16:50:10.296][CLIENT] bvr-filter id=89 reason=canRenderEntity_false dist=83.7 class=mcheli.tank.MCH_EntityTank
[2026-04-25 16:50:10.296][CLIENT] bvr-filter id=78 reason=canRenderEntity_false dist=8.8 class=net.minecraft.entity.player.EntityPlayerMP
[2026-04-25 16:50:10.296][CLIENT] bvr-filter id=79 reason=canRenderEntity_false dist=0.0 class=mcheli.plane.MCP_EntityPlane
[2026-04-25 16:50:10.296][CLIENT] bvr-scan acId=79 total=3 rendered=0 skipCan=3 skipJam=0 skipVisible=0 skipMslRange=0 skipName=0 skipNear=0 selectedId=2253 trackingId=-1 fireLockId=-1 mslMax=4000.0
[2026-04-25 16:50:10.754][CLIENT] bvr-filter id=89 reason=canRenderEntity_false dist=83.7 class=mcheli.tank.MCH_EntityTank
[2026-04-25 16:50:10.754][CLIENT] bvr-filter id=78 reason=canRenderEntity_false dist=8.8 class=net.minecraft.entity.player.EntityPlayerMP
[2026-04-25 16:50:10.754][CLIENT] bvr-filter id=79 reason=canRenderEntity_false dist=0.0 class=mcheli.plane.MCP_EntityPlane
[2026-04-25 16:50:10.754][CLIENT] bvr-scan acId=79 total=3 rendered=0 skipCan=3 skipJam=0 skipVisible=0 skipMslRange=0 skipName=0 skipNear=0 selectedId=2253 trackingId=-1 fireLockId=-1 mslMax=4000.0
[2026-04-25 16:50:10.761][CLIENT] bvr-filter id=89 reason=canRenderEntity_false dist=83.7 class=mcheli.tank.MCH_EntityTank
[2026-04-25 16:50:10.761][CLIENT] bvr-filter id=78 reason=canRenderEntity_false dist=8.8 class=net.minecraft.entity.player.EntityPlayerMP
[2026-04-25 16:50:10.761][CLIENT] bvr-filter id=79 reason=canRenderEntity_false dist=0.0 class=mcheli.plane.MCP_EntityPlane
[2026-04-25 16:50:10.761][CLIENT] bvr-scan acId=79 total=3 rendered=0 skipCan=3 skipJam=0 skipVisible=0 skipMslRange=0 skipName=0 skipNear=0 selectedId=2253 trackingId=-1 fireLockId=-1 mslMax=4000.0
[2026-04-25 16:50:10.768][CLIENT] bvr-filter id=89 reason=canRenderEntity_false dist=83.7 class=mcheli.tank.MCH_EntityTank
[2026-04-25 16:50:10.768][CLIENT] bvr-filter id=78 reason=canRenderEntity_false dist=8.8 class=net.minecraft.entity.player.EntityPlayerMP
[2026-04-25 16:50:10.768][CLIENT] bvr-filter id=79 reason=canRenderEntity_false dist=0.0 class=mcheli.plane.MCP_EntityPlane
[2026-04-25 16:50:10.768][CLIENT] bvr-scan acId=79 total=3 rendered=0 skipCan=3 skipJam=0 skipVisible=0 skipMslRange=0 skipName=0 skipNear=0 selectedId=2253 trackingId=-1 fireLockId=-1 mslMax=4000.0
[2026-04-25 16:50:10.775][CLIENT] bvr-filter id=89 reason=canRenderEntity_false dist=83.7 class=mcheli.tank.MCH_EntityTank
[2026-04-25 16:50:10.775][CLIENT] bvr-filter id=78 reason=canRenderEntity_false dist=8.8 class=net.minecraft.entity.player.EntityPlayerMP
[2026-04-25 16:50:10.775][CLIENT] bvr-filter id=79 reason=canRenderEntity_false dist=0.0 class=mcheli.plane.MCP_EntityPlane
[2026-04-25 16:50:10.775][CLIENT] bvr-scan acId=79 total=3 rendered=0 skipCan=3 skipJam=0 skipVisible=0 skipMslRange=0 skipName=0 skipNear=0 selectedId=2253 trackingId=-1 fireLockId=-1 mslMax=4000.0
[2026-04-25 16:50:10.782][CLIENT] bvr-filter id=89 reason=canRenderEntity_false dist=83.7 class=mcheli.tank.MCH_EntityTank
[2026-04-25 16:50:10.783][CLIENT] bvr-filter id=78 reason=canRenderEntity_false dist=8.8 class=net.minecraft.entity.player.EntityPlayerMP
[2026-04-25 16:50:10.783][CLIENT] bvr-filter id=79 reason=canRenderEntity_false dist=0.0 class=mcheli.plane.MCP_EntityPlane
[2026-04-25 16:50:10.783][CLIENT] bvr-scan acId=79 total=3 rendered=0 skipCan=3 skipJam=0 skipVisible=0 skipMslRange=0 skipName=0 skipNear=0 selectedId=2253 trackingId=-1 fireLockId=-1 mslMax=4000.0
[2026-04-25 16:50:10.790][CLIENT] bvr-filter id=89 reason=canRenderEntity_false dist=83.7 class=mcheli.tank.MCH_EntityTank
[2026-04-25 16:50:10.790][CLIENT] bvr-filter id=78 reason=canRenderEntity_false dist=8.8 class=net.minecraft.entity.player.EntityPlayerMP
[2026-04-25 16:50:10.790][CLIENT] bvr-filter id=79 reason=canRenderEntity_false dist=0.0 class=mcheli.plane.MCP_EntityPlane
[2026-04-25 16:50:10.790][CLIENT] bvr-scan acId=79 total=3 rendered=0 skipCan=3 skipJam=0 skipVisible=0 skipMslRange=0 skipName=0 skipNear=0 selectedId=2253 trackingId=-1 fireLockId=-1 mslMax=4000.0
[2026-04-25 16:50:10.797][CLIENT] bvr-filter id=89 reason=canRenderEntity_false dist=83.7 class=mcheli.tank.MCH_EntityTank
[2026-04-25 16:50:10.797][CLIENT] bvr-filter id=78 reason=canRenderEntity_false dist=8.8 class=net.minecraft.entity.player.EntityPlayerMP
[2026-04-25 16:50:10.797][CLIENT] bvr-filter id=79 reason=canRenderEntity_false dist=0.0 class=mcheli.plane.MCP_EntityPlane
[2026-04-25 16:50:10.797][CLIENT] bvr-scan acId=79 total=3 rendered=0 skipCan=3 skipJam=0 skipVisible=0 skipMslRange=0 skipName=0 skipNear=0 selectedId=2253 trackingId=-1 fireLockId=-1 mslMax=4000.0
[2026-04-25 16:50:11.253][CLIENT] bvr-filter id=89 reason=canRenderEntity_false dist=83.7 class=mcheli.tank.MCH_EntityTank
[2026-04-25 16:50:11.253][CLIENT] bvr-filter id=78 reason=canRenderEntity_false dist=8.8 class=net.minecraft.entity.player.EntityPlayerMP
[2026-04-25 16:50:11.253][CLIENT] bvr-filter id=79 reason=canRenderEntity_false dist=0.0 class=mcheli.plane.MCP_EntityPlane
[2026-04-25 16:50:11.253][CLIENT] bvr-scan acId=79 total=3 rendered=0 skipCan=3 skipJam=0 skipVisible=0 skipMslRange=0 skipName=0 skipNear=0 selectedId=2253 trackingId=-1 fireLockId=-1 mslMax=4000.0
[2026-04-25 16:50:11.259][CLIENT] bvr-filter id=89 reason=canRenderEntity_false dist=83.7 class=mcheli.tank.MCH_EntityTank
[2026-04-25 16:50:11.259][CLIENT] bvr-filter id=78 reason=canRenderEntity_false dist=8.8 class=net.minecraft.entity.player.EntityPlayerMP
[2026-04-25 16:50:11.259][CLIENT] bvr-filter id=79 reason=canRenderEntity_false dist=0.0 class=mcheli.plane.MCP_EntityPlane
[2026-04-25 16:50:11.259][CLIENT] bvr-scan acId=79 total=3 rendered=0 skipCan=3 skipJam=0 skipVisible=0 skipMslRange=0 skipName=0 skipNear=0 selectedId=2253 trackingId=-1 fireLockId=-1 mslMax=4000.0
[2026-04-25 16:50:11.265][CLIENT] bvr-filter id=89 reason=canRenderEntity_false dist=83.7 class=mcheli.tank.MCH_EntityTank
[2026-04-25 16:50:11.265][CLIENT] bvr-filter id=78 reason=canRenderEntity_false dist=8.8 class=net.minecraft.entity.player.EntityPlayerMP
[2026-04-25 16:50:11.265][CLIENT] bvr-filter id=79 reason=canRenderEntity_false dist=0.0 class=mcheli.plane.MCP_EntityPlane
[2026-04-25 16:50:11.265][CLIENT] bvr-scan acId=79 total=3 rendered=0 skipCan=3 skipJam=0 skipVisible=0 skipMslRange=0 skipName=0 skipNear=0 selectedId=2253 trackingId=-1 fireLockId=-1 mslMax=4000.0
[2026-04-25 16:50:11.272][CLIENT] bvr-filter id=89 reason=canRenderEntity_false dist=83.7 class=mcheli.tank.MCH_EntityTank
[2026-04-25 16:50:11.272][CLIENT] bvr-filter id=78 reason=canRenderEntity_false dist=8.8 class=net.minecraft.entity.player.EntityPlayerMP
[2026-04-25 16:50:11.272][CLIENT] bvr-filter id=79 reason=canRenderEntity_false dist=0.0 class=mcheli.plane.MCP_EntityPlane
[2026-04-25 16:50:11.272][CLIENT] bvr-scan acId=79 total=3 rendered=0 skipCan=3 skipJam=0 skipVisible=0 skipMslRange=0 skipName=0 skipNear=0 selectedId=2253 trackingId=-1 fireLockId=-1 mslMax=4000.0
[2026-04-25 16:50:11.281][CLIENT] bvr-filter id=89 reason=canRenderEntity_false dist=83.7 class=mcheli.tank.MCH_EntityTank
[2026-04-25 16:50:11.281][CLIENT] bvr-filter id=78 reason=canRenderEntity_false dist=8.8 class=net.minecraft.entity.player.EntityPlayerMP
[2026-04-25 16:50:11.281][CLIENT] bvr-filter id=79 reason=canRenderEntity_false dist=0.0 class=mcheli.plane.MCP_EntityPlane
[2026-04-25 16:50:11.281][CLIENT] bvr-scan acId=79 total=3 rendered=0 skipCan=3 skipJam=0 skipVisible=0 skipMslRange=0 skipName=0 skipNear=0 selectedId=2253 trackingId=-1 fireLockId=-1 mslMax=4000.0
[2026-04-25 16:50:11.288][CLIENT] bvr-filter id=89 reason=canRenderEntity_false dist=83.7 class=mcheli.tank.MCH_EntityTank
[2026-04-25 16:50:11.288][CLIENT] bvr-filter id=78 reason=canRenderEntity_false dist=8.8 class=net.minecraft.entity.player.EntityPlayerMP
[2026-04-25 16:50:11.288][CLIENT] bvr-filter id=79 reason=canRenderEntity_false dist=0.0 class=mcheli.plane.MCP_EntityPlane
[2026-04-25 16:50:11.288][CLIENT] bvr-scan acId=79 total=3 rendered=0 skipCan=3 skipJam=0 skipVisible=0 skipMslRange=0 skipName=0 skipNear=0 selectedId=2253 trackingId=-1 fireLockId=-1 mslMax=4000.0
[2026-04-25 16:50:11.295][CLIENT] bvr-filter id=89 reason=canRenderEntity_false dist=83.7 class=mcheli.tank.MCH_EntityTank
[2026-04-25 16:50:11.295][CLIENT] bvr-filter id=78 reason=canRenderEntity_false dist=8.8 class=net.minecraft.entity.player.EntityPlayerMP
[2026-04-25 16:50:11.295][CLIENT] bvr-filter id=79 reason=canRenderEntity_false dist=0.0 class=mcheli.plane.MCP_EntityPlane
[2026-04-25 16:50:11.295][CLIENT] bvr-scan acId=79 total=3 rendered=0 skipCan=3 skipJam=0 skipVisible=0 skipMslRange=0 skipName=0 skipNear=0 selectedId=2253 trackingId=-1 fireLockId=-1 mslMax=4000.0
[2026-04-25 16:50:11.753][CLIENT] bvr-filter id=89 reason=canRenderEntity_false dist=83.7 class=mcheli.tank.MCH_EntityTank
[2026-04-25 16:50:11.753][CLIENT] bvr-filter id=78 reason=canRenderEntity_false dist=8.8 class=net.minecraft.entity.player.EntityPlayerMP
[2026-04-25 16:50:11.753][CLIENT] bvr-filter id=79 reason=canRenderEntity_false dist=0.0 class=mcheli.plane.MCP_EntityPlane
[2026-04-25 16:50:11.753][CLIENT] bvr-scan acId=79 total=3 rendered=0 skipCan=3 skipJam=0 skipVisible=0 skipMslRange=0 skipName=0 skipNear=0 selectedId=2253 trackingId=-1 fireLockId=-1 mslMax=4000.0
[2026-04-25 16:50:11.760][CLIENT] bvr-filter id=89 reason=canRenderEntity_false dist=83.7 class=mcheli.tank.MCH_EntityTank
[2026-04-25 16:50:11.761][CLIENT] bvr-filter id=78 reason=canRenderEntity_false dist=8.8 class=net.minecraft.entity.player.EntityPlayerMP
[2026-04-25 16:50:11.761][CLIENT] bvr-filter id=79 reason=canRenderEntity_false dist=0.0 class=mcheli.plane.MCP_EntityPlane
[2026-04-25 16:50:11.761][CLIENT] bvr-scan acId=79 total=3 rendered=0 skipCan=3 skipJam=0 skipVisible=0 skipMslRange=0 skipName=0 skipNear=0 selectedId=2253 trackingId=-1 fireLockId=-1 mslMax=4000.0
[2026-04-25 16:50:11.771][CLIENT] bvr-filter id=89 reason=canRenderEntity_false dist=83.7 class=mcheli.tank.MCH_EntityTank
[2026-04-25 16:50:11.771][CLIENT] bvr-filter id=78 reason=canRenderEntity_false dist=8.8 class=net.minecraft.entity.player.EntityPlayerMP
[2026-04-25 16:50:11.771][CLIENT] bvr-filter id=79 reason=canRenderEntity_false dist=0.0 class=mcheli.plane.MCP_EntityPlane
[2026-04-25 16:50:11.771][CLIENT] bvr-scan acId=79 total=3 rendered=0 skipCan=3 skipJam=0 skipVisible=0 skipMslRange=0 skipName=0 skipNear=0 selectedId=2253 trackingId=-1 fireLockId=-1 mslMax=4000.0
[2026-04-25 16:50:11.780][CLIENT] bvr-filter id=89 reason=canRenderEntity_false dist=83.7 class=mcheli.tank.MCH_EntityTank
[2026-04-25 16:50:11.780][CLIENT] bvr-filter id=78 reason=canRenderEntity_false dist=8.8 class=net.minecraft.entity.player.EntityPlayerMP
[2026-04-25 16:50:11.780][CLIENT] bvr-filter id=79 reason=canRenderEntity_false dist=0.0 class=mcheli.plane.MCP_EntityPlane
[2026-04-25 16:50:11.780][CLIENT] bvr-scan acId=79 total=3 rendered=0 skipCan=3 skipJam=0 skipVisible=0 skipMslRange=0 skipName=0 skipNear=0 selectedId=2253 trackingId=-1 fireLockId=-1 mslMax=4000.0
[2026-04-25 16:50:11.790][CLIENT] bvr-filter id=89 reason=canRenderEntity_false dist=83.7 class=mcheli.tank.MCH_EntityTank
[2026-04-25 16:50:11.791][CLIENT] bvr-filter id=78 reason=canRenderEntity_false dist=8.8 class=net.minecraft.entity.player.EntityPlayerMP
[2026-04-25 16:50:11.791][CLIENT] bvr-filter id=79 reason=canRenderEntity_false dist=0.0 class=mcheli.plane.MCP_EntityPlane
[2026-04-25 16:50:11.791][CLIENT] bvr-scan acId=79 total=3 rendered=0 skipCan=3 skipJam=0 skipVisible=0 skipMslRange=0 skipName=0 skipNear=0 selectedId=2253 trackingId=-1 fireLockId=-1 mslMax=4000.0
[2026-04-25 16:50:11.799][CLIENT] bvr-filter id=89 reason=canRenderEntity_false dist=83.7 class=mcheli.tank.MCH_EntityTank
[2026-04-25 16:50:11.799][CLIENT] bvr-filter id=78 reason=canRenderEntity_false dist=8.8 class=net.minecraft.entity.player.EntityPlayerMP
[2026-04-25 16:50:11.799][CLIENT] bvr-filter id=79 reason=canRenderEntity_false dist=0.0 class=mcheli.plane.MCP_EntityPlane
[2026-04-25 16:50:11.799][CLIENT] bvr-scan acId=79 total=3 rendered=0 skipCan=3 skipJam=0 skipVisible=0 skipMslRange=0 skipName=0 skipNear=0 selectedId=2253 trackingId=-1 fireLockId=-1 mslMax=4000.0
[2026-04-25 16:50:12.254][CLIENT] bvr-filter id=89 reason=canRenderEntity_false dist=83.7 class=mcheli.tank.MCH_EntityTank
[2026-04-25 16:50:12.254][CLIENT] bvr-filter id=78 reason=canRenderEntity_false dist=8.8 class=net.minecraft.entity.player.EntityPlayerMP
[2026-04-25 16:50:12.254][CLIENT] bvr-filter id=79 reason=canRenderEntity_false dist=0.0 class=mcheli.plane.MCP_EntityPlane
[2026-04-25 16:50:12.254][CLIENT] bvr-scan acId=79 total=3 rendered=0 skipCan=3 skipJam=0 skipVisible=0 skipMslRange=0 skipName=0 skipNear=0 selectedId=2253 trackingId=-1 fireLockId=-1 mslMax=4000.0
[2026-04-25 16:50:12.261][CLIENT] bvr-filter id=89 reason=canRenderEntity_false dist=83.7 class=mcheli.tank.MCH_EntityTank
[2026-04-25 16:50:12.261][CLIENT] bvr-filter id=78 reason=canRenderEntity_false dist=8.8 class=net.minecraft.entity.player.EntityPlayerMP
[2026-04-25 16:50:12.261][CLIENT] bvr-filter id=79 reason=canRenderEntity_false dist=0.0 class=mcheli.plane.MCP_EntityPlane
[2026-04-25 16:50:12.261][CLIENT] bvr-scan acId=79 total=3 rendered=0 skipCan=3 skipJam=0 skipVisible=0 skipMslRange=0 skipName=0 skipNear=0 selectedId=2253 trackingId=-1 fireLockId=-1 mslMax=4000.0
[2026-04-25 16:50:12.268][CLIENT] bvr-filter id=89 reason=canRenderEntity_false dist=83.7 class=mcheli.tank.MCH_EntityTank
[2026-04-25 16:50:12.268][CLIENT] bvr-filter id=78 reason=canRenderEntity_false dist=8.8 class=net.minecraft.entity.player.EntityPlayerMP
[2026-04-25 16:50:12.268][CLIENT] bvr-filter id=79 reason=canRenderEntity_false dist=0.0 class=mcheli.plane.MCP_EntityPlane
[2026-04-25 16:50:12.268][CLIENT] bvr-scan acId=79 total=3 rendered=0 skipCan=3 skipJam=0 skipVisible=0 skipMslRange=0 skipName=0 skipNear=0 selectedId=2253 trackingId=-1 fireLockId=-1 mslMax=4000.0
[2026-04-25 16:50:12.275][CLIENT] bvr-filter id=89 reason=canRenderEntity_false dist=83.7 class=mcheli.tank.MCH_EntityTank
[2026-04-25 16:50:12.275][CLIENT] bvr-filter id=78 reason=canRenderEntity_false dist=8.8 class=net.minecraft.entity.player.EntityPlayerMP
[2026-04-25 16:50:12.275][CLIENT] bvr-filter id=79 reason=canRenderEntity_false dist=0.0 class=mcheli.plane.MCP_EntityPlane
[2026-04-25 16:50:12.275][CLIENT] bvr-scan acId=79 total=3 rendered=0 skipCan=3 skipJam=0 skipVisible=0 skipMslRange=0 skipName=0 skipNear=0 selectedId=2253 trackingId=-1 fireLockId=-1 mslMax=4000.0
[2026-04-25 16:50:12.282][CLIENT] bvr-filter id=89 reason=canRenderEntity_false dist=83.7 class=mcheli.tank.MCH_EntityTank
[2026-04-25 16:50:12.282][CLIENT] bvr-filter id=78 reason=canRenderEntity_false dist=8.8 class=net.minecraft.entity.player.EntityPlayerMP
[2026-04-25 16:50:12.282][CLIENT] bvr-filter id=79 reason=canRenderEntity_false dist=0.0 class=mcheli.plane.MCP_EntityPlane
[2026-04-25 16:50:12.282][CLIENT] bvr-scan acId=79 total=3 rendered=0 skipCan=3 skipJam=0 skipVisible=0 skipMslRange=0 skipName=0 skipNear=0 selectedId=2253 trackingId=-1 fireLockId=-1 mslMax=4000.0
[2026-04-25 16:50:12.291][CLIENT] bvr-filter id=89 reason=canRenderEntity_false dist=83.7 class=mcheli.tank.MCH_EntityTank
[2026-04-25 16:50:12.292][CLIENT] bvr-filter id=78 reason=canRenderEntity_false dist=8.8 class=net.minecraft.entity.player.EntityPlayerMP
[2026-04-25 16:50:12.292][CLIENT] bvr-filter id=79 reason=canRenderEntity_false dist=0.0 class=mcheli.plane.MCP_EntityPlane
[2026-04-25 16:50:12.292][CLIENT] bvr-scan acId=79 total=3 rendered=0 skipCan=3 skipJam=0 skipVisible=0 skipMslRange=0 skipName=0 skipNear=0 selectedId=2253 trackingId=-1 fireLockId=-1 mslMax=4000.0
[2026-04-25 16:50:12.753][CLIENT] bvr-filter id=89 reason=canRenderEntity_false dist=83.7 class=mcheli.tank.MCH_EntityTank
[2026-04-25 16:50:12.753][CLIENT] bvr-filter id=78 reason=canRenderEntity_false dist=8.8 class=net.minecraft.entity.player.EntityPlayerMP
[2026-04-25 16:50:12.753][CLIENT] bvr-filter id=79 reason=canRenderEntity_false dist=0.0 class=mcheli.plane.MCP_EntityPlane
[2026-04-25 16:50:12.753][CLIENT] bvr-scan acId=79 total=3 rendered=0 skipCan=3 skipJam=0 skipVisible=0 skipMslRange=0 skipName=0 skipNear=0 selectedId=2253 trackingId=-1 fireLockId=-1 mslMax=4000.0
[2026-04-25 16:50:12.759][CLIENT] bvr-filter id=89 reason=canRenderEntity_false dist=83.7 class=mcheli.tank.MCH_EntityTank
[2026-04-25 16:50:12.759][CLIENT] bvr-filter id=78 reason=canRenderEntity_false dist=8.8 class=net.minecraft.entity.player.EntityPlayerMP
[2026-04-25 16:50:12.759][CLIENT] bvr-filter id=79 reason=canRenderEntity_false dist=0.0 class=mcheli.plane.MCP_EntityPlane
[2026-04-25 16:50:12.759][CLIENT] bvr-scan acId=79 total=3 rendered=0 skipCan=3 skipJam=0 skipVisible=0 skipMslRange=0 skipName=0 skipNear=0 selectedId=2253 trackingId=-1 fireLockId=-1 mslMax=4000.0
[2026-04-25 16:50:12.765][CLIENT] bvr-filter id=89 reason=canRenderEntity_false dist=83.7 class=mcheli.tank.MCH_EntityTank
[2026-04-25 16:50:12.765][CLIENT] bvr-filter id=78 reason=canRenderEntity_false dist=8.8 class=net.minecraft.entity.player.EntityPlayerMP
[2026-04-25 16:50:12.765][CLIENT] bvr-filter id=79 reason=canRenderEntity_false dist=0.0 class=mcheli.plane.MCP_EntityPlane
[2026-04-25 16:50:12.765][CLIENT] bvr-scan acId=79 total=3 rendered=0 skipCan=3 skipJam=0 skipVisible=0 skipMslRange=0 skipName=0 skipNear=0 selectedId=2253 trackingId=-1 fireLockId=-1 mslMax=4000.0
[2026-04-25 16:50:12.773][CLIENT] bvr-filter id=89 reason=canRenderEntity_false dist=83.7 class=mcheli.tank.MCH_EntityTank
[2026-04-25 16:50:12.773][CLIENT] bvr-filter id=78 reason=canRenderEntity_false dist=8.8 class=net.minecraft.entity.player.EntityPlayerMP
[2026-04-25 16:50:12.773][CLIENT] bvr-filter id=79 reason=canRenderEntity_false dist=0.0 class=mcheli.plane.MCP_EntityPlane
[2026-04-25 16:50:12.773][CLIENT] bvr-scan acId=79 total=3 rendered=0 skipCan=3 skipJam=0 skipVisible=0 skipMslRange=0 skipName=0 skipNear=0 selectedId=2253 trackingId=-1 fireLockId=-1 mslMax=4000.0
[2026-04-25 16:50:12.779][CLIENT] bvr-filter id=89 reason=canRenderEntity_false dist=83.7 class=mcheli.tank.MCH_EntityTank
[2026-04-25 16:50:12.780][CLIENT] bvr-filter id=78 reason=canRenderEntity_false dist=8.8 class=net.minecraft.entity.player.EntityPlayerMP
[2026-04-25 16:50:12.780][CLIENT] bvr-filter id=79 reason=canRenderEntity_false dist=0.0 class=mcheli.plane.MCP_EntityPlane
[2026-04-25 16:50:12.780][CLIENT] bvr-scan acId=79 total=3 rendered=0 skipCan=3 skipJam=0 skipVisible=0 skipMslRange=0 skipName=0 skipNear=0 selectedId=2253 trackingId=-1 fireLockId=-1 mslMax=4000.0
[2026-04-25 16:50:12.786][CLIENT] bvr-filter id=89 reason=canRenderEntity_false dist=83.7 class=mcheli.tank.MCH_EntityTank
[2026-04-25 16:50:12.786][CLIENT] bvr-filter id=78 reason=canRenderEntity_false dist=8.8 class=net.minecraft.entity.player.EntityPlayerMP
[2026-04-25 16:50:12.786][CLIENT] bvr-filter id=79 reason=canRenderEntity_false dist=0.0 class=mcheli.plane.MCP_EntityPlane
[2026-04-25 16:50:12.786][CLIENT] bvr-scan acId=79 total=3 rendered=0 skipCan=3 skipJam=0 skipVisible=0 skipMslRange=0 skipName=0 skipNear=0 selectedId=2253 trackingId=-1 fireLockId=-1 mslMax=4000.0
[2026-04-25 16:50:12.792][CLIENT] bvr-filter id=89 reason=canRenderEntity_false dist=83.7 class=mcheli.tank.MCH_EntityTank
[2026-04-25 16:50:12.792][CLIENT] bvr-filter id=78 reason=canRenderEntity_false dist=8.8 class=net.minecraft.entity.player.EntityPlayerMP
[2026-04-25 16:50:12.793][CLIENT] bvr-filter id=79 reason=canRenderEntity_false dist=0.0 class=mcheli.plane.MCP_EntityPlane
[2026-04-25 16:50:12.793][CLIENT] bvr-scan acId=79 total=3 rendered=0 skipCan=3 skipJam=0 skipVisible=0 skipMslRange=0 skipName=0 skipNear=0 selectedId=2253 trackingId=-1 fireLockId=-1 mslMax=4000.0
[2026-04-25 16:50:13.251][CLIENT] bvr-filter id=89 reason=canRenderEntity_false dist=83.7 class=mcheli.tank.MCH_EntityTank
[2026-04-25 16:50:13.251][CLIENT] bvr-filter id=78 reason=canRenderEntity_false dist=8.8 class=net.minecraft.entity.player.EntityPlayerMP
[2026-04-25 16:50:13.251][CLIENT] bvr-filter id=79 reason=canRenderEntity_false dist=0.0 class=mcheli.plane.MCP_EntityPlane
[2026-04-25 16:50:13.251][CLIENT] bvr-scan acId=79 total=3 rendered=0 skipCan=3 skipJam=0 skipVisible=0 skipMslRange=0 skipName=0 skipNear=0 selectedId=2253 trackingId=-1 fireLockId=-1 mslMax=4000.0
[2026-04-25 16:50:13.257][CLIENT] bvr-filter id=89 reason=canRenderEntity_false dist=83.7 class=mcheli.tank.MCH_EntityTank
[2026-04-25 16:50:13.257][CLIENT] bvr-filter id=78 reason=canRenderEntity_false dist=8.8 class=net.minecraft.entity.player.EntityPlayerMP
[2026-04-25 16:50:13.257][CLIENT] bvr-filter id=79 reason=canRenderEntity_false dist=0.0 class=mcheli.plane.MCP_EntityPlane
[2026-04-25 16:50:13.257][CLIENT] bvr-scan acId=79 total=3 rendered=0 skipCan=3 skipJam=0 skipVisible=0 skipMslRange=0 skipName=0 skipNear=0 selectedId=2253 trackingId=-1 fireLockId=-1 mslMax=4000.0
[2026-04-25 16:50:13.263][CLIENT] bvr-filter id=89 reason=canRenderEntity_false dist=83.7 class=mcheli.tank.MCH_EntityTank
[2026-04-25 16:50:13.263][CLIENT] bvr-filter id=78 reason=canRenderEntity_false dist=8.8 class=net.minecraft.entity.player.EntityPlayerMP
[2026-04-25 16:50:13.263][CLIENT] bvr-filter id=79 reason=canRenderEntity_false dist=0.0 class=mcheli.plane.MCP_EntityPlane
[2026-04-25 16:50:13.263][CLIENT] bvr-scan acId=79 total=3 rendered=0 skipCan=3 skipJam=0 skipVisible=0 skipMslRange=0 skipName=0 skipNear=0 selectedId=2253 trackingId=-1 fireLockId=-1 mslMax=4000.0
[2026-04-25 16:50:13.269][CLIENT] bvr-filter id=89 reason=canRenderEntity_false dist=83.7 class=mcheli.tank.MCH_EntityTank
[2026-04-25 16:50:13.269][CLIENT] bvr-filter id=78 reason=canRenderEntity_false dist=8.8 class=net.minecraft.entity.player.EntityPlayerMP
[2026-04-25 16:50:13.269][CLIENT] bvr-filter id=79 reason=canRenderEntity_false dist=0.0 class=mcheli.plane.MCP_EntityPlane
[2026-04-25 16:50:13.269][CLIENT] bvr-scan acId=79 total=3 rendered=0 skipCan=3 skipJam=0 skipVisible=0 skipMslRange=0 skipName=0 skipNear=0 selectedId=2253 trackingId=-1 fireLockId=-1 mslMax=4000.0
[2026-04-25 16:50:13.274][CLIENT] bvr-filter id=89 reason=canRenderEntity_false dist=83.7 class=mcheli.tank.MCH_EntityTank
[2026-04-25 16:50:13.274][CLIENT] bvr-filter id=78 reason=canRenderEntity_false dist=8.8 class=net.minecraft.entity.player.EntityPlayerMP
[2026-04-25 16:50:13.274][CLIENT] bvr-filter id=79 reason=canRenderEntity_false dist=0.0 class=mcheli.plane.MCP_EntityPlane
[2026-04-25 16:50:13.274][CLIENT] bvr-scan acId=79 total=3 rendered=0 skipCan=3 skipJam=0 skipVisible=0 skipMslRange=0 skipName=0 skipNear=0 selectedId=2253 trackingId=-1 fireLockId=-1 mslMax=4000.0
[2026-04-25 16:50:13.280][CLIENT] bvr-filter id=89 reason=canRenderEntity_false dist=83.7 class=mcheli.tank.MCH_EntityTank
[2026-04-25 16:50:13.280][CLIENT] bvr-filter id=78 reason=canRenderEntity_false dist=8.8 class=net.minecraft.entity.player.EntityPlayerMP
[2026-04-25 16:50:13.280][CLIENT] bvr-filter id=79 reason=canRenderEntity_false dist=0.0 class=mcheli.plane.MCP_EntityPlane
[2026-04-25 16:50:13.280][CLIENT] bvr-scan acId=79 total=3 rendered=0 skipCan=3 skipJam=0 skipVisible=0 skipMslRange=0 skipName=0 skipNear=0 selectedId=2253 trackingId=-1 fireLockId=-1 mslMax=4000.0
[2026-04-25 16:50:13.287][CLIENT] bvr-filter id=89 reason=canRenderEntity_false dist=83.7 class=mcheli.tank.MCH_EntityTank
[2026-04-25 16:50:13.287][CLIENT] bvr-filter id=78 reason=canRenderEntity_false dist=8.8 class=net.minecraft.entity.player.EntityPlayerMP
[2026-04-25 16:50:13.287][CLIENT] bvr-filter id=79 reason=canRenderEntity_false dist=0.0 class=mcheli.plane.MCP_EntityPlane
[2026-04-25 16:50:13.287][CLIENT] bvr-scan acId=79 total=3 rendered=0 skipCan=3 skipJam=0 skipVisible=0 skipMslRange=0 skipName=0 skipNear=0 selectedId=2253 trackingId=-1 fireLockId=-1 mslMax=4000.0
[2026-04-25 16:50:13.296][CLIENT] bvr-filter id=89 reason=canRenderEntity_false dist=83.7 class=mcheli.tank.MCH_EntityTank
[2026-04-25 16:50:13.296][CLIENT] bvr-filter id=78 reason=canRenderEntity_false dist=8.8 class=net.minecraft.entity.player.EntityPlayerMP
[2026-04-25 16:50:13.296][CLIENT] bvr-filter id=79 reason=canRenderEntity_false dist=0.0 class=mcheli.plane.MCP_EntityPlane
[2026-04-25 16:50:13.296][CLIENT] bvr-scan acId=79 total=3 rendered=0 skipCan=3 skipJam=0 skipVisible=0 skipMslRange=0 skipName=0 skipNear=0 selectedId=2253 trackingId=-1 fireLockId=-1 mslMax=4000.0
[2026-04-25 16:50:13.753][CLIENT] bvr-filter id=89 reason=canRenderEntity_false dist=83.7 class=mcheli.tank.MCH_EntityTank
[2026-04-25 16:50:13.753][CLIENT] bvr-filter id=78 reason=canRenderEntity_false dist=8.8 class=net.minecraft.entity.player.EntityPlayerMP
[2026-04-25 16:50:13.753][CLIENT] bvr-filter id=79 reason=canRenderEntity_false dist=0.0 class=mcheli.plane.MCP_EntityPlane
[2026-04-25 16:50:13.753][CLIENT] bvr-scan acId=79 total=3 rendered=0 skipCan=3 skipJam=0 skipVisible=0 skipMslRange=0 skipName=0 skipNear=0 selectedId=2253 trackingId=-1 fireLockId=-1 mslMax=4000.0
[2026-04-25 16:50:13.759][CLIENT] bvr-filter id=89 reason=canRenderEntity_false dist=83.7 class=mcheli.tank.MCH_EntityTank
[2026-04-25 16:50:13.759][CLIENT] bvr-filter id=78 reason=canRenderEntity_false dist=8.8 class=net.minecraft.entity.player.EntityPlayerMP
[2026-04-25 16:50:13.759][CLIENT] bvr-filter id=79 reason=canRenderEntity_false dist=0.0 class=mcheli.plane.MCP_EntityPlane
[2026-04-25 16:50:13.759][CLIENT] bvr-scan acId=79 total=3 rendered=0 skipCan=3 skipJam=0 skipVisible=0 skipMslRange=0 skipName=0 skipNear=0 selectedId=2253 trackingId=-1 fireLockId=-1 mslMax=4000.0
[2026-04-25 16:50:13.765][CLIENT] bvr-filter id=89 reason=canRenderEntity_false dist=83.7 class=mcheli.tank.MCH_EntityTank
[2026-04-25 16:50:13.765][CLIENT] bvr-filter id=78 reason=canRenderEntity_false dist=8.8 class=net.minecraft.entity.player.EntityPlayerMP
[2026-04-25 16:50:13.765][CLIENT] bvr-filter id=79 reason=canRenderEntity_false dist=0.0 class=mcheli.plane.MCP_EntityPlane
[2026-04-25 16:50:13.765][CLIENT] bvr-scan acId=79 total=3 rendered=0 skipCan=3 skipJam=0 skipVisible=0 skipMslRange=0 skipName=0 skipNear=0 selectedId=2253 trackingId=-1 fireLockId=-1 mslMax=4000.0
[2026-04-25 16:50:13.772][CLIENT] bvr-filter id=89 reason=canRenderEntity_false dist=83.7 class=mcheli.tank.MCH_EntityTank
[2026-04-25 16:50:13.772][CLIENT] bvr-filter id=78 reason=canRenderEntity_false dist=8.8 class=net.minecraft.entity.player.EntityPlayerMP
[2026-04-25 16:50:13.772][CLIENT] bvr-filter id=79 reason=canRenderEntity_false dist=0.0 class=mcheli.plane.MCP_EntityPlane
[2026-04-25 16:50:13.772][CLIENT] bvr-scan acId=79 total=3 rendered=0 skipCan=3 skipJam=0 skipVisible=0 skipMslRange=0 skipName=0 skipNear=0 selectedId=2253 trackingId=-1 fireLockId=-1 mslMax=4000.0
[2026-04-25 16:50:13.779][CLIENT] bvr-filter id=89 reason=canRenderEntity_false dist=83.7 class=mcheli.tank.MCH_EntityTank
[2026-04-25 16:50:13.779][CLIENT] bvr-filter id=78 reason=canRenderEntity_false dist=8.8 class=net.minecraft.entity.player.EntityPlayerMP
[2026-04-25 16:50:13.779][CLIENT] bvr-filter id=79 reason=canRenderEntity_false dist=0.0 class=mcheli.plane.MCP_EntityPlane
[2026-04-25 16:50:13.779][CLIENT] bvr-scan acId=79 total=3 rendered=0 skipCan=3 skipJam=0 skipVisible=0 skipMslRange=0 skipName=0 skipNear=0 selectedId=2253 trackingId=-1 fireLockId=-1 mslMax=4000.0
[2026-04-25 16:50:13.786][CLIENT] bvr-filter id=89 reason=canRenderEntity_false dist=83.7 class=mcheli.tank.MCH_EntityTank
[2026-04-25 16:50:13.786][CLIENT] bvr-filter id=78 reason=canRenderEntity_false dist=8.8 class=net.minecraft.entity.player.EntityPlayerMP
[2026-04-25 16:50:13.786][CLIENT] bvr-filter id=79 reason=canRenderEntity_false dist=0.0 class=mcheli.plane.MCP_EntityPlane
[2026-04-25 16:50:13.786][CLIENT] bvr-scan acId=79 total=3 rendered=0 skipCan=3 skipJam=0 skipVisible=0 skipMslRange=0 skipName=0 skipNear=0 selectedId=2253 trackingId=-1 fireLockId=-1 mslMax=4000.0
[2026-04-25 16:50:13.793][CLIENT] bvr-filter id=89 reason=canRenderEntity_false dist=83.7 class=mcheli.tank.MCH_EntityTank
[2026-04-25 16:50:13.793][CLIENT] bvr-filter id=78 reason=canRenderEntity_false dist=8.8 class=net.minecraft.entity.player.EntityPlayerMP
[2026-04-25 16:50:13.793][CLIENT] bvr-filter id=79 reason=canRenderEntity_false dist=0.0 class=mcheli.plane.MCP_EntityPlane
[2026-04-25 16:50:13.793][CLIENT] bvr-scan acId=79 total=3 rendered=0 skipCan=3 skipJam=0 skipVisible=0 skipMslRange=0 skipName=0 skipNear=0 selectedId=2253 trackingId=-1 fireLockId=-1 mslMax=4000.0
[2026-04-25 16:50:14.251][CLIENT] bvr-filter id=89 reason=canRenderEntity_false dist=83.7 class=mcheli.tank.MCH_EntityTank
[2026-04-25 16:50:14.251][CLIENT] bvr-filter id=78 reason=canRenderEntity_false dist=8.8 class=net.minecraft.entity.player.EntityPlayerMP
[2026-04-25 16:50:14.251][CLIENT] bvr-filter id=79 reason=canRenderEntity_false dist=0.0 class=mcheli.plane.MCP_EntityPlane
[2026-04-25 16:50:14.251][CLIENT] bvr-scan acId=79 total=3 rendered=0 skipCan=3 skipJam=0 skipVisible=0 skipMslRange=0 skipName=0 skipNear=0 selectedId=2253 trackingId=-1 fireLockId=-1 mslMax=4000.0
[2026-04-25 16:50:14.258][CLIENT] bvr-filter id=89 reason=canRenderEntity_false dist=83.7 class=mcheli.tank.MCH_EntityTank
[2026-04-25 16:50:14.258][CLIENT] bvr-filter id=78 reason=canRenderEntity_false dist=8.8 class=net.minecraft.entity.player.EntityPlayerMP
[2026-04-25 16:50:14.258][CLIENT] bvr-filter id=79 reason=canRenderEntity_false dist=0.0 class=mcheli.plane.MCP_EntityPlane
[2026-04-25 16:50:14.258][CLIENT] bvr-scan acId=79 total=3 rendered=0 skipCan=3 skipJam=0 skipVisible=0 skipMslRange=0 skipName=0 skipNear=0 selectedId=2253 trackingId=-1 fireLockId=-1 mslMax=4000.0
[2026-04-25 16:50:14.265][CLIENT] bvr-filter id=89 reason=canRenderEntity_false dist=83.7 class=mcheli.tank.MCH_EntityTank
[2026-04-25 16:50:14.265][CLIENT] bvr-filter id=78 reason=canRenderEntity_false dist=8.8 class=net.minecraft.entity.player.EntityPlayerMP
[2026-04-25 16:50:14.265][CLIENT] bvr-filter id=79 reason=canRenderEntity_false dist=0.0 class=mcheli.plane.MCP_EntityPlane
[2026-04-25 16:50:14.265][CLIENT] bvr-scan acId=79 total=3 rendered=0 skipCan=3 skipJam=0 skipVisible=0 skipMslRange=0 skipName=0 skipNear=0 selectedId=2253 trackingId=-1 fireLockId=-1 mslMax=4000.0
[2026-04-25 16:50:14.271][CLIENT] bvr-filter id=89 reason=canRenderEntity_false dist=83.7 class=mcheli.tank.MCH_EntityTank
[2026-04-25 16:50:14.271][CLIENT] bvr-filter id=78 reason=canRenderEntity_false dist=8.8 class=net.minecraft.entity.player.EntityPlayerMP
[2026-04-25 16:50:14.271][CLIENT] bvr-filter id=79 reason=canRenderEntity_false dist=0.0 class=mcheli.plane.MCP_EntityPlane
[2026-04-25 16:50:14.271][CLIENT] bvr-scan acId=79 total=3 rendered=0 skipCan=3 skipJam=0 skipVisible=0 skipMslRange=0 skipName=0 skipNear=0 selectedId=2253 trackingId=-1 fireLockId=-1 mslMax=4000.0
[2026-04-25 16:50:14.279][CLIENT] bvr-filter id=89 reason=canRenderEntity_false dist=83.7 class=mcheli.tank.MCH_EntityTank
[2026-04-25 16:50:14.279][CLIENT] bvr-filter id=78 reason=canRenderEntity_false dist=8.8 class=net.minecraft.entity.player.EntityPlayerMP
[2026-04-25 16:50:14.279][CLIENT] bvr-filter id=79 reason=canRenderEntity_false dist=0.0 class=mcheli.plane.MCP_EntityPlane
[2026-04-25 16:50:14.279][CLIENT] bvr-scan acId=79 total=3 rendered=0 skipCan=3 skipJam=0 skipVisible=0 skipMslRange=0 skipName=0 skipNear=0 selectedId=2253 trackingId=-1 fireLockId=-1 mslMax=4000.0
[2026-04-25 16:50:14.285][CLIENT] bvr-filter id=89 reason=canRenderEntity_false dist=83.7 class=mcheli.tank.MCH_EntityTank
[2026-04-25 16:50:14.285][CLIENT] bvr-filter id=78 reason=canRenderEntity_false dist=8.8 class=net.minecraft.entity.player.EntityPlayerMP
[2026-04-25 16:50:14.285][CLIENT] bvr-filter id=79 reason=canRenderEntity_false dist=0.0 class=mcheli.plane.MCP_EntityPlane
[2026-04-25 16:50:14.285][CLIENT] bvr-scan acId=79 total=3 rendered=0 skipCan=3 skipJam=0 skipVisible=0 skipMslRange=0 skipName=0 skipNear=0 selectedId=2253 trackingId=-1 fireLockId=-1 mslMax=4000.0
[2026-04-25 16:50:14.292][CLIENT] bvr-filter id=89 reason=canRenderEntity_false dist=83.7 class=mcheli.tank.MCH_EntityTank
[2026-04-25 16:50:14.292][CLIENT] bvr-filter id=78 reason=canRenderEntity_false dist=8.8 class=net.minecraft.entity.player.EntityPlayerMP
[2026-04-25 16:50:14.292][CLIENT] bvr-filter id=79 reason=canRenderEntity_false dist=0.0 class=mcheli.plane.MCP_EntityPlane
[2026-04-25 16:50:14.292][CLIENT] bvr-scan acId=79 total=3 rendered=0 skipCan=3 skipJam=0 skipVisible=0 skipMslRange=0 skipName=0 skipNear=0 selectedId=2253 trackingId=-1 fireLockId=-1 mslMax=4000.0
[2026-04-25 16:50:14.752][CLIENT] bvr-filter id=89 reason=canRenderEntity_false dist=83.7 class=mcheli.tank.MCH_EntityTank
[2026-04-25 16:50:14.752][CLIENT] bvr-filter id=78 reason=canRenderEntity_false dist=8.8 class=net.minecraft.entity.player.EntityPlayerMP
[2026-04-25 16:50:14.752][CLIENT] bvr-filter id=79 reason=canRenderEntity_false dist=0.0 class=mcheli.plane.MCP_EntityPlane
[2026-04-25 16:50:14.752][CLIENT] bvr-scan acId=79 total=3 rendered=0 skipCan=3 skipJam=0 skipVisible=0 skipMslRange=0 skipName=0 skipNear=0 selectedId=2253 trackingId=-1 fireLockId=-1 mslMax=4000.0
[2026-04-25 16:50:14.759][CLIENT] bvr-filter id=89 reason=canRenderEntity_false dist=83.7 class=mcheli.tank.MCH_EntityTank
[2026-04-25 16:50:14.759][CLIENT] bvr-filter id=78 reason=canRenderEntity_false dist=8.8 class=net.minecraft.entity.player.EntityPlayerMP
[2026-04-25 16:50:14.759][CLIENT] bvr-filter id=79 reason=canRenderEntity_false dist=0.0 class=mcheli.plane.MCP_EntityPlane
[2026-04-25 16:50:14.759][CLIENT] bvr-scan acId=79 total=3 rendered=0 skipCan=3 skipJam=0 skipVisible=0 skipMslRange=0 skipName=0 skipNear=0 selectedId=2253 trackingId=-1 fireLockId=-1 mslMax=4000.0
[2026-04-25 16:50:14.765][CLIENT] bvr-filter id=89 reason=canRenderEntity_false dist=83.7 class=mcheli.tank.MCH_EntityTank
[2026-04-25 16:50:14.765][CLIENT] bvr-filter id=78 reason=canRenderEntity_false dist=8.8 class=net.minecraft.entity.player.EntityPlayerMP
[2026-04-25 16:50:14.765][CLIENT] bvr-filter id=79 reason=canRenderEntity_false dist=0.0 class=mcheli.plane.MCP_EntityPlane
[2026-04-25 16:50:14.765][CLIENT] bvr-scan acId=79 total=3 rendered=0 skipCan=3 skipJam=0 skipVisible=0 skipMslRange=0 skipName=0 skipNear=0 selectedId=2253 trackingId=-1 fireLockId=-1 mslMax=4000.0
[2026-04-25 16:50:14.772][CLIENT] bvr-filter id=89 reason=canRenderEntity_false dist=83.7 class=mcheli.tank.MCH_EntityTank
[2026-04-25 16:50:14.772][CLIENT] bvr-filter id=78 reason=canRenderEntity_false dist=8.8 class=net.minecraft.entity.player.EntityPlayerMP
[2026-04-25 16:50:14.772][CLIENT] bvr-filter id=79 reason=canRenderEntity_false dist=0.0 class=mcheli.plane.MCP_EntityPlane
[2026-04-25 16:50:14.772][CLIENT] bvr-scan acId=79 total=3 rendered=0 skipCan=3 skipJam=0 skipVisible=0 skipMslRange=0 skipName=0 skipNear=0 selectedId=2253 trackingId=-1 fireLockId=-1 mslMax=4000.0
[2026-04-25 16:50:14.778][CLIENT] bvr-filter id=89 reason=canRenderEntity_false dist=83.7 class=mcheli.tank.MCH_EntityTank
[2026-04-25 16:50:14.778][CLIENT] bvr-filter id=78 reason=canRenderEntity_false dist=8.8 class=net.minecraft.entity.player.EntityPlayerMP
[2026-04-25 16:50:14.778][CLIENT] bvr-filter id=79 reason=canRenderEntity_false dist=0.0 class=mcheli.plane.MCP_EntityPlane
[2026-04-25 16:50:14.778][CLIENT] bvr-scan acId=79 total=3 rendered=0 skipCan=3 skipJam=0 skipVisible=0 skipMslRange=0 skipName=0 skipNear=0 selectedId=2253 trackingId=-1 fireLockId=-1 mslMax=4000.0
[2026-04-25 16:50:14.784][CLIENT] bvr-filter id=89 reason=canRenderEntity_false dist=83.7 class=mcheli.tank.MCH_EntityTank
[2026-04-25 16:50:14.784][CLIENT] bvr-filter id=78 reason=canRenderEntity_false dist=8.8 class=net.minecraft.entity.player.EntityPlayerMP
[2026-04-25 16:50:14.784][CLIENT] bvr-filter id=79 reason=canRenderEntity_false dist=0.0 class=mcheli.plane.MCP_EntityPlane
[2026-04-25 16:50:14.784][CLIENT] bvr-scan acId=79 total=3 rendered=0 skipCan=3 skipJam=0 skipVisible=0 skipMslRange=0 skipName=0 skipNear=0 selectedId=2253 trackingId=-1 fireLockId=-1 mslMax=4000.0
[2026-04-25 16:50:14.790][CLIENT] bvr-filter id=89 reason=canRenderEntity_false dist=83.7 class=mcheli.tank.MCH_EntityTank
[2026-04-25 16:50:14.790][CLIENT] bvr-filter id=78 reason=canRenderEntity_false dist=8.8 class=net.minecraft.entity.player.EntityPlayerMP
[2026-04-25 16:50:14.790][CLIENT] bvr-filter id=79 reason=canRenderEntity_false dist=0.0 class=mcheli.plane.MCP_EntityPlane
[2026-04-25 16:50:14.790][CLIENT] bvr-scan acId=79 total=3 rendered=0 skipCan=3 skipJam=0 skipVisible=0 skipMslRange=0 skipName=0 skipNear=0 selectedId=2253 trackingId=-1 fireLockId=-1 mslMax=4000.0
[2026-04-25 16:50:14.797][CLIENT] bvr-filter id=89 reason=canRenderEntity_false dist=83.7 class=mcheli.tank.MCH_EntityTank
[2026-04-25 16:50:14.797][CLIENT] bvr-filter id=78 reason=canRenderEntity_false dist=8.8 class=net.minecraft.entity.player.EntityPlayerMP
[2026-04-25 16:50:14.797][CLIENT] bvr-filter id=79 reason=canRenderEntity_false dist=0.0 class=mcheli.plane.MCP_EntityPlane
[2026-04-25 16:50:14.797][CLIENT] bvr-scan acId=79 total=3 rendered=0 skipCan=3 skipJam=0 skipVisible=0 skipMslRange=0 skipName=0 skipNear=0 selectedId=2253 trackingId=-1 fireLockId=-1 mslMax=4000.0
[2026-04-25 16:50:15.251][CLIENT] bvr-filter id=89 reason=canRenderEntity_false dist=83.7 class=mcheli.tank.MCH_EntityTank
[2026-04-25 16:50:15.251][CLIENT] bvr-filter id=78 reason=canRenderEntity_false dist=8.8 class=net.minecraft.entity.player.EntityPlayerMP
[2026-04-25 16:50:15.251][CLIENT] bvr-filter id=79 reason=canRenderEntity_false dist=0.0 class=mcheli.plane.MCP_EntityPlane
[2026-04-25 16:50:15.251][CLIENT] bvr-scan acId=79 total=3 rendered=0 skipCan=3 skipJam=0 skipVisible=0 skipMslRange=0 skipName=0 skipNear=0 selectedId=2253 trackingId=-1 fireLockId=-1 mslMax=4000.0
[2026-04-25 16:50:15.257][CLIENT] bvr-filter id=89 reason=canRenderEntity_false dist=83.7 class=mcheli.tank.MCH_EntityTank
[2026-04-25 16:50:15.257][CLIENT] bvr-filter id=78 reason=canRenderEntity_false dist=8.8 class=net.minecraft.entity.player.EntityPlayerMP
[2026-04-25 16:50:15.257][CLIENT] bvr-filter id=79 reason=canRenderEntity_false dist=0.0 class=mcheli.plane.MCP_EntityPlane
[2026-04-25 16:50:15.257][CLIENT] bvr-scan acId=79 total=3 rendered=0 skipCan=3 skipJam=0 skipVisible=0 skipMslRange=0 skipName=0 skipNear=0 selectedId=2253 trackingId=-1 fireLockId=-1 mslMax=4000.0
[2026-04-25 16:50:15.266][CLIENT] bvr-filter id=89 reason=canRenderEntity_false dist=83.7 class=mcheli.tank.MCH_EntityTank
[2026-04-25 16:50:15.266][CLIENT] bvr-filter id=78 reason=canRenderEntity_false dist=8.8 class=net.minecraft.entity.player.EntityPlayerMP
[2026-04-25 16:50:15.266][CLIENT] bvr-filter id=79 reason=canRenderEntity_false dist=0.0 class=mcheli.plane.MCP_EntityPlane
[2026-04-25 16:50:15.266][CLIENT] bvr-scan acId=79 total=3 rendered=0 skipCan=3 skipJam=0 skipVisible=0 skipMslRange=0 skipName=0 skipNear=0 selectedId=2253 trackingId=-1 fireLockId=-1 mslMax=4000.0
[2026-04-25 16:50:15.273][CLIENT] bvr-filter id=89 reason=canRenderEntity_false dist=83.7 class=mcheli.tank.MCH_EntityTank
[2026-04-25 16:50:15.273][CLIENT] bvr-filter id=78 reason=canRenderEntity_false dist=8.8 class=net.minecraft.entity.player.EntityPlayerMP
[2026-04-25 16:50:15.273][CLIENT] bvr-filter id=79 reason=canRenderEntity_false dist=0.0 class=mcheli.plane.MCP_EntityPlane
[2026-04-25 16:50:15.273][CLIENT] bvr-scan acId=79 total=3 rendered=0 skipCan=3 skipJam=0 skipVisible=0 skipMslRange=0 skipName=0 skipNear=0 selectedId=2253 trackingId=-1 fireLockId=-1 mslMax=4000.0
[2026-04-25 16:50:15.280][CLIENT] bvr-filter id=89 reason=canRenderEntity_false dist=83.7 class=mcheli.tank.MCH_EntityTank
[2026-04-25 16:50:15.280][CLIENT] bvr-filter id=78 reason=canRenderEntity_false dist=8.8 class=net.minecraft.entity.player.EntityPlayerMP
[2026-04-25 16:50:15.280][CLIENT] bvr-filter id=79 reason=canRenderEntity_false dist=0.0 class=mcheli.plane.MCP_EntityPlane
[2026-04-25 16:50:15.280][CLIENT] bvr-scan acId=79 total=3 rendered=0 skipCan=3 skipJam=0 skipVisible=0 skipMslRange=0 skipName=0 skipNear=0 selectedId=2253 trackingId=-1 fireLockId=-1 mslMax=4000.0
[2026-04-25 16:50:15.286][CLIENT] bvr-filter id=89 reason=canRenderEntity_false dist=83.7 class=mcheli.tank.MCH_EntityTank
[2026-04-25 16:50:15.286][CLIENT] bvr-filter id=78 reason=canRenderEntity_false dist=8.8 class=net.minecraft.entity.player.EntityPlayerMP
[2026-04-25 16:50:15.286][CLIENT] bvr-filter id=79 reason=canRenderEntity_false dist=0.0 class=mcheli.plane.MCP_EntityPlane
[2026-04-25 16:50:15.286][CLIENT] bvr-scan acId=79 total=3 rendered=0 skipCan=3 skipJam=0 skipVisible=0 skipMslRange=0 skipName=0 skipNear=0 selectedId=2253 trackingId=-1 fireLockId=-1 mslMax=4000.0
[2026-04-25 16:50:15.292][CLIENT] bvr-filter id=89 reason=canRenderEntity_false dist=83.7 class=mcheli.tank.MCH_EntityTank
[2026-04-25 16:50:15.292][CLIENT] bvr-filter id=78 reason=canRenderEntity_false dist=8.8 class=net.minecraft.entity.player.EntityPlayerMP
[2026-04-25 16:50:15.292][CLIENT] bvr-filter id=79 reason=canRenderEntity_false dist=0.0 class=mcheli.plane.MCP_EntityPlane
[2026-04-25 16:50:15.292][CLIENT] bvr-scan acId=79 total=3 rendered=0 skipCan=3 skipJam=0 skipVisible=0 skipMslRange=0 skipName=0 skipNear=0 selectedId=2253 trackingId=-1 fireLockId=-1 mslMax=4000.0
[2026-04-25 16:50:15.751][CLIENT] bvr-filter id=89 reason=canRenderEntity_false dist=83.7 class=mcheli.tank.MCH_EntityTank
[2026-04-25 16:50:15.751][CLIENT] bvr-filter id=78 reason=canRenderEntity_false dist=8.8 class=net.minecraft.entity.player.EntityPlayerMP
[2026-04-25 16:50:15.751][CLIENT] bvr-filter id=79 reason=canRenderEntity_false dist=0.0 class=mcheli.plane.MCP_EntityPlane
[2026-04-25 16:50:15.751][CLIENT] bvr-scan acId=79 total=3 rendered=0 skipCan=3 skipJam=0 skipVisible=0 skipMslRange=0 skipName=0 skipNear=0 selectedId=2253 trackingId=-1 fireLockId=-1 mslMax=4000.0
[2026-04-25 16:50:15.758][CLIENT] bvr-filter id=89 reason=canRenderEntity_false dist=83.7 class=mcheli.tank.MCH_EntityTank
[2026-04-25 16:50:15.758][CLIENT] bvr-filter id=78 reason=canRenderEntity_false dist=8.8 class=net.minecraft.entity.player.EntityPlayerMP
[2026-04-25 16:50:15.758][CLIENT] bvr-filter id=79 reason=canRenderEntity_false dist=0.0 class=mcheli.plane.MCP_EntityPlane
[2026-04-25 16:50:15.758][CLIENT] bvr-scan acId=79 total=3 rendered=0 skipCan=3 skipJam=0 skipVisible=0 skipMslRange=0 skipName=0 skipNear=0 selectedId=2253 trackingId=-1 fireLockId=-1 mslMax=4000.0
[2026-04-25 16:50:15.765][CLIENT] bvr-filter id=89 reason=canRenderEntity_false dist=83.7 class=mcheli.tank.MCH_EntityTank
[2026-04-25 16:50:15.765][CLIENT] bvr-filter id=78 reason=canRenderEntity_false dist=8.8 class=net.minecraft.entity.player.EntityPlayerMP
[2026-04-25 16:50:15.765][CLIENT] bvr-filter id=79 reason=canRenderEntity_false dist=0.0 class=mcheli.plane.MCP_EntityPlane
[2026-04-25 16:50:15.765][CLIENT] bvr-scan acId=79 total=3 rendered=0 skipCan=3 skipJam=0 skipVisible=0 skipMslRange=0 skipName=0 skipNear=0 selectedId=2253 trackingId=-1 fireLockId=-1 mslMax=4000.0
[2026-04-25 16:50:15.772][CLIENT] bvr-filter id=89 reason=canRenderEntity_false dist=83.7 class=mcheli.tank.MCH_EntityTank
[2026-04-25 16:50:15.772][CLIENT] bvr-filter id=78 reason=canRenderEntity_false dist=8.8 class=net.minecraft.entity.player.EntityPlayerMP
[2026-04-25 16:50:15.772][CLIENT] bvr-filter id=79 reason=canRenderEntity_false dist=0.0 class=mcheli.plane.MCP_EntityPlane
[2026-04-25 16:50:15.772][CLIENT] bvr-scan acId=79 total=3 rendered=0 skipCan=3 skipJam=0 skipVisible=0 skipMslRange=0 skipName=0 skipNear=0 selectedId=2253 trackingId=-1 fireLockId=-1 mslMax=4000.0
[2026-04-25 16:50:15.778][CLIENT] bvr-filter id=89 reason=canRenderEntity_false dist=83.7 class=mcheli.tank.MCH_EntityTank
[2026-04-25 16:50:15.779][CLIENT] bvr-filter id=78 reason=canRenderEntity_false dist=8.8 class=net.minecraft.entity.player.EntityPlayerMP
[2026-04-25 16:50:15.779][CLIENT] bvr-filter id=79 reason=canRenderEntity_false dist=0.0 class=mcheli.plane.MCP_EntityPlane
[2026-04-25 16:50:15.779][CLIENT] bvr-scan acId=79 total=3 rendered=0 skipCan=3 skipJam=0 skipVisible=0 skipMslRange=0 skipName=0 skipNear=0 selectedId=2253 trackingId=-1 fireLockId=-1 mslMax=4000.0
[2026-04-25 16:50:15.785][CLIENT] bvr-filter id=89 reason=canRenderEntity_false dist=83.7 class=mcheli.tank.MCH_EntityTank
[2026-04-25 16:50:15.785][CLIENT] bvr-filter id=78 reason=canRenderEntity_false dist=8.8 class=net.minecraft.entity.player.EntityPlayerMP
[2026-04-25 16:50:15.785][CLIENT] bvr-filter id=79 reason=canRenderEntity_false dist=0.0 class=mcheli.plane.MCP_EntityPlane
[2026-04-25 16:50:15.785][CLIENT] bvr-scan acId=79 total=3 rendered=0 skipCan=3 skipJam=0 skipVisible=0 skipMslRange=0 skipName=0 skipNear=0 selectedId=2253 trackingId=-1 fireLockId=-1 mslMax=4000.0
[2026-04-25 16:50:15.792][CLIENT] bvr-filter id=89 reason=canRenderEntity_false dist=83.7 class=mcheli.tank.MCH_EntityTank
[2026-04-25 16:50:15.792][CLIENT] bvr-filter id=78 reason=canRenderEntity_false dist=8.8 class=net.minecraft.entity.player.EntityPlayerMP
[2026-04-25 16:50:15.792][CLIENT] bvr-filter id=79 reason=canRenderEntity_false dist=0.0 class=mcheli.plane.MCP_EntityPlane
[2026-04-25 16:50:15.792][CLIENT] bvr-scan acId=79 total=3 rendered=0 skipCan=3 skipJam=0 skipVisible=0 skipMslRange=0 skipName=0 skipNear=0 selectedId=2253 trackingId=-1 fireLockId=-1 mslMax=4000.0
[2026-04-25 16:50:16.258][CLIENT] bvr-filter id=89 reason=canRenderEntity_false dist=83.7 class=mcheli.tank.MCH_EntityTank
[2026-04-25 16:50:16.258][CLIENT] bvr-filter id=78 reason=canRenderEntity_false dist=8.8 class=net.minecraft.entity.player.EntityPlayerMP
[2026-04-25 16:50:16.258][CLIENT] bvr-filter id=79 reason=canRenderEntity_false dist=0.0 class=mcheli.plane.MCP_EntityPlane
[2026-04-25 16:50:16.258][CLIENT] bvr-scan acId=79 total=3 rendered=0 skipCan=3 skipJam=0 skipVisible=0 skipMslRange=0 skipName=0 skipNear=0 selectedId=2253 trackingId=-1 fireLockId=-1 mslMax=4000.0
[2026-04-25 16:50:16.266][CLIENT] bvr-filter id=89 reason=canRenderEntity_false dist=83.7 class=mcheli.tank.MCH_EntityTank
[2026-04-25 16:50:16.266][CLIENT] bvr-filter id=78 reason=canRenderEntity_false dist=8.8 class=net.minecraft.entity.player.EntityPlayerMP
[2026-04-25 16:50:16.266][CLIENT] bvr-filter id=79 reason=canRenderEntity_false dist=0.0 class=mcheli.plane.MCP_EntityPlane
[2026-04-25 16:50:16.266][CLIENT] bvr-scan acId=79 total=3 rendered=0 skipCan=3 skipJam=0 skipVisible=0 skipMslRange=0 skipName=0 skipNear=0 selectedId=2253 trackingId=-1 fireLockId=-1 mslMax=4000.0
[2026-04-25 16:50:16.274][CLIENT] bvr-filter id=89 reason=canRenderEntity_false dist=83.7 class=mcheli.tank.MCH_EntityTank
[2026-04-25 16:50:16.274][CLIENT] bvr-filter id=78 reason=canRenderEntity_false dist=8.8 class=net.minecraft.entity.player.EntityPlayerMP
[2026-04-25 16:50:16.274][CLIENT] bvr-filter id=79 reason=canRenderEntity_false dist=0.0 class=mcheli.plane.MCP_EntityPlane
[2026-04-25 16:50:16.274][CLIENT] bvr-scan acId=79 total=3 rendered=0 skipCan=3 skipJam=0 skipVisible=0 skipMslRange=0 skipName=0 skipNear=0 selectedId=2253 trackingId=-1 fireLockId=-1 mslMax=4000.0
[2026-04-25 16:50:16.281][CLIENT] bvr-filter id=89 reason=canRenderEntity_false dist=83.7 class=mcheli.tank.MCH_EntityTank
[2026-04-25 16:50:16.281][CLIENT] bvr-filter id=78 reason=canRenderEntity_false dist=8.8 class=net.minecraft.entity.player.EntityPlayerMP
[2026-04-25 16:50:16.281][CLIENT] bvr-filter id=79 reason=canRenderEntity_false dist=0.0 class=mcheli.plane.MCP_EntityPlane
[2026-04-25 16:50:16.281][CLIENT] bvr-scan acId=79 total=3 rendered=0 skipCan=3 skipJam=0 skipVisible=0 skipMslRange=0 skipName=0 skipNear=0 selectedId=2253 trackingId=-1 fireLockId=-1 mslMax=4000.0
[2026-04-25 16:50:16.288][CLIENT] bvr-filter id=89 reason=canRenderEntity_false dist=83.7 class=mcheli.tank.MCH_EntityTank
[2026-04-25 16:50:16.288][CLIENT] bvr-filter id=78 reason=canRenderEntity_false dist=8.8 class=net.minecraft.entity.player.EntityPlayerMP
[2026-04-25 16:50:16.288][CLIENT] bvr-filter id=79 reason=canRenderEntity_false dist=0.0 class=mcheli.plane.MCP_EntityPlane
[2026-04-25 16:50:16.288][CLIENT] bvr-scan acId=79 total=3 rendered=0 skipCan=3 skipJam=0 skipVisible=0 skipMslRange=0 skipName=0 skipNear=0 selectedId=2253 trackingId=-1 fireLockId=-1 mslMax=4000.0
[2026-04-25 16:50:16.295][CLIENT] bvr-filter id=89 reason=canRenderEntity_false dist=83.7 class=mcheli.tank.MCH_EntityTank
[2026-04-25 16:50:16.295][CLIENT] bvr-filter id=78 reason=canRenderEntity_false dist=8.8 class=net.minecraft.entity.player.EntityPlayerMP
[2026-04-25 16:50:16.295][CLIENT] bvr-filter id=79 reason=canRenderEntity_false dist=0.0 class=mcheli.plane.MCP_EntityPlane
[2026-04-25 16:50:16.295][CLIENT] bvr-scan acId=79 total=3 rendered=0 skipCan=3 skipJam=0 skipVisible=0 skipMslRange=0 skipName=0 skipNear=0 selectedId=2253 trackingId=-1 fireLockId=-1 mslMax=4000.0
[2026-04-25 16:50:16.752][CLIENT] bvr-filter id=89 reason=canRenderEntity_false dist=83.7 class=mcheli.tank.MCH_EntityTank
[2026-04-25 16:50:16.752][CLIENT] bvr-filter id=78 reason=canRenderEntity_false dist=8.8 class=net.minecraft.entity.player.EntityPlayerMP
[2026-04-25 16:50:16.752][CLIENT] bvr-filter id=79 reason=canRenderEntity_false dist=0.0 class=mcheli.plane.MCP_EntityPlane
[2026-04-25 16:50:16.752][CLIENT] bvr-scan acId=79 total=3 rendered=0 skipCan=3 skipJam=0 skipVisible=0 skipMslRange=0 skipName=0 skipNear=0 selectedId=2253 trackingId=-1 fireLockId=-1 mslMax=4000.0
[2026-04-25 16:50:16.761][CLIENT] bvr-filter id=89 reason=canRenderEntity_false dist=83.7 class=mcheli.tank.MCH_EntityTank
[2026-04-25 16:50:16.761][CLIENT] bvr-filter id=78 reason=canRenderEntity_false dist=8.8 class=net.minecraft.entity.player.EntityPlayerMP
[2026-04-25 16:50:16.761][CLIENT] bvr-filter id=79 reason=canRenderEntity_false dist=0.0 class=mcheli.plane.MCP_EntityPlane
[2026-04-25 16:50:16.761][CLIENT] bvr-scan acId=79 total=3 rendered=0 skipCan=3 skipJam=0 skipVisible=0 skipMslRange=0 skipName=0 skipNear=0 selectedId=2253 trackingId=-1 fireLockId=-1 mslMax=4000.0
[2026-04-25 16:50:16.769][CLIENT] bvr-filter id=89 reason=canRenderEntity_false dist=83.7 class=mcheli.tank.MCH_EntityTank
[2026-04-25 16:50:16.769][CLIENT] bvr-filter id=78 reason=canRenderEntity_false dist=8.8 class=net.minecraft.entity.player.EntityPlayerMP
[2026-04-25 16:50:16.769][CLIENT] bvr-filter id=79 reason=canRenderEntity_false dist=0.0 class=mcheli.plane.MCP_EntityPlane
[2026-04-25 16:50:16.769][CLIENT] bvr-scan acId=79 total=3 rendered=0 skipCan=3 skipJam=0 skipVisible=0 skipMslRange=0 skipName=0 skipNear=0 selectedId=2253 trackingId=-1 fireLockId=-1 mslMax=4000.0
[2026-04-25 16:50:16.778][CLIENT] bvr-filter id=89 reason=canRenderEntity_false dist=83.7 class=mcheli.tank.MCH_EntityTank
[2026-04-25 16:50:16.778][CLIENT] bvr-filter id=78 reason=canRenderEntity_false dist=8.8 class=net.minecraft.entity.player.EntityPlayerMP
[2026-04-25 16:50:16.778][CLIENT] bvr-filter id=79 reason=canRenderEntity_false dist=0.0 class=mcheli.plane.MCP_EntityPlane
[2026-04-25 16:50:16.778][CLIENT] bvr-scan acId=79 total=3 rendered=0 skipCan=3 skipJam=0 skipVisible=0 skipMslRange=0 skipName=0 skipNear=0 selectedId=2253 trackingId=-1 fireLockId=-1 mslMax=4000.0
[2026-04-25 16:50:16.787][CLIENT] bvr-filter id=89 reason=canRenderEntity_false dist=83.7 class=mcheli.tank.MCH_EntityTank
[2026-04-25 16:50:16.787][CLIENT] bvr-filter id=78 reason=canRenderEntity_false dist=8.8 class=net.minecraft.entity.player.EntityPlayerMP
[2026-04-25 16:50:16.787][CLIENT] bvr-filter id=79 reason=canRenderEntity_false dist=0.0 class=mcheli.plane.MCP_EntityPlane
[2026-04-25 16:50:16.787][CLIENT] bvr-scan acId=79 total=3 rendered=0 skipCan=3 skipJam=0 skipVisible=0 skipMslRange=0 skipName=0 skipNear=0 selectedId=2253 trackingId=-1 fireLockId=-1 mslMax=4000.0
[2026-04-25 16:50:16.795][CLIENT] bvr-filter id=89 reason=canRenderEntity_false dist=83.7 class=mcheli.tank.MCH_EntityTank
[2026-04-25 16:50:16.795][CLIENT] bvr-filter id=78 reason=canRenderEntity_false dist=8.8 class=net.minecraft.entity.player.EntityPlayerMP
[2026-04-25 16:50:16.795][CLIENT] bvr-filter id=79 reason=canRenderEntity_false dist=0.0 class=mcheli.plane.MCP_EntityPlane
[2026-04-25 16:50:16.795][CLIENT] bvr-scan acId=79 total=3 rendered=0 skipCan=3 skipJam=0 skipVisible=0 skipMslRange=0 skipName=0 skipNear=0 selectedId=2253 trackingId=-1 fireLockId=-1 mslMax=4000.0
[2026-04-25 16:50:17.254][CLIENT] bvr-filter id=4503 reason=canRenderEntity_false dist=14.2 class=mcheli.weapon.MCH_EntityTvMissile
[2026-04-25 16:50:17.254][CLIENT] bvr-filter id=89 reason=canRenderEntity_false dist=83.7 class=mcheli.tank.MCH_EntityTank
[2026-04-25 16:50:17.254][CLIENT] bvr-filter id=78 reason=canRenderEntity_false dist=8.8 class=net.minecraft.entity.player.EntityPlayerMP
[2026-04-25 16:50:17.254][CLIENT] bvr-filter id=79 reason=canRenderEntity_false dist=0.0 class=mcheli.plane.MCP_EntityPlane
[2026-04-25 16:50:17.254][CLIENT] bvr-scan acId=79 total=4 rendered=0 skipCan=4 skipJam=0 skipVisible=0 skipMslRange=0 skipName=0 skipNear=0 selectedId=2253 trackingId=-1 fireLockId=-1 mslMax=4000.0
[2026-04-25 16:50:17.263][CLIENT] bvr-filter id=4503 reason=canRenderEntity_false dist=14.2 class=mcheli.weapon.MCH_EntityTvMissile
[2026-04-25 16:50:17.263][CLIENT] bvr-filter id=89 reason=canRenderEntity_false dist=83.7 class=mcheli.tank.MCH_EntityTank
[2026-04-25 16:50:17.263][CLIENT] bvr-filter id=78 reason=canRenderEntity_false dist=8.8 class=net.minecraft.entity.player.EntityPlayerMP
[2026-04-25 16:50:17.263][CLIENT] bvr-filter id=79 reason=canRenderEntity_false dist=0.0 class=mcheli.plane.MCP_EntityPlane
[2026-04-25 16:50:17.263][CLIENT] bvr-scan acId=79 total=4 rendered=0 skipCan=4 skipJam=0 skipVisible=0 skipMslRange=0 skipName=0 skipNear=0 selectedId=2253 trackingId=-1 fireLockId=-1 mslMax=4000.0
[2026-04-25 16:50:17.272][CLIENT] bvr-filter id=4503 reason=canRenderEntity_false dist=14.2 class=mcheli.weapon.MCH_EntityTvMissile
[2026-04-25 16:50:17.272][CLIENT] bvr-filter id=89 reason=canRenderEntity_false dist=83.7 class=mcheli.tank.MCH_EntityTank
[2026-04-25 16:50:17.272][CLIENT] bvr-filter id=78 reason=canRenderEntity_false dist=8.8 class=net.minecraft.entity.player.EntityPlayerMP
[2026-04-25 16:50:17.272][CLIENT] bvr-filter id=79 reason=canRenderEntity_false dist=0.0 class=mcheli.plane.MCP_EntityPlane
[2026-04-25 16:50:17.272][CLIENT] bvr-scan acId=79 total=4 rendered=0 skipCan=4 skipJam=0 skipVisible=0 skipMslRange=0 skipName=0 skipNear=0 selectedId=2253 trackingId=-1 fireLockId=-1 mslMax=4000.0
[2026-04-25 16:50:17.281][CLIENT] bvr-filter id=4503 reason=canRenderEntity_false dist=14.2 class=mcheli.weapon.MCH_EntityTvMissile
[2026-04-25 16:50:17.281][CLIENT] bvr-filter id=89 reason=canRenderEntity_false dist=83.7 class=mcheli.tank.MCH_EntityTank
[2026-04-25 16:50:17.281][CLIENT] bvr-filter id=78 reason=canRenderEntity_false dist=8.8 class=net.minecraft.entity.player.EntityPlayerMP
[2026-04-25 16:50:17.281][CLIENT] bvr-filter id=79 reason=canRenderEntity_false dist=0.0 class=mcheli.plane.MCP_EntityPlane
[2026-04-25 16:50:17.281][CLIENT] bvr-scan acId=79 total=4 rendered=0 skipCan=4 skipJam=0 skipVisible=0 skipMslRange=0 skipName=0 skipNear=0 selectedId=2253 trackingId=-1 fireLockId=-1 mslMax=4000.0
[2026-04-25 16:50:17.289][CLIENT] bvr-filter id=4503 reason=canRenderEntity_false dist=14.2 class=mcheli.weapon.MCH_EntityTvMissile
[2026-04-25 16:50:17.289][CLIENT] bvr-filter id=89 reason=canRenderEntity_false dist=83.7 class=mcheli.tank.MCH_EntityTank
[2026-04-25 16:50:17.289][CLIENT] bvr-filter id=78 reason=canRenderEntity_false dist=8.8 class=net.minecraft.entity.player.EntityPlayerMP
[2026-04-25 16:50:17.289][CLIENT] bvr-filter id=79 reason=canRenderEntity_false dist=0.0 class=mcheli.plane.MCP_EntityPlane
[2026-04-25 16:50:17.289][CLIENT] bvr-scan acId=79 total=4 rendered=0 skipCan=4 skipJam=0 skipVisible=0 skipMslRange=0 skipName=0 skipNear=0 selectedId=2253 trackingId=-1 fireLockId=-1 mslMax=4000.0
[2026-04-25 16:50:17.299][CLIENT] bvr-filter id=4503 reason=canRenderEntity_false dist=14.2 class=mcheli.weapon.MCH_EntityTvMissile
[2026-04-25 16:50:17.299][CLIENT] bvr-filter id=89 reason=canRenderEntity_false dist=83.7 class=mcheli.tank.MCH_EntityTank
[2026-04-25 16:50:17.299][CLIENT] bvr-filter id=78 reason=canRenderEntity_false dist=8.8 class=net.minecraft.entity.player.EntityPlayerMP
[2026-04-25 16:50:17.299][CLIENT] bvr-filter id=79 reason=canRenderEntity_false dist=0.0 class=mcheli.plane.MCP_EntityPlane
[2026-04-25 16:50:17.299][CLIENT] bvr-scan acId=79 total=4 rendered=0 skipCan=4 skipJam=0 skipVisible=0 skipMslRange=0 skipName=0 skipNear=0 selectedId=2253 trackingId=-1 fireLockId=-1 mslMax=4000.0
[2026-04-25 16:50:17.752][CLIENT] bvr-filter id=4503 reason=radarContactInvisible dist=45.3 sel=false trk=false fire=false
[2026-04-25 16:50:17.752][CLIENT] bvr-filter id=89 reason=canRenderEntity_false dist=83.7 class=mcheli.tank.MCH_EntityTank
[2026-04-25 16:50:17.752][CLIENT] bvr-filter id=78 reason=canRenderEntity_false dist=8.8 class=net.minecraft.entity.player.EntityPlayerMP
[2026-04-25 16:50:17.752][CLIENT] bvr-filter id=79 reason=canRenderEntity_false dist=0.0 class=mcheli.plane.MCP_EntityPlane
[2026-04-25 16:50:17.752][CLIENT] bvr-scan acId=79 total=4 rendered=0 skipCan=3 skipJam=0 skipVisible=1 skipMslRange=0 skipName=0 skipNear=0 selectedId=-1 trackingId=-1 fireLockId=-1 mslMax=4000.0
[2026-04-25 16:50:17.759][CLIENT] bvr-filter id=4503 reason=radarContactInvisible dist=45.3 sel=false trk=false fire=false
[2026-04-25 16:50:17.759][CLIENT] bvr-filter id=89 reason=canRenderEntity_false dist=83.7 class=mcheli.tank.MCH_EntityTank
[2026-04-25 16:50:17.759][CLIENT] bvr-filter id=78 reason=canRenderEntity_false dist=8.8 class=net.minecraft.entity.player.EntityPlayerMP
[2026-04-25 16:50:17.759][CLIENT] bvr-filter id=79 reason=canRenderEntity_false dist=0.0 class=mcheli.plane.MCP_EntityPlane
[2026-04-25 16:50:17.759][CLIENT] bvr-scan acId=79 total=4 rendered=0 skipCan=3 skipJam=0 skipVisible=1 skipMslRange=0 skipName=0 skipNear=0 selectedId=-1 trackingId=-1 fireLockId=-1 mslMax=4000.0
[2026-04-25 16:50:17.767][CLIENT] bvr-filter id=4503 reason=radarContactInvisible dist=45.3 sel=false trk=false fire=false
[2026-04-25 16:50:17.767][CLIENT] bvr-filter id=89 reason=canRenderEntity_false dist=83.7 class=mcheli.tank.MCH_EntityTank
[2026-04-25 16:50:17.767][CLIENT] bvr-filter id=78 reason=canRenderEntity_false dist=8.8 class=net.minecraft.entity.player.EntityPlayerMP
[2026-04-25 16:50:17.767][CLIENT] bvr-filter id=79 reason=canRenderEntity_false dist=0.0 class=mcheli.plane.MCP_EntityPlane
[2026-04-25 16:50:17.767][CLIENT] bvr-scan acId=79 total=4 rendered=0 skipCan=3 skipJam=0 skipVisible=1 skipMslRange=0 skipName=0 skipNear=0 selectedId=-1 trackingId=-1 fireLockId=-1 mslMax=4000.0
[2026-04-25 16:50:17.774][CLIENT] bvr-filter id=4503 reason=radarContactInvisible dist=45.3 sel=false trk=false fire=false
[2026-04-25 16:50:17.774][CLIENT] bvr-filter id=89 reason=canRenderEntity_false dist=83.7 class=mcheli.tank.MCH_EntityTank
[2026-04-25 16:50:17.774][CLIENT] bvr-filter id=78 reason=canRenderEntity_false dist=8.8 class=net.minecraft.entity.player.EntityPlayerMP
[2026-04-25 16:50:17.774][CLIENT] bvr-filter id=79 reason=canRenderEntity_false dist=0.0 class=mcheli.plane.MCP_EntityPlane
[2026-04-25 16:50:17.774][CLIENT] bvr-scan acId=79 total=4 rendered=0 skipCan=3 skipJam=0 skipVisible=1 skipMslRange=0 skipName=0 skipNear=0 selectedId=-1 trackingId=-1 fireLockId=-1 mslMax=4000.0
[2026-04-25 16:50:17.781][CLIENT] bvr-filter id=4503 reason=radarContactInvisible dist=45.3 sel=false trk=false fire=false
[2026-04-25 16:50:17.781][CLIENT] bvr-filter id=89 reason=canRenderEntity_false dist=83.7 class=mcheli.tank.MCH_EntityTank
[2026-04-25 16:50:17.781][CLIENT] bvr-filter id=78 reason=canRenderEntity_false dist=8.8 class=net.minecraft.entity.player.EntityPlayerMP
[2026-04-25 16:50:17.781][CLIENT] bvr-filter id=79 reason=canRenderEntity_false dist=0.0 class=mcheli.plane.MCP_EntityPlane
[2026-04-25 16:50:17.781][CLIENT] bvr-scan acId=79 total=4 rendered=0 skipCan=3 skipJam=0 skipVisible=1 skipMslRange=0 skipName=0 skipNear=0 selectedId=-1 trackingId=-1 fireLockId=-1 mslMax=4000.0
[2026-04-25 16:50:17.787][CLIENT] bvr-filter id=4503 reason=radarContactInvisible dist=45.3 sel=false trk=false fire=false
[2026-04-25 16:50:17.787][CLIENT] bvr-filter id=89 reason=canRenderEntity_false dist=83.7 class=mcheli.tank.MCH_EntityTank
[2026-04-25 16:50:17.787][CLIENT] bvr-filter id=78 reason=canRenderEntity_false dist=8.8 class=net.minecraft.entity.player.EntityPlayerMP
[2026-04-25 16:50:17.787][CLIENT] bvr-filter id=79 reason=canRenderEntity_false dist=0.0 class=mcheli.plane.MCP_EntityPlane
[2026-04-25 16:50:17.787][CLIENT] bvr-scan acId=79 total=4 rendered=0 skipCan=3 skipJam=0 skipVisible=1 skipMslRange=0 skipName=0 skipNear=0 selectedId=-1 trackingId=-1 fireLockId=-1 mslMax=4000.0
[2026-04-25 16:50:17.795][CLIENT] bvr-filter id=4503 reason=radarContactInvisible dist=45.3 sel=false trk=false fire=false
[2026-04-25 16:50:17.795][CLIENT] bvr-filter id=89 reason=canRenderEntity_false dist=83.7 class=mcheli.tank.MCH_EntityTank
[2026-04-25 16:50:17.795][CLIENT] bvr-filter id=78 reason=canRenderEntity_false dist=8.8 class=net.minecraft.entity.player.EntityPlayerMP
[2026-04-25 16:50:17.795][CLIENT] bvr-filter id=79 reason=canRenderEntity_false dist=0.0 class=mcheli.plane.MCP_EntityPlane
[2026-04-25 16:50:17.795][CLIENT] bvr-scan acId=79 total=4 rendered=0 skipCan=3 skipJam=0 skipVisible=1 skipMslRange=0 skipName=0 skipNear=0 selectedId=-1 trackingId=-1 fireLockId=-1 mslMax=4000.0
[2026-04-25 16:50:18.254][CLIENT] bvr-filter id=89 reason=canRenderEntity_false dist=83.7 class=mcheli.tank.MCH_EntityTank
[2026-04-25 16:50:18.254][CLIENT] bvr-filter id=78 reason=canRenderEntity_false dist=8.8 class=net.minecraft.entity.player.EntityPlayerMP
[2026-04-25 16:50:18.254][CLIENT] bvr-filter id=79 reason=canRenderEntity_false dist=0.0 class=mcheli.plane.MCP_EntityPlane
[2026-04-25 16:50:18.254][CLIENT] bvr-scan acId=79 total=4 rendered=1 skipCan=3 skipJam=0 skipVisible=0 skipMslRange=0 skipName=0 skipNear=0 selectedId=-1 trackingId=-1 fireLockId=-1 mslMax=4000.0
[2026-04-25 16:50:18.262][CLIENT] bvr-filter id=89 reason=canRenderEntity_false dist=83.7 class=mcheli.tank.MCH_EntityTank
[2026-04-25 16:50:18.262][CLIENT] bvr-filter id=78 reason=canRenderEntity_false dist=8.8 class=net.minecraft.entity.player.EntityPlayerMP
[2026-04-25 16:50:18.262][CLIENT] bvr-filter id=79 reason=canRenderEntity_false dist=0.0 class=mcheli.plane.MCP_EntityPlane
[2026-04-25 16:50:18.262][CLIENT] bvr-scan acId=79 total=4 rendered=1 skipCan=3 skipJam=0 skipVisible=0 skipMslRange=0 skipName=0 skipNear=0 selectedId=-1 trackingId=-1 fireLockId=-1 mslMax=4000.0
[2026-04-25 16:50:18.269][CLIENT] bvr-filter id=89 reason=canRenderEntity_false dist=83.7 class=mcheli.tank.MCH_EntityTank
[2026-04-25 16:50:18.269][CLIENT] bvr-filter id=78 reason=canRenderEntity_false dist=8.8 class=net.minecraft.entity.player.EntityPlayerMP
[2026-04-25 16:50:18.269][CLIENT] bvr-filter id=79 reason=canRenderEntity_false dist=0.0 class=mcheli.plane.MCP_EntityPlane
[2026-04-25 16:50:18.269][CLIENT] bvr-scan acId=79 total=4 rendered=1 skipCan=3 skipJam=0 skipVisible=0 skipMslRange=0 skipName=0 skipNear=0 selectedId=-1 trackingId=-1 fireLockId=-1 mslMax=4000.0
[2026-04-25 16:50:18.275][CLIENT] bvr-filter id=89 reason=canRenderEntity_false dist=83.7 class=mcheli.tank.MCH_EntityTank
[2026-04-25 16:50:18.275][CLIENT] bvr-filter id=78 reason=canRenderEntity_false dist=8.8 class=net.minecraft.entity.player.EntityPlayerMP
[2026-04-25 16:50:18.275][CLIENT] bvr-filter id=79 reason=canRenderEntity_false dist=0.0 class=mcheli.plane.MCP_EntityPlane
[2026-04-25 16:50:18.275][CLIENT] bvr-scan acId=79 total=4 rendered=1 skipCan=3 skipJam=0 skipVisible=0 skipMslRange=0 skipName=0 skipNear=0 selectedId=-1 trackingId=-1 fireLockId=-1 mslMax=4000.0
[2026-04-25 16:50:18.282][CLIENT] bvr-filter id=89 reason=canRenderEntity_false dist=83.7 class=mcheli.tank.MCH_EntityTank
[2026-04-25 16:50:18.282][CLIENT] bvr-filter id=78 reason=canRenderEntity_false dist=8.8 class=net.minecraft.entity.player.EntityPlayerMP
[2026-04-25 16:50:18.282][CLIENT] bvr-filter id=79 reason=canRenderEntity_false dist=0.0 class=mcheli.plane.MCP_EntityPlane
[2026-04-25 16:50:18.282][CLIENT] bvr-scan acId=79 total=4 rendered=1 skipCan=3 skipJam=0 skipVisible=0 skipMslRange=0 skipName=0 skipNear=0 selectedId=-1 trackingId=-1 fireLockId=-1 mslMax=4000.0
[2026-04-25 16:50:18.288][CLIENT] bvr-filter id=89 reason=canRenderEntity_false dist=83.7 class=mcheli.tank.MCH_EntityTank
[2026-04-25 16:50:18.288][CLIENT] bvr-filter id=78 reason=canRenderEntity_false dist=8.8 class=net.minecraft.entity.player.EntityPlayerMP
[2026-04-25 16:50:18.288][CLIENT] bvr-filter id=79 reason=canRenderEntity_false dist=0.0 class=mcheli.plane.MCP_EntityPlane
[2026-04-25 16:50:18.288][CLIENT] bvr-scan acId=79 total=4 rendered=1 skipCan=3 skipJam=0 skipVisible=0 skipMslRange=0 skipName=0 skipNear=0 selectedId=-1 trackingId=-1 fireLockId=-1 mslMax=4000.0
[2026-04-25 16:50:18.294][CLIENT] bvr-filter id=89 reason=canRenderEntity_false dist=83.7 class=mcheli.tank.MCH_EntityTank
[2026-04-25 16:50:18.294][CLIENT] bvr-filter id=78 reason=canRenderEntity_false dist=8.8 class=net.minecraft.entity.player.EntityPlayerMP
[2026-04-25 16:50:18.294][CLIENT] bvr-filter id=79 reason=canRenderEntity_false dist=0.0 class=mcheli.plane.MCP_EntityPlane
[2026-04-25 16:50:18.294][CLIENT] bvr-scan acId=79 total=4 rendered=1 skipCan=3 skipJam=0 skipVisible=0 skipMslRange=0 skipName=0 skipNear=0 selectedId=-1 trackingId=-1 fireLockId=-1 mslMax=4000.0
[2026-04-25 16:50:18.752][CLIENT] bvr-filter id=89 reason=canRenderEntity_false dist=83.7 class=mcheli.tank.MCH_EntityTank
[2026-04-25 16:50:18.752][CLIENT] bvr-filter id=78 reason=canRenderEntity_false dist=8.8 class=net.minecraft.entity.player.EntityPlayerMP
[2026-04-25 16:50:18.752][CLIENT] bvr-filter id=79 reason=canRenderEntity_false dist=0.0 class=mcheli.plane.MCP_EntityPlane
[2026-04-25 16:50:18.752][CLIENT] bvr-scan acId=79 total=4 rendered=1 skipCan=3 skipJam=0 skipVisible=0 skipMslRange=0 skipName=0 skipNear=0 selectedId=-1 trackingId=-1 fireLockId=-1 mslMax=4000.0
[2026-04-25 16:50:18.758][CLIENT] bvr-filter id=89 reason=canRenderEntity_false dist=83.7 class=mcheli.tank.MCH_EntityTank
[2026-04-25 16:50:18.758][CLIENT] bvr-filter id=78 reason=canRenderEntity_false dist=8.8 class=net.minecraft.entity.player.EntityPlayerMP
[2026-04-25 16:50:18.758][CLIENT] bvr-filter id=79 reason=canRenderEntity_false dist=0.0 class=mcheli.plane.MCP_EntityPlane
[2026-04-25 16:50:18.758][CLIENT] bvr-scan acId=79 total=4 rendered=1 skipCan=3 skipJam=0 skipVisible=0 skipMslRange=0 skipName=0 skipNear=0 selectedId=-1 trackingId=-1 fireLockId=-1 mslMax=4000.0
[2026-04-25 16:50:18.765][CLIENT] bvr-filter id=89 reason=canRenderEntity_false dist=83.7 class=mcheli.tank.MCH_EntityTank
[2026-04-25 16:50:18.765][CLIENT] bvr-filter id=78 reason=canRenderEntity_false dist=8.8 class=net.minecraft.entity.player.EntityPlayerMP
[2026-04-25 16:50:18.765][CLIENT] bvr-filter id=79 reason=canRenderEntity_false dist=0.0 class=mcheli.plane.MCP_EntityPlane
[2026-04-25 16:50:18.765][CLIENT] bvr-scan acId=79 total=4 rendered=1 skipCan=3 skipJam=0 skipVisible=0 skipMslRange=0 skipName=0 skipNear=0 selectedId=-1 trackingId=-1 fireLockId=-1 mslMax=4000.0
[2026-04-25 16:50:18.772][CLIENT] bvr-filter id=89 reason=canRenderEntity_false dist=83.7 class=mcheli.tank.MCH_EntityTank
[2026-04-25 16:50:18.772][CLIENT] bvr-filter id=78 reason=canRenderEntity_false dist=8.8 class=net.minecraft.entity.player.EntityPlayerMP
[2026-04-25 16:50:18.772][CLIENT] bvr-filter id=79 reason=canRenderEntity_false dist=0.0 class=mcheli.plane.MCP_EntityPlane
[2026-04-25 16:50:18.772][CLIENT] bvr-scan acId=79 total=4 rendered=1 skipCan=3 skipJam=0 skipVisible=0 skipMslRange=0 skipName=0 skipNear=0 selectedId=-1 trackingId=-1 fireLockId=-1 mslMax=4000.0
[2026-04-25 16:50:18.779][CLIENT] bvr-filter id=89 reason=canRenderEntity_false dist=83.7 class=mcheli.tank.MCH_EntityTank
[2026-04-25 16:50:18.779][CLIENT] bvr-filter id=78 reason=canRenderEntity_false dist=8.8 class=net.minecraft.entity.player.EntityPlayerMP
[2026-04-25 16:50:18.779][CLIENT] bvr-filter id=79 reason=canRenderEntity_false dist=0.0 class=mcheli.plane.MCP_EntityPlane
[2026-04-25 16:50:18.779][CLIENT] bvr-scan acId=79 total=4 rendered=1 skipCan=3 skipJam=0 skipVisible=0 skipMslRange=0 skipName=0 skipNear=0 selectedId=-1 trackingId=-1 fireLockId=-1 mslMax=4000.0
[2026-04-25 16:50:18.786][CLIENT] bvr-filter id=89 reason=canRenderEntity_false dist=83.7 class=mcheli.tank.MCH_EntityTank
[2026-04-25 16:50:18.786][CLIENT] bvr-filter id=78 reason=canRenderEntity_false dist=8.8 class=net.minecraft.entity.player.EntityPlayerMP
[2026-04-25 16:50:18.786][CLIENT] bvr-filter id=79 reason=canRenderEntity_false dist=0.0 class=mcheli.plane.MCP_EntityPlane
[2026-04-25 16:50:18.786][CLIENT] bvr-scan acId=79 total=4 rendered=1 skipCan=3 skipJam=0 skipVisible=0 skipMslRange=0 skipName=0 skipNear=0 selectedId=-1 trackingId=-1 fireLockId=-1 mslMax=4000.0
[2026-04-25 16:50:18.793][CLIENT] bvr-filter id=89 reason=canRenderEntity_false dist=83.7 class=mcheli.tank.MCH_EntityTank
[2026-04-25 16:50:18.793][CLIENT] bvr-filter id=78 reason=canRenderEntity_false dist=8.8 class=net.minecraft.entity.player.EntityPlayerMP
[2026-04-25 16:50:18.793][CLIENT] bvr-filter id=79 reason=canRenderEntity_false dist=0.0 class=mcheli.plane.MCP_EntityPlane
[2026-04-25 16:50:18.793][CLIENT] bvr-scan acId=79 total=4 rendered=1 skipCan=3 skipJam=0 skipVisible=0 skipMslRange=0 skipName=0 skipNear=0 selectedId=-1 trackingId=-1 fireLockId=-1 mslMax=4000.0
[2026-04-25 16:50:19.255][CLIENT] bvr-filter id=89 reason=canRenderEntity_false dist=83.7 class=mcheli.tank.MCH_EntityTank
[2026-04-25 16:50:19.255][CLIENT] bvr-filter id=78 reason=canRenderEntity_false dist=8.8 class=net.minecraft.entity.player.EntityPlayerMP
[2026-04-25 16:50:19.255][CLIENT] bvr-filter id=79 reason=canRenderEntity_false dist=0.0 class=mcheli.plane.MCP_EntityPlane
[2026-04-25 16:50:19.255][CLIENT] bvr-scan acId=79 total=5 rendered=2 skipCan=3 skipJam=0 skipVisible=0 skipMslRange=0 skipName=0 skipNear=0 selectedId=-1 trackingId=-1 fireLockId=-1 mslMax=4000.0
[2026-04-25 16:50:19.263][CLIENT] bvr-filter id=89 reason=canRenderEntity_false dist=83.7 class=mcheli.tank.MCH_EntityTank
[2026-04-25 16:50:19.263][CLIENT] bvr-filter id=78 reason=canRenderEntity_false dist=8.8 class=net.minecraft.entity.player.EntityPlayerMP
[2026-04-25 16:50:19.263][CLIENT] bvr-filter id=79 reason=canRenderEntity_false dist=0.0 class=mcheli.plane.MCP_EntityPlane
[2026-04-25 16:50:19.263][CLIENT] bvr-scan acId=79 total=5 rendered=2 skipCan=3 skipJam=0 skipVisible=0 skipMslRange=0 skipName=0 skipNear=0 selectedId=-1 trackingId=-1 fireLockId=-1 mslMax=4000.0
[2026-04-25 16:50:19.270][CLIENT] bvr-filter id=89 reason=canRenderEntity_false dist=83.7 class=mcheli.tank.MCH_EntityTank
[2026-04-25 16:50:19.270][CLIENT] bvr-filter id=78 reason=canRenderEntity_false dist=8.8 class=net.minecraft.entity.player.EntityPlayerMP
[2026-04-25 16:50:19.270][CLIENT] bvr-filter id=79 reason=canRenderEntity_false dist=0.0 class=mcheli.plane.MCP_EntityPlane
[2026-04-25 16:50:19.270][CLIENT] bvr-scan acId=79 total=5 rendered=2 skipCan=3 skipJam=0 skipVisible=0 skipMslRange=0 skipName=0 skipNear=0 selectedId=-1 trackingId=-1 fireLockId=-1 mslMax=4000.0
[2026-04-25 16:50:19.277][CLIENT] bvr-filter id=89 reason=canRenderEntity_false dist=83.7 class=mcheli.tank.MCH_EntityTank
[2026-04-25 16:50:19.277][CLIENT] bvr-filter id=78 reason=canRenderEntity_false dist=8.8 class=net.minecraft.entity.player.EntityPlayerMP
[2026-04-25 16:50:19.277][CLIENT] bvr-filter id=79 reason=canRenderEntity_false dist=0.0 class=mcheli.plane.MCP_EntityPlane
[2026-04-25 16:50:19.277][CLIENT] bvr-scan acId=79 total=5 rendered=2 skipCan=3 skipJam=0 skipVisible=0 skipMslRange=0 skipName=0 skipNear=0 selectedId=-1 trackingId=-1 fireLockId=-1 mslMax=4000.0
[2026-04-25 16:50:19.284][CLIENT] bvr-filter id=89 reason=canRenderEntity_false dist=83.7 class=mcheli.tank.MCH_EntityTank
[2026-04-25 16:50:19.284][CLIENT] bvr-filter id=78 reason=canRenderEntity_false dist=8.8 class=net.minecraft.entity.player.EntityPlayerMP
[2026-04-25 16:50:19.284][CLIENT] bvr-filter id=79 reason=canRenderEntity_false dist=0.0 class=mcheli.plane.MCP_EntityPlane
[2026-04-25 16:50:19.284][CLIENT] bvr-scan acId=79 total=5 rendered=2 skipCan=3 skipJam=0 skipVisible=0 skipMslRange=0 skipName=0 skipNear=0 selectedId=-1 trackingId=-1 fireLockId=-1 mslMax=4000.0
[2026-04-25 16:50:19.290][CLIENT] bvr-filter id=89 reason=canRenderEntity_false dist=83.7 class=mcheli.tank.MCH_EntityTank
[2026-04-25 16:50:19.290][CLIENT] bvr-filter id=78 reason=canRenderEntity_false dist=8.8 class=net.minecraft.entity.player.EntityPlayerMP
[2026-04-25 16:50:19.290][CLIENT] bvr-filter id=79 reason=canRenderEntity_false dist=0.0 class=mcheli.plane.MCP_EntityPlane
[2026-04-25 16:50:19.290][CLIENT] bvr-scan acId=79 total=5 rendered=2 skipCan=3 skipJam=0 skipVisible=0 skipMslRange=0 skipName=0 skipNear=0 selectedId=-1 trackingId=-1 fireLockId=-1 mslMax=4000.0
[2026-04-25 16:50:19.297][CLIENT] bvr-filter id=89 reason=canRenderEntity_false dist=83.7 class=mcheli.tank.MCH_EntityTank
[2026-04-25 16:50:19.297][CLIENT] bvr-filter id=78 reason=canRenderEntity_false dist=8.8 class=net.minecraft.entity.player.EntityPlayerMP
[2026-04-25 16:50:19.297][CLIENT] bvr-filter id=79 reason=canRenderEntity_false dist=0.0 class=mcheli.plane.MCP_EntityPlane
[2026-04-25 16:50:19.297][CLIENT] bvr-scan acId=79 total=5 rendered=2 skipCan=3 skipJam=0 skipVisible=0 skipMslRange=0 skipName=0 skipNear=0 selectedId=-1 trackingId=-1 fireLockId=-1 mslMax=4000.0
[2026-04-25 16:50:19.755][CLIENT] bvr-filter id=89 reason=canRenderEntity_false dist=83.7 class=mcheli.tank.MCH_EntityTank
[2026-04-25 16:50:19.755][CLIENT] bvr-filter id=78 reason=canRenderEntity_false dist=8.8 class=net.minecraft.entity.player.EntityPlayerMP
[2026-04-25 16:50:19.755][CLIENT] bvr-filter id=79 reason=canRenderEntity_false dist=0.0 class=mcheli.plane.MCP_EntityPlane
[2026-04-25 16:50:19.755][CLIENT] bvr-scan acId=79 total=5 rendered=2 skipCan=3 skipJam=0 skipVisible=0 skipMslRange=0 skipName=0 skipNear=0 selectedId=-1 trackingId=-1 fireLockId=-1 mslMax=4000.0
[2026-04-25 16:50:19.761][CLIENT] bvr-filter id=89 reason=canRenderEntity_false dist=83.7 class=mcheli.tank.MCH_EntityTank
[2026-04-25 16:50:19.761][CLIENT] bvr-filter id=78 reason=canRenderEntity_false dist=8.8 class=net.minecraft.entity.player.EntityPlayerMP
[2026-04-25 16:50:19.761][CLIENT] bvr-filter id=79 reason=canRenderEntity_false dist=0.0 class=mcheli.plane.MCP_EntityPlane
[2026-04-25 16:50:19.761][CLIENT] bvr-scan acId=79 total=5 rendered=2 skipCan=3 skipJam=0 skipVisible=0 skipMslRange=0 skipName=0 skipNear=0 selectedId=-1 trackingId=-1 fireLockId=-1 mslMax=4000.0
[2026-04-25 16:50:19.768][CLIENT] bvr-filter id=89 reason=canRenderEntity_false dist=83.7 class=mcheli.tank.MCH_EntityTank
[2026-04-25 16:50:19.768][CLIENT] bvr-filter id=78 reason=canRenderEntity_false dist=8.8 class=net.minecraft.entity.player.EntityPlayerMP
[2026-04-25 16:50:19.768][CLIENT] bvr-filter id=79 reason=canRenderEntity_false dist=0.0 class=mcheli.plane.MCP_EntityPlane
[2026-04-25 16:50:19.768][CLIENT] bvr-scan acId=79 total=5 rendered=2 skipCan=3 skipJam=0 skipVisible=0 skipMslRange=0 skipName=0 skipNear=0 selectedId=-1 trackingId=-1 fireLockId=-1 mslMax=4000.0
[2026-04-25 16:50:19.775][CLIENT] bvr-filter id=89 reason=canRenderEntity_false dist=83.7 class=mcheli.tank.MCH_EntityTank
[2026-04-25 16:50:19.775][CLIENT] bvr-filter id=78 reason=canRenderEntity_false dist=8.8 class=net.minecraft.entity.player.EntityPlayerMP
[2026-04-25 16:50:19.775][CLIENT] bvr-filter id=79 reason=canRenderEntity_false dist=0.0 class=mcheli.plane.MCP_EntityPlane
[2026-04-25 16:50:19.775][CLIENT] bvr-scan acId=79 total=5 rendered=2 skipCan=3 skipJam=0 skipVisible=0 skipMslRange=0 skipName=0 skipNear=0 selectedId=-1 trackingId=-1 fireLockId=-1 mslMax=4000.0
[2026-04-25 16:50:19.783][CLIENT] bvr-filter id=89 reason=canRenderEntity_false dist=83.7 class=mcheli.tank.MCH_EntityTank
[2026-04-25 16:50:19.783][CLIENT] bvr-filter id=78 reason=canRenderEntity_false dist=8.8 class=net.minecraft.entity.player.EntityPlayerMP
[2026-04-25 16:50:19.783][CLIENT] bvr-filter id=79 reason=canRenderEntity_false dist=0.0 class=mcheli.plane.MCP_EntityPlane
[2026-04-25 16:50:19.783][CLIENT] bvr-scan acId=79 total=5 rendered=2 skipCan=3 skipJam=0 skipVisible=0 skipMslRange=0 skipName=0 skipNear=0 selectedId=-1 trackingId=-1 fireLockId=-1 mslMax=4000.0
[2026-04-25 16:50:19.791][CLIENT] bvr-filter id=89 reason=canRenderEntity_false dist=83.7 class=mcheli.tank.MCH_EntityTank
[2026-04-25 16:50:19.791][CLIENT] bvr-filter id=78 reason=canRenderEntity_false dist=8.8 class=net.minecraft.entity.player.EntityPlayerMP
[2026-04-25 16:50:19.791][CLIENT] bvr-filter id=79 reason=canRenderEntity_false dist=0.0 class=mcheli.plane.MCP_EntityPlane
[2026-04-25 16:50:19.791][CLIENT] bvr-scan acId=79 total=5 rendered=2 skipCan=3 skipJam=0 skipVisible=0 skipMslRange=0 skipName=0 skipNear=0 selectedId=-1 trackingId=-1 fireLockId=-1 mslMax=4000.0
[2026-04-25 16:50:20.253][CLIENT] bvr-filter id=89 reason=canRenderEntity_false dist=83.7 class=mcheli.tank.MCH_EntityTank
[2026-04-25 16:50:20.253][CLIENT] bvr-filter id=78 reason=canRenderEntity_false dist=8.8 class=net.minecraft.entity.player.EntityPlayerMP
[2026-04-25 16:50:20.253][CLIENT] bvr-filter id=79 reason=canRenderEntity_false dist=0.0 class=mcheli.plane.MCP_EntityPlane
[2026-04-25 16:50:20.253][CLIENT] bvr-scan acId=79 total=5 rendered=2 skipCan=3 skipJam=0 skipVisible=0 skipMslRange=0 skipName=0 skipNear=0 selectedId=4503 trackingId=-1 fireLockId=-1 mslMax=4000.0
[2026-04-25 16:50:20.260][CLIENT] bvr-filter id=89 reason=canRenderEntity_false dist=83.7 class=mcheli.tank.MCH_EntityTank
[2026-04-25 16:50:20.260][CLIENT] bvr-filter id=78 reason=canRenderEntity_false dist=8.8 class=net.minecraft.entity.player.EntityPlayerMP
[2026-04-25 16:50:20.260][CLIENT] bvr-filter id=79 reason=canRenderEntity_false dist=0.0 class=mcheli.plane.MCP_EntityPlane
[2026-04-25 16:50:20.260][CLIENT] bvr-scan acId=79 total=5 rendered=2 skipCan=3 skipJam=0 skipVisible=0 skipMslRange=0 skipName=0 skipNear=0 selectedId=4503 trackingId=-1 fireLockId=-1 mslMax=4000.0
[2026-04-25 16:50:20.267][CLIENT] bvr-filter id=89 reason=canRenderEntity_false dist=83.7 class=mcheli.tank.MCH_EntityTank
[2026-04-25 16:50:20.267][CLIENT] bvr-filter id=78 reason=canRenderEntity_false dist=8.8 class=net.minecraft.entity.player.EntityPlayerMP
[2026-04-25 16:50:20.267][CLIENT] bvr-filter id=79 reason=canRenderEntity_false dist=0.0 class=mcheli.plane.MCP_EntityPlane
[2026-04-25 16:50:20.267][CLIENT] bvr-scan acId=79 total=5 rendered=2 skipCan=3 skipJam=0 skipVisible=0 skipMslRange=0 skipName=0 skipNear=0 selectedId=4503 trackingId=-1 fireLockId=-1 mslMax=4000.0
[2026-04-25 16:50:20.274][CLIENT] bvr-filter id=89 reason=canRenderEntity_false dist=83.7 class=mcheli.tank.MCH_EntityTank
[2026-04-25 16:50:20.274][CLIENT] bvr-filter id=78 reason=canRenderEntity_false dist=8.8 class=net.minecraft.entity.player.EntityPlayerMP
[2026-04-25 16:50:20.274][CLIENT] bvr-filter id=79 reason=canRenderEntity_false dist=0.0 class=mcheli.plane.MCP_EntityPlane
[2026-04-25 16:50:20.274][CLIENT] bvr-scan acId=79 total=5 rendered=2 skipCan=3 skipJam=0 skipVisible=0 skipMslRange=0 skipName=0 skipNear=0 selectedId=4503 trackingId=-1 fireLockId=-1 mslMax=4000.0
[2026-04-25 16:50:20.280][CLIENT] bvr-filter id=89 reason=canRenderEntity_false dist=83.7 class=mcheli.tank.MCH_EntityTank
[2026-04-25 16:50:20.280][CLIENT] bvr-filter id=78 reason=canRenderEntity_false dist=8.8 class=net.minecraft.entity.player.EntityPlayerMP
[2026-04-25 16:50:20.280][CLIENT] bvr-filter id=79 reason=canRenderEntity_false dist=0.0 class=mcheli.plane.MCP_EntityPlane
[2026-04-25 16:50:20.281][CLIENT] bvr-scan acId=79 total=5 rendered=2 skipCan=3 skipJam=0 skipVisible=0 skipMslRange=0 skipName=0 skipNear=0 selectedId=4503 trackingId=-1 fireLockId=-1 mslMax=4000.0
[2026-04-25 16:50:20.287][CLIENT] bvr-filter id=89 reason=canRenderEntity_false dist=83.7 class=mcheli.tank.MCH_EntityTank
[2026-04-25 16:50:20.287][CLIENT] bvr-filter id=78 reason=canRenderEntity_false dist=8.8 class=net.minecraft.entity.player.EntityPlayerMP
[2026-04-25 16:50:20.287][CLIENT] bvr-filter id=79 reason=canRenderEntity_false dist=0.0 class=mcheli.plane.MCP_EntityPlane
[2026-04-25 16:50:20.287][CLIENT] bvr-scan acId=79 total=5 rendered=2 skipCan=3 skipJam=0 skipVisible=0 skipMslRange=0 skipName=0 skipNear=0 selectedId=4503 trackingId=-1 fireLockId=-1 mslMax=4000.0
[2026-04-25 16:50:20.295][CLIENT] bvr-filter id=89 reason=canRenderEntity_false dist=83.7 class=mcheli.tank.MCH_EntityTank
[2026-04-25 16:50:20.295][CLIENT] bvr-filter id=78 reason=canRenderEntity_false dist=8.8 class=net.minecraft.entity.player.EntityPlayerMP
[2026-04-25 16:50:20.295][CLIENT] bvr-filter id=79 reason=canRenderEntity_false dist=0.0 class=mcheli.plane.MCP_EntityPlane
[2026-04-25 16:50:20.295][CLIENT] bvr-scan acId=79 total=5 rendered=2 skipCan=3 skipJam=0 skipVisible=0 skipMslRange=0 skipName=0 skipNear=0 selectedId=4503 trackingId=-1 fireLockId=-1 mslMax=4000.0
[2026-04-25 16:50:20.751][CLIENT] bvr-filter id=89 reason=canRenderEntity_false dist=83.7 class=mcheli.tank.MCH_EntityTank
[2026-04-25 16:50:20.751][CLIENT] bvr-filter id=78 reason=canRenderEntity_false dist=8.8 class=net.minecraft.entity.player.EntityPlayerMP
[2026-04-25 16:50:20.751][CLIENT] bvr-filter id=79 reason=canRenderEntity_false dist=0.0 class=mcheli.plane.MCP_EntityPlane
[2026-04-25 16:50:20.751][CLIENT] bvr-scan acId=79 total=4 rendered=1 skipCan=3 skipJam=0 skipVisible=0 skipMslRange=0 skipName=0 skipNear=0 selectedId=4503 trackingId=4503 fireLockId=4503 mslMax=4000.0
[2026-04-25 16:50:20.758][CLIENT] bvr-filter id=89 reason=canRenderEntity_false dist=83.7 class=mcheli.tank.MCH_EntityTank
[2026-04-25 16:50:20.758][CLIENT] bvr-filter id=78 reason=canRenderEntity_false dist=8.8 class=net.minecraft.entity.player.EntityPlayerMP
[2026-04-25 16:50:20.758][CLIENT] bvr-filter id=79 reason=canRenderEntity_false dist=0.0 class=mcheli.plane.MCP_EntityPlane
[2026-04-25 16:50:20.758][CLIENT] bvr-scan acId=79 total=4 rendered=1 skipCan=3 skipJam=0 skipVisible=0 skipMslRange=0 skipName=0 skipNear=0 selectedId=4503 trackingId=4503 fireLockId=4503 mslMax=4000.0
[2026-04-25 16:50:20.764][CLIENT] bvr-filter id=89 reason=canRenderEntity_false dist=83.7 class=mcheli.tank.MCH_EntityTank
[2026-04-25 16:50:20.764][CLIENT] bvr-filter id=78 reason=canRenderEntity_false dist=8.8 class=net.minecraft.entity.player.EntityPlayerMP
[2026-04-25 16:50:20.764][CLIENT] bvr-filter id=79 reason=canRenderEntity_false dist=0.0 class=mcheli.plane.MCP_EntityPlane
[2026-04-25 16:50:20.764][CLIENT] bvr-scan acId=79 total=4 rendered=1 skipCan=3 skipJam=0 skipVisible=0 skipMslRange=0 skipName=0 skipNear=0 selectedId=4503 trackingId=4503 fireLockId=4503 mslMax=4000.0
[2026-04-25 16:50:20.771][CLIENT] bvr-filter id=89 reason=canRenderEntity_false dist=83.7 class=mcheli.tank.MCH_EntityTank
[2026-04-25 16:50:20.771][CLIENT] bvr-filter id=78 reason=canRenderEntity_false dist=8.8 class=net.minecraft.entity.player.EntityPlayerMP
[2026-04-25 16:50:20.771][CLIENT] bvr-filter id=79 reason=canRenderEntity_false dist=0.0 class=mcheli.plane.MCP_EntityPlane
[2026-04-25 16:50:20.771][CLIENT] bvr-scan acId=79 total=4 rendered=1 skipCan=3 skipJam=0 skipVisible=0 skipMslRange=0 skipName=0 skipNear=0 selectedId=4503 trackingId=4503 fireLockId=4503 mslMax=4000.0
[2026-04-25 16:50:20.778][CLIENT] bvr-filter id=89 reason=canRenderEntity_false dist=83.7 class=mcheli.tank.MCH_EntityTank
[2026-04-25 16:50:20.778][CLIENT] bvr-filter id=78 reason=canRenderEntity_false dist=8.8 class=net.minecraft.entity.player.EntityPlayerMP
[2026-04-25 16:50:20.778][CLIENT] bvr-filter id=79 reason=canRenderEntity_false dist=0.0 class=mcheli.plane.MCP_EntityPlane
[2026-04-25 16:50:20.778][CLIENT] bvr-scan acId=79 total=4 rendered=1 skipCan=3 skipJam=0 skipVisible=0 skipMslRange=0 skipName=0 skipNear=0 selectedId=4503 trackingId=4503 fireLockId=4503 mslMax=4000.0
[2026-04-25 16:50:20.785][CLIENT] bvr-filter id=89 reason=canRenderEntity_false dist=83.7 class=mcheli.tank.MCH_EntityTank
[2026-04-25 16:50:20.785][CLIENT] bvr-filter id=78 reason=canRenderEntity_false dist=8.8 class=net.minecraft.entity.player.EntityPlayerMP
[2026-04-25 16:50:20.785][CLIENT] bvr-filter id=79 reason=canRenderEntity_false dist=0.0 class=mcheli.plane.MCP_EntityPlane
[2026-04-25 16:50:20.785][CLIENT] bvr-scan acId=79 total=4 rendered=1 skipCan=3 skipJam=0 skipVisible=0 skipMslRange=0 skipName=0 skipNear=0 selectedId=4503 trackingId=4503 fireLockId=4503 mslMax=4000.0
[2026-04-25 16:50:20.791][CLIENT] bvr-filter id=89 reason=canRenderEntity_false dist=83.7 class=mcheli.tank.MCH_EntityTank
[2026-04-25 16:50:20.791][CLIENT] bvr-filter id=78 reason=canRenderEntity_false dist=8.8 class=net.minecraft.entity.player.EntityPlayerMP
[2026-04-25 16:50:20.791][CLIENT] bvr-filter id=79 reason=canRenderEntity_false dist=0.0 class=mcheli.plane.MCP_EntityPlane
[2026-04-25 16:50:20.791][CLIENT] bvr-scan acId=79 total=4 rendered=1 skipCan=3 skipJam=0 skipVisible=0 skipMslRange=0 skipName=0 skipNear=0 selectedId=4503 trackingId=4503 fireLockId=4503 mslMax=4000.0
[2026-04-25 16:50:21.253][CLIENT] bvr-filter id=89 reason=canRenderEntity_false dist=83.7 class=mcheli.tank.MCH_EntityTank
[2026-04-25 16:50:21.253][CLIENT] bvr-filter id=78 reason=canRenderEntity_false dist=8.8 class=net.minecraft.entity.player.EntityPlayerMP
[2026-04-25 16:50:21.253][CLIENT] bvr-filter id=79 reason=canRenderEntity_false dist=0.0 class=mcheli.plane.MCP_EntityPlane
[2026-04-25 16:50:21.253][CLIENT] bvr-scan acId=79 total=4 rendered=1 skipCan=3 skipJam=0 skipVisible=0 skipMslRange=0 skipName=0 skipNear=0 selectedId=4503 trackingId=4503 fireLockId=4503 mslMax=4000.0
[2026-04-25 16:50:21.260][CLIENT] bvr-filter id=89 reason=canRenderEntity_false dist=83.7 class=mcheli.tank.MCH_EntityTank
[2026-04-25 16:50:21.260][CLIENT] bvr-filter id=78 reason=canRenderEntity_false dist=8.8 class=net.minecraft.entity.player.EntityPlayerMP
[2026-04-25 16:50:21.260][CLIENT] bvr-filter id=79 reason=canRenderEntity_false dist=0.0 class=mcheli.plane.MCP_EntityPlane
[2026-04-25 16:50:21.260][CLIENT] bvr-scan acId=79 total=4 rendered=1 skipCan=3 skipJam=0 skipVisible=0 skipMslRange=0 skipName=0 skipNear=0 selectedId=4503 trackingId=-1 fireLockId=-1 mslMax=4000.0
[2026-04-25 16:50:21.266][CLIENT] bvr-filter id=89 reason=canRenderEntity_false dist=83.7 class=mcheli.tank.MCH_EntityTank
[2026-04-25 16:50:21.266][CLIENT] bvr-filter id=78 reason=canRenderEntity_false dist=8.8 class=net.minecraft.entity.player.EntityPlayerMP
[2026-04-25 16:50:21.266][CLIENT] bvr-filter id=79 reason=canRenderEntity_false dist=0.0 class=mcheli.plane.MCP_EntityPlane
[2026-04-25 16:50:21.266][CLIENT] bvr-scan acId=79 total=4 rendered=1 skipCan=3 skipJam=0 skipVisible=0 skipMslRange=0 skipName=0 skipNear=0 selectedId=4503 trackingId=-1 fireLockId=-1 mslMax=4000.0
[2026-04-25 16:50:21.273][CLIENT] bvr-filter id=89 reason=canRenderEntity_false dist=83.7 class=mcheli.tank.MCH_EntityTank
[2026-04-25 16:50:21.273][CLIENT] bvr-filter id=78 reason=canRenderEntity_false dist=8.8 class=net.minecraft.entity.player.EntityPlayerMP
[2026-04-25 16:50:21.273][CLIENT] bvr-filter id=79 reason=canRenderEntity_false dist=0.0 class=mcheli.plane.MCP_EntityPlane
[2026-04-25 16:50:21.273][CLIENT] bvr-scan acId=79 total=4 rendered=1 skipCan=3 skipJam=0 skipVisible=0 skipMslRange=0 skipName=0 skipNear=0 selectedId=4503 trackingId=-1 fireLockId=-1 mslMax=4000.0
[2026-04-25 16:50:21.281][CLIENT] bvr-filter id=89 reason=canRenderEntity_false dist=83.7 class=mcheli.tank.MCH_EntityTank
[2026-04-25 16:50:21.281][CLIENT] bvr-filter id=78 reason=canRenderEntity_false dist=8.8 class=net.minecraft.entity.player.EntityPlayerMP
[2026-04-25 16:50:21.281][CLIENT] bvr-filter id=79 reason=canRenderEntity_false dist=0.0 class=mcheli.plane.MCP_EntityPlane
[2026-04-25 16:50:21.281][CLIENT] bvr-scan acId=79 total=4 rendered=1 skipCan=3 skipJam=0 skipVisible=0 skipMslRange=0 skipName=0 skipNear=0 selectedId=4503 trackingId=-1 fireLockId=-1 mslMax=4000.0
[2026-04-25 16:50:21.287][CLIENT] bvr-filter id=89 reason=canRenderEntity_false dist=83.7 class=mcheli.tank.MCH_EntityTank
[2026-04-25 16:50:21.287][CLIENT] bvr-filter id=78 reason=canRenderEntity_false dist=8.8 class=net.minecraft.entity.player.EntityPlayerMP
[2026-04-25 16:50:21.287][CLIENT] bvr-filter id=79 reason=canRenderEntity_false dist=0.0 class=mcheli.plane.MCP_EntityPlane
[2026-04-25 16:50:21.287][CLIENT] bvr-scan acId=79 total=4 rendered=1 skipCan=3 skipJam=0 skipVisible=0 skipMslRange=0 skipName=0 skipNear=0 selectedId=4503 trackingId=-1 fireLockId=-1 mslMax=4000.0
[2026-04-25 16:50:21.294][CLIENT] bvr-filter id=89 reason=canRenderEntity_false dist=83.7 class=mcheli.tank.MCH_EntityTank
[2026-04-25 16:50:21.294][CLIENT] bvr-filter id=78 reason=canRenderEntity_false dist=8.8 class=net.minecraft.entity.player.EntityPlayerMP
[2026-04-25 16:50:21.294][CLIENT] bvr-filter id=79 reason=canRenderEntity_false dist=0.0 class=mcheli.plane.MCP_EntityPlane
[2026-04-25 16:50:21.294][CLIENT] bvr-scan acId=79 total=4 rendered=1 skipCan=3 skipJam=0 skipVisible=0 skipMslRange=0 skipName=0 skipNear=0 selectedId=4503 trackingId=-1 fireLockId=-1 mslMax=4000.0
[2026-04-25 16:50:21.757][CLIENT] bvr-filter id=89 reason=canRenderEntity_false dist=83.7 class=mcheli.tank.MCH_EntityTank
[2026-04-25 16:50:21.757][CLIENT] bvr-filter id=78 reason=canRenderEntity_false dist=8.8 class=net.minecraft.entity.player.EntityPlayerMP
[2026-04-25 16:50:21.757][CLIENT] bvr-filter id=79 reason=canRenderEntity_false dist=0.0 class=mcheli.plane.MCP_EntityPlane
[2026-04-25 16:50:21.757][CLIENT] bvr-scan acId=79 total=4 rendered=1 skipCan=3 skipJam=0 skipVisible=0 skipMslRange=0 skipName=0 skipNear=0 selectedId=4625 trackingId=-1 fireLockId=-1 mslMax=4000.0
[2026-04-25 16:50:21.764][CLIENT] bvr-filter id=89 reason=canRenderEntity_false dist=83.7 class=mcheli.tank.MCH_EntityTank
[2026-04-25 16:50:21.764][CLIENT] bvr-filter id=78 reason=canRenderEntity_false dist=8.8 class=net.minecraft.entity.player.EntityPlayerMP
[2026-04-25 16:50:21.764][CLIENT] bvr-filter id=79 reason=canRenderEntity_false dist=0.0 class=mcheli.plane.MCP_EntityPlane
[2026-04-25 16:50:21.764][CLIENT] bvr-scan acId=79 total=4 rendered=1 skipCan=3 skipJam=0 skipVisible=0 skipMslRange=0 skipName=0 skipNear=0 selectedId=4625 trackingId=-1 fireLockId=-1 mslMax=4000.0
[2026-04-25 16:50:21.770][CLIENT] bvr-filter id=89 reason=canRenderEntity_false dist=83.7 class=mcheli.tank.MCH_EntityTank
[2026-04-25 16:50:21.770][CLIENT] bvr-filter id=78 reason=canRenderEntity_false dist=8.8 class=net.minecraft.entity.player.EntityPlayerMP
[2026-04-25 16:50:21.770][CLIENT] bvr-filter id=79 reason=canRenderEntity_false dist=0.0 class=mcheli.plane.MCP_EntityPlane
[2026-04-25 16:50:21.770][CLIENT] bvr-scan acId=79 total=4 rendered=1 skipCan=3 skipJam=0 skipVisible=0 skipMslRange=0 skipName=0 skipNear=0 selectedId=4625 trackingId=-1 fireLockId=-1 mslMax=4000.0
[2026-04-25 16:50:21.776][CLIENT] bvr-filter id=89 reason=canRenderEntity_false dist=83.7 class=mcheli.tank.MCH_EntityTank
[2026-04-25 16:50:21.776][CLIENT] bvr-filter id=78 reason=canRenderEntity_false dist=8.8 class=net.minecraft.entity.player.EntityPlayerMP
[2026-04-25 16:50:21.776][CLIENT] bvr-filter id=79 reason=canRenderEntity_false dist=0.0 class=mcheli.plane.MCP_EntityPlane
[2026-04-25 16:50:21.777][CLIENT] bvr-scan acId=79 total=4 rendered=1 skipCan=3 skipJam=0 skipVisible=0 skipMslRange=0 skipName=0 skipNear=0 selectedId=4625 trackingId=-1 fireLockId=-1 mslMax=4000.0
[2026-04-25 16:50:21.783][CLIENT] bvr-filter id=89 reason=canRenderEntity_false dist=83.7 class=mcheli.tank.MCH_EntityTank
[2026-04-25 16:50:21.783][CLIENT] bvr-filter id=78 reason=canRenderEntity_false dist=8.8 class=net.minecraft.entity.player.EntityPlayerMP
[2026-04-25 16:50:21.783][CLIENT] bvr-filter id=79 reason=canRenderEntity_false dist=0.0 class=mcheli.plane.MCP_EntityPlane
[2026-04-25 16:50:21.783][CLIENT] bvr-scan acId=79 total=4 rendered=1 skipCan=3 skipJam=0 skipVisible=0 skipMslRange=0 skipName=0 skipNear=0 selectedId=4625 trackingId=-1 fireLockId=-1 mslMax=4000.0
[2026-04-25 16:50:21.791][CLIENT] bvr-filter id=89 reason=canRenderEntity_false dist=83.7 class=mcheli.tank.MCH_EntityTank
[2026-04-25 16:50:21.791][CLIENT] bvr-filter id=78 reason=canRenderEntity_false dist=8.8 class=net.minecraft.entity.player.EntityPlayerMP
[2026-04-25 16:50:21.791][CLIENT] bvr-filter id=79 reason=canRenderEntity_false dist=0.0 class=mcheli.plane.MCP_EntityPlane
[2026-04-25 16:50:21.791][CLIENT] bvr-scan acId=79 total=4 rendered=1 skipCan=3 skipJam=0 skipVisible=0 skipMslRange=0 skipName=0 skipNear=0 selectedId=4625 trackingId=-1 fireLockId=-1 mslMax=4000.0
[2026-04-25 16:50:21.798][CLIENT] bvr-filter id=89 reason=canRenderEntity_false dist=83.7 class=mcheli.tank.MCH_EntityTank
[2026-04-25 16:50:21.798][CLIENT] bvr-filter id=78 reason=canRenderEntity_false dist=8.8 class=net.minecraft.entity.player.EntityPlayerMP
[2026-04-25 16:50:21.798][CLIENT] bvr-filter id=79 reason=canRenderEntity_false dist=0.0 class=mcheli.plane.MCP_EntityPlane
[2026-04-25 16:50:21.798][CLIENT] bvr-scan acId=79 total=4 rendered=1 skipCan=3 skipJam=0 skipVisible=0 skipMslRange=0 skipName=0 skipNear=0 selectedId=4625 trackingId=-1 fireLockId=-1 mslMax=4000.0
[2026-04-25 16:50:22.255][CLIENT] bvr-filter id=4627 reason=canRenderEntity_false dist=12.8 class=mcheli.weapon.MCH_EntityAAMissile
[2026-04-25 16:50:22.255][CLIENT] bvr-filter id=89 reason=canRenderEntity_false dist=83.7 class=mcheli.tank.MCH_EntityTank
[2026-04-25 16:50:22.255][CLIENT] bvr-filter id=78 reason=canRenderEntity_false dist=8.8 class=net.minecraft.entity.player.EntityPlayerMP
[2026-04-25 16:50:22.255][CLIENT] bvr-filter id=79 reason=canRenderEntity_false dist=0.0 class=mcheli.plane.MCP_EntityPlane
[2026-04-25 16:50:22.255][CLIENT] bvr-scan acId=79 total=5 rendered=1 skipCan=4 skipJam=0 skipVisible=0 skipMslRange=0 skipName=0 skipNear=0 selectedId=4625 trackingId=4625 fireLockId=4625 mslMax=4000.0
[2026-04-25 16:50:22.261][CLIENT] bvr-filter id=4627 reason=canRenderEntity_false dist=12.8 class=mcheli.weapon.MCH_EntityAAMissile
[2026-04-25 16:50:22.261][CLIENT] bvr-filter id=89 reason=canRenderEntity_false dist=83.7 class=mcheli.tank.MCH_EntityTank
[2026-04-25 16:50:22.261][CLIENT] bvr-filter id=78 reason=canRenderEntity_false dist=8.8 class=net.minecraft.entity.player.EntityPlayerMP
[2026-04-25 16:50:22.261][CLIENT] bvr-filter id=79 reason=canRenderEntity_false dist=0.0 class=mcheli.plane.MCP_EntityPlane
[2026-04-25 16:50:22.261][CLIENT] bvr-scan acId=79 total=5 rendered=1 skipCan=4 skipJam=0 skipVisible=0 skipMslRange=0 skipName=0 skipNear=0 selectedId=4625 trackingId=4625 fireLockId=4625 mslMax=4000.0
[2026-04-25 16:50:22.274][CLIENT] bvr-filter id=4627 reason=canRenderEntity_false dist=12.8 class=mcheli.weapon.MCH_EntityAAMissile
[2026-04-25 16:50:22.274][CLIENT] bvr-filter id=89 reason=canRenderEntity_false dist=83.7 class=mcheli.tank.MCH_EntityTank
[2026-04-25 16:50:22.274][CLIENT] bvr-filter id=78 reason=canRenderEntity_false dist=8.8 class=net.minecraft.entity.player.EntityPlayerMP
[2026-04-25 16:50:22.274][CLIENT] bvr-filter id=79 reason=canRenderEntity_false dist=0.0 class=mcheli.plane.MCP_EntityPlane
[2026-04-25 16:50:22.274][CLIENT] bvr-scan acId=79 total=5 rendered=1 skipCan=4 skipJam=0 skipVisible=0 skipMslRange=0 skipName=0 skipNear=0 selectedId=4625 trackingId=4625 fireLockId=4625 mslMax=4000.0
[2026-04-25 16:50:22.280][CLIENT] bvr-filter id=4627 reason=canRenderEntity_false dist=12.8 class=mcheli.weapon.MCH_EntityAAMissile
[2026-04-25 16:50:22.280][CLIENT] bvr-filter id=89 reason=canRenderEntity_false dist=83.7 class=mcheli.tank.MCH_EntityTank
[2026-04-25 16:50:22.280][CLIENT] bvr-filter id=78 reason=canRenderEntity_false dist=8.8 class=net.minecraft.entity.player.EntityPlayerMP
[2026-04-25 16:50:22.280][CLIENT] bvr-filter id=79 reason=canRenderEntity_false dist=0.0 class=mcheli.plane.MCP_EntityPlane
[2026-04-25 16:50:22.280][CLIENT] bvr-scan acId=79 total=5 rendered=1 skipCan=4 skipJam=0 skipVisible=0 skipMslRange=0 skipName=0 skipNear=0 selectedId=4625 trackingId=4625 fireLockId=4625 mslMax=4000.0
[2026-04-25 16:50:22.289][CLIENT] bvr-filter id=4627 reason=canRenderEntity_false dist=12.8 class=mcheli.weapon.MCH_EntityAAMissile
[2026-04-25 16:50:22.289][CLIENT] bvr-filter id=89 reason=canRenderEntity_false dist=83.7 class=mcheli.tank.MCH_EntityTank
[2026-04-25 16:50:22.289][CLIENT] bvr-filter id=78 reason=canRenderEntity_false dist=8.8 class=net.minecraft.entity.player.EntityPlayerMP
[2026-04-25 16:50:22.289][CLIENT] bvr-filter id=79 reason=canRenderEntity_false dist=0.0 class=mcheli.plane.MCP_EntityPlane
[2026-04-25 16:50:22.289][CLIENT] bvr-scan acId=79 total=5 rendered=1 skipCan=4 skipJam=0 skipVisible=0 skipMslRange=0 skipName=0 skipNear=0 selectedId=4625 trackingId=4625 fireLockId=4625 mslMax=4000.0
[2026-04-25 16:50:22.297][CLIENT] bvr-filter id=4627 reason=canRenderEntity_false dist=12.8 class=mcheli.weapon.MCH_EntityAAMissile
[2026-04-25 16:50:22.297][CLIENT] bvr-filter id=89 reason=canRenderEntity_false dist=83.7 class=mcheli.tank.MCH_EntityTank
[2026-04-25 16:50:22.297][CLIENT] bvr-filter id=78 reason=canRenderEntity_false dist=8.8 class=net.minecraft.entity.player.EntityPlayerMP
[2026-04-25 16:50:22.297][CLIENT] bvr-filter id=79 reason=canRenderEntity_false dist=0.0 class=mcheli.plane.MCP_EntityPlane
[2026-04-25 16:50:22.297][CLIENT] bvr-scan acId=79 total=5 rendered=1 skipCan=4 skipJam=0 skipVisible=0 skipMslRange=0 skipName=0 skipNear=0 selectedId=4625 trackingId=4625 fireLockId=4625 mslMax=4000.0
[2026-04-25 16:50:22.758][CLIENT] bvr-filter id=4627 reason=canRenderEntity_false dist=19.2 class=mcheli.weapon.MCH_EntityAAMissile
[2026-04-25 16:50:22.758][CLIENT] bvr-filter id=89 reason=canRenderEntity_false dist=83.7 class=mcheli.tank.MCH_EntityTank
[2026-04-25 16:50:22.758][CLIENT] bvr-filter id=78 reason=canRenderEntity_false dist=8.8 class=net.minecraft.entity.player.EntityPlayerMP
[2026-04-25 16:50:22.758][CLIENT] bvr-filter id=79 reason=canRenderEntity_false dist=0.0 class=mcheli.plane.MCP_EntityPlane
[2026-04-25 16:50:22.758][CLIENT] bvr-scan acId=79 total=5 rendered=1 skipCan=4 skipJam=0 skipVisible=0 skipMslRange=0 skipName=0 skipNear=0 selectedId=4625 trackingId=-1 fireLockId=-1 mslMax=4000.0
[2026-04-25 16:50:22.766][CLIENT] bvr-filter id=4627 reason=canRenderEntity_false dist=19.2 class=mcheli.weapon.MCH_EntityAAMissile
[2026-04-25 16:50:22.766][CLIENT] bvr-filter id=89 reason=canRenderEntity_false dist=83.7 class=mcheli.tank.MCH_EntityTank
[2026-04-25 16:50:22.766][CLIENT] bvr-filter id=78 reason=canRenderEntity_false dist=8.8 class=net.minecraft.entity.player.EntityPlayerMP
[2026-04-25 16:50:22.766][CLIENT] bvr-filter id=79 reason=canRenderEntity_false dist=0.0 class=mcheli.plane.MCP_EntityPlane
[2026-04-25 16:50:22.766][CLIENT] bvr-scan acId=79 total=5 rendered=1 skipCan=4 skipJam=0 skipVisible=0 skipMslRange=0 skipName=0 skipNear=0 selectedId=4625 trackingId=-1 fireLockId=-1 mslMax=4000.0
[2026-04-25 16:50:22.773][CLIENT] bvr-filter id=4627 reason=canRenderEntity_false dist=19.2 class=mcheli.weapon.MCH_EntityAAMissile
[2026-04-25 16:50:22.773][CLIENT] bvr-filter id=89 reason=canRenderEntity_false dist=83.7 class=mcheli.tank.MCH_EntityTank
[2026-04-25 16:50:22.773][CLIENT] bvr-filter id=78 reason=canRenderEntity_false dist=8.8 class=net.minecraft.entity.player.EntityPlayerMP
[2026-04-25 16:50:22.773][CLIENT] bvr-filter id=79 reason=canRenderEntity_false dist=0.0 class=mcheli.plane.MCP_EntityPlane
[2026-04-25 16:50:22.773][CLIENT] bvr-scan acId=79 total=5 rendered=1 skipCan=4 skipJam=0 skipVisible=0 skipMslRange=0 skipName=0 skipNear=0 selectedId=4625 trackingId=-1 fireLockId=-1 mslMax=4000.0
[2026-04-25 16:50:22.780][CLIENT] bvr-filter id=4627 reason=canRenderEntity_false dist=19.2 class=mcheli.weapon.MCH_EntityAAMissile
[2026-04-25 16:50:22.780][CLIENT] bvr-filter id=89 reason=canRenderEntity_false dist=83.7 class=mcheli.tank.MCH_EntityTank
[2026-04-25 16:50:22.780][CLIENT] bvr-filter id=78 reason=canRenderEntity_false dist=8.8 class=net.minecraft.entity.player.EntityPlayerMP
[2026-04-25 16:50:22.780][CLIENT] bvr-filter id=79 reason=canRenderEntity_false dist=0.0 class=mcheli.plane.MCP_EntityPlane
[2026-04-25 16:50:22.780][CLIENT] bvr-scan acId=79 total=5 rendered=1 skipCan=4 skipJam=0 skipVisible=0 skipMslRange=0 skipName=0 skipNear=0 selectedId=4625 trackingId=-1 fireLockId=-1 mslMax=4000.0
[2026-04-25 16:50:22.788][CLIENT] bvr-filter id=4627 reason=canRenderEntity_false dist=19.2 class=mcheli.weapon.MCH_EntityAAMissile
[2026-04-25 16:50:22.788][CLIENT] bvr-filter id=89 reason=canRenderEntity_false dist=83.7 class=mcheli.tank.MCH_EntityTank
[2026-04-25 16:50:22.788][CLIENT] bvr-filter id=78 reason=canRenderEntity_false dist=8.8 class=net.minecraft.entity.player.EntityPlayerMP
[2026-04-25 16:50:22.788][CLIENT] bvr-filter id=79 reason=canRenderEntity_false dist=0.0 class=mcheli.plane.MCP_EntityPlane
[2026-04-25 16:50:22.788][CLIENT] bvr-scan acId=79 total=5 rendered=1 skipCan=4 skipJam=0 skipVisible=0 skipMslRange=0 skipName=0 skipNear=0 selectedId=4625 trackingId=-1 fireLockId=-1 mslMax=4000.0
[2026-04-25 16:50:22.795][CLIENT] bvr-filter id=4627 reason=canRenderEntity_false dist=19.2 class=mcheli.weapon.MCH_EntityAAMissile
[2026-04-25 16:50:22.795][CLIENT] bvr-filter id=89 reason=canRenderEntity_false dist=83.7 class=mcheli.tank.MCH_EntityTank
[2026-04-25 16:50:22.795][CLIENT] bvr-filter id=78 reason=canRenderEntity_false dist=8.8 class=net.minecraft.entity.player.EntityPlayerMP
[2026-04-25 16:50:22.795][CLIENT] bvr-filter id=79 reason=canRenderEntity_false dist=0.0 class=mcheli.plane.MCP_EntityPlane
[2026-04-25 16:50:22.795][CLIENT] bvr-scan acId=79 total=5 rendered=1 skipCan=4 skipJam=0 skipVisible=0 skipMslRange=0 skipName=0 skipNear=0 selectedId=4625 trackingId=-1 fireLockId=-1 mslMax=4000.0
[2026-04-25 16:50:23.262][CLIENT] bvr-filter id=4627 reason=radarContactInvisible dist=30.0 sel=false trk=false fire=false
[2026-04-25 16:50:23.262][CLIENT] bvr-filter id=89 reason=canRenderEntity_false dist=83.7 class=mcheli.tank.MCH_EntityTank
[2026-04-25 16:50:23.262][CLIENT] bvr-filter id=78 reason=canRenderEntity_false dist=8.8 class=net.minecraft.entity.player.EntityPlayerMP
[2026-04-25 16:50:23.262][CLIENT] bvr-filter id=79 reason=canRenderEntity_false dist=0.0 class=mcheli.plane.MCP_EntityPlane
[2026-04-25 16:50:23.262][CLIENT] bvr-scan acId=79 total=5 rendered=1 skipCan=3 skipJam=0 skipVisible=1 skipMslRange=0 skipName=0 skipNear=0 selectedId=4625 trackingId=-1 fireLockId=-1 mslMax=4000.0
[2026-04-25 16:50:23.271][CLIENT] bvr-filter id=4627 reason=radarContactInvisible dist=30.0 sel=false trk=false fire=false
[2026-04-25 16:50:23.271][CLIENT] bvr-filter id=89 reason=canRenderEntity_false dist=83.7 class=mcheli.tank.MCH_EntityTank
[2026-04-25 16:50:23.271][CLIENT] bvr-filter id=78 reason=canRenderEntity_false dist=8.8 class=net.minecraft.entity.player.EntityPlayerMP
[2026-04-25 16:50:23.271][CLIENT] bvr-filter id=79 reason=canRenderEntity_false dist=0.0 class=mcheli.plane.MCP_EntityPlane
[2026-04-25 16:50:23.271][CLIENT] bvr-scan acId=79 total=5 rendered=1 skipCan=3 skipJam=0 skipVisible=1 skipMslRange=0 skipName=0 skipNear=0 selectedId=4625 trackingId=-1 fireLockId=-1 mslMax=4000.0
[2026-04-25 16:50:23.280][CLIENT] bvr-filter id=4627 reason=radarContactInvisible dist=30.0 sel=false trk=false fire=false
[2026-04-25 16:50:23.280][CLIENT] bvr-filter id=89 reason=canRenderEntity_false dist=83.7 class=mcheli.tank.MCH_EntityTank
[2026-04-25 16:50:23.280][CLIENT] bvr-filter id=78 reason=canRenderEntity_false dist=8.8 class=net.minecraft.entity.player.EntityPlayerMP
[2026-04-25 16:50:23.280][CLIENT] bvr-filter id=79 reason=canRenderEntity_false dist=0.0 class=mcheli.plane.MCP_EntityPlane
[2026-04-25 16:50:23.280][CLIENT] bvr-scan acId=79 total=5 rendered=1 skipCan=3 skipJam=0 skipVisible=1 skipMslRange=0 skipName=0 skipNear=0 selectedId=4625 trackingId=-1 fireLockId=-1 mslMax=4000.0
[2026-04-25 16:50:23.289][CLIENT] bvr-filter id=4627 reason=radarContactInvisible dist=30.0 sel=false trk=false fire=false
[2026-04-25 16:50:23.290][CLIENT] bvr-filter id=89 reason=canRenderEntity_false dist=83.7 class=mcheli.tank.MCH_EntityTank
[2026-04-25 16:50:23.290][CLIENT] bvr-filter id=78 reason=canRenderEntity_false dist=8.8 class=net.minecraft.entity.player.EntityPlayerMP
[2026-04-25 16:50:23.290][CLIENT] bvr-filter id=79 reason=canRenderEntity_false dist=0.0 class=mcheli.plane.MCP_EntityPlane
[2026-04-25 16:50:23.290][CLIENT] bvr-scan acId=79 total=5 rendered=1 skipCan=3 skipJam=0 skipVisible=1 skipMslRange=0 skipName=0 skipNear=0 selectedId=4625 trackingId=-1 fireLockId=-1 mslMax=4000.0
[2026-04-25 16:50:23.300][CLIENT] bvr-filter id=4627 reason=radarContactInvisible dist=30.0 sel=false trk=false fire=false
[2026-04-25 16:50:23.300][CLIENT] bvr-filter id=89 reason=canRenderEntity_false dist=83.7 class=mcheli.tank.MCH_EntityTank
[2026-04-25 16:50:23.300][CLIENT] bvr-filter id=78 reason=canRenderEntity_false dist=8.8 class=net.minecraft.entity.player.EntityPlayerMP
[2026-04-25 16:50:23.300][CLIENT] bvr-filter id=79 reason=canRenderEntity_false dist=0.0 class=mcheli.plane.MCP_EntityPlane
[2026-04-25 16:50:23.300][CLIENT] bvr-scan acId=79 total=5 rendered=1 skipCan=3 skipJam=0 skipVisible=1 skipMslRange=0 skipName=0 skipNear=0 selectedId=4625 trackingId=-1 fireLockId=-1 mslMax=4000.0
[2026-04-25 16:50:23.754][CLIENT] bvr-filter id=4627 reason=radarContactInvisible dist=41.3 sel=false trk=false fire=false
[2026-04-25 16:50:23.754][CLIENT] bvr-filter id=89 reason=canRenderEntity_false dist=83.7 class=mcheli.tank.MCH_EntityTank
[2026-04-25 16:50:23.754][CLIENT] bvr-filter id=78 reason=canRenderEntity_false dist=8.8 class=net.minecraft.entity.player.EntityPlayerMP
[2026-04-25 16:50:23.754][CLIENT] bvr-filter id=79 reason=canRenderEntity_false dist=0.0 class=mcheli.plane.MCP_EntityPlane
[2026-04-25 16:50:23.754][CLIENT] bvr-scan acId=79 total=5 rendered=1 skipCan=3 skipJam=0 skipVisible=1 skipMslRange=0 skipName=0 skipNear=0 selectedId=4625 trackingId=-1 fireLockId=-1 mslMax=4000.0
[2026-04-25 16:50:23.761][CLIENT] bvr-filter id=4627 reason=radarContactInvisible dist=41.3 sel=false trk=false fire=false
[2026-04-25 16:50:23.761][CLIENT] bvr-filter id=89 reason=canRenderEntity_false dist=83.7 class=mcheli.tank.MCH_EntityTank
[2026-04-25 16:50:23.761][CLIENT] bvr-filter id=78 reason=canRenderEntity_false dist=8.8 class=net.minecraft.entity.player.EntityPlayerMP
[2026-04-25 16:50:23.761][CLIENT] bvr-filter id=79 reason=canRenderEntity_false dist=0.0 class=mcheli.plane.MCP_EntityPlane
[2026-04-25 16:50:23.761][CLIENT] bvr-scan acId=79 total=5 rendered=1 skipCan=3 skipJam=0 skipVisible=1 skipMslRange=0 skipName=0 skipNear=0 selectedId=4625 trackingId=-1 fireLockId=-1 mslMax=4000.0
[2026-04-25 16:50:23.768][CLIENT] bvr-filter id=4627 reason=radarContactInvisible dist=41.3 sel=false trk=false fire=false
[2026-04-25 16:50:23.768][CLIENT] bvr-filter id=89 reason=canRenderEntity_false dist=83.7 class=mcheli.tank.MCH_EntityTank
[2026-04-25 16:50:23.768][CLIENT] bvr-filter id=78 reason=canRenderEntity_false dist=8.8 class=net.minecraft.entity.player.EntityPlayerMP
[2026-04-25 16:50:23.768][CLIENT] bvr-filter id=79 reason=canRenderEntity_false dist=0.0 class=mcheli.plane.MCP_EntityPlane
[2026-04-25 16:50:23.768][CLIENT] bvr-scan acId=79 total=5 rendered=1 skipCan=3 skipJam=0 skipVisible=1 skipMslRange=0 skipName=0 skipNear=0 selectedId=4625 trackingId=-1 fireLockId=-1 mslMax=4000.0
[2026-04-25 16:50:23.775][CLIENT] bvr-filter id=4627 reason=radarContactInvisible dist=41.3 sel=false trk=false fire=false
[2026-04-25 16:50:23.775][CLIENT] bvr-filter id=89 reason=canRenderEntity_false dist=83.7 class=mcheli.tank.MCH_EntityTank
[2026-04-25 16:50:23.775][CLIENT] bvr-filter id=78 reason=canRenderEntity_false dist=8.8 class=net.minecraft.entity.player.EntityPlayerMP
[2026-04-25 16:50:23.775][CLIENT] bvr-filter id=79 reason=canRenderEntity_false dist=0.0 class=mcheli.plane.MCP_EntityPlane
[2026-04-25 16:50:23.775][CLIENT] bvr-scan acId=79 total=5 rendered=1 skipCan=3 skipJam=0 skipVisible=1 skipMslRange=0 skipName=0 skipNear=0 selectedId=4625 trackingId=-1 fireLockId=-1 mslMax=4000.0
[2026-04-25 16:50:23.780][CLIENT] bvr-filter id=4627 reason=radarContactInvisible dist=41.3 sel=false trk=false fire=false
[2026-04-25 16:50:23.780][CLIENT] bvr-filter id=89 reason=canRenderEntity_false dist=83.7 class=mcheli.tank.MCH_EntityTank
[2026-04-25 16:50:23.781][CLIENT] bvr-filter id=78 reason=canRenderEntity_false dist=8.8 class=net.minecraft.entity.player.EntityPlayerMP
[2026-04-25 16:50:23.781][CLIENT] bvr-filter id=79 reason=canRenderEntity_false dist=0.0 class=mcheli.plane.MCP_EntityPlane
[2026-04-25 16:50:23.781][CLIENT] bvr-scan acId=79 total=5 rendered=1 skipCan=3 skipJam=0 skipVisible=1 skipMslRange=0 skipName=0 skipNear=0 selectedId=4625 trackingId=-1 fireLockId=-1 mslMax=4000.0
[2026-04-25 16:50:23.787][CLIENT] bvr-filter id=4627 reason=radarContactInvisible dist=41.3 sel=false trk=false fire=false
[2026-04-25 16:50:23.787][CLIENT] bvr-filter id=89 reason=canRenderEntity_false dist=83.7 class=mcheli.tank.MCH_EntityTank
[2026-04-25 16:50:23.787][CLIENT] bvr-filter id=78 reason=canRenderEntity_false dist=8.8 class=net.minecraft.entity.player.EntityPlayerMP
[2026-04-25 16:50:23.787][CLIENT] bvr-filter id=79 reason=canRenderEntity_false dist=0.0 class=mcheli.plane.MCP_EntityPlane
[2026-04-25 16:50:23.787][CLIENT] bvr-scan acId=79 total=5 rendered=1 skipCan=3 skipJam=0 skipVisible=1 skipMslRange=0 skipName=0 skipNear=0 selectedId=4625 trackingId=-1 fireLockId=-1 mslMax=4000.0
[2026-04-25 16:50:23.794][CLIENT] bvr-filter id=4627 reason=radarContactInvisible dist=41.3 sel=false trk=false fire=false
[2026-04-25 16:50:23.794][CLIENT] bvr-filter id=89 reason=canRenderEntity_false dist=83.7 class=mcheli.tank.MCH_EntityTank
[2026-04-25 16:50:23.794][CLIENT] bvr-filter id=78 reason=canRenderEntity_false dist=8.8 class=net.minecraft.entity.player.EntityPlayerMP
[2026-04-25 16:50:23.794][CLIENT] bvr-filter id=79 reason=canRenderEntity_false dist=0.0 class=mcheli.plane.MCP_EntityPlane
[2026-04-25 16:50:23.794][CLIENT] bvr-scan acId=79 total=5 rendered=1 skipCan=3 skipJam=0 skipVisible=1 skipMslRange=0 skipName=0 skipNear=0 selectedId=4625 trackingId=-1 fireLockId=-1 mslMax=4000.0
[2026-04-25 16:50:24.257][CLIENT] bvr-filter id=89 reason=canRenderEntity_false dist=83.7 class=mcheli.tank.MCH_EntityTank
[2026-04-25 16:50:24.257][CLIENT] bvr-filter id=78 reason=canRenderEntity_false dist=8.8 class=net.minecraft.entity.player.EntityPlayerMP
[2026-04-25 16:50:24.257][CLIENT] bvr-filter id=79 reason=canRenderEntity_false dist=0.0 class=mcheli.plane.MCP_EntityPlane
[2026-04-25 16:50:24.257][CLIENT] bvr-scan acId=79 total=5 rendered=2 skipCan=3 skipJam=0 skipVisible=0 skipMslRange=0 skipName=0 skipNear=0 selectedId=4625 trackingId=-1 fireLockId=-1 mslMax=4000.0
[2026-04-25 16:50:24.267][CLIENT] bvr-filter id=89 reason=canRenderEntity_false dist=83.7 class=mcheli.tank.MCH_EntityTank
[2026-04-25 16:50:24.267][CLIENT] bvr-filter id=78 reason=canRenderEntity_false dist=8.8 class=net.minecraft.entity.player.EntityPlayerMP
[2026-04-25 16:50:24.267][CLIENT] bvr-filter id=79 reason=canRenderEntity_false dist=0.0 class=mcheli.plane.MCP_EntityPlane
[2026-04-25 16:50:24.267][CLIENT] bvr-scan acId=79 total=5 rendered=2 skipCan=3 skipJam=0 skipVisible=0 skipMslRange=0 skipName=0 skipNear=0 selectedId=4625 trackingId=-1 fireLockId=-1 mslMax=4000.0
[2026-04-25 16:50:24.277][CLIENT] bvr-filter id=89 reason=canRenderEntity_false dist=83.7 class=mcheli.tank.MCH_EntityTank
[2026-04-25 16:50:24.277][CLIENT] bvr-filter id=78 reason=canRenderEntity_false dist=8.8 class=net.minecraft.entity.player.EntityPlayerMP
[2026-04-25 16:50:24.277][CLIENT] bvr-filter id=79 reason=canRenderEntity_false dist=0.0 class=mcheli.plane.MCP_EntityPlane
[2026-04-25 16:50:24.277][CLIENT] bvr-scan acId=79 total=5 rendered=2 skipCan=3 skipJam=0 skipVisible=0 skipMslRange=0 skipName=0 skipNear=0 selectedId=4625 trackingId=-1 fireLockId=-1 mslMax=4000.0
[2026-04-25 16:50:24.288][CLIENT] bvr-filter id=89 reason=canRenderEntity_false dist=83.7 class=mcheli.tank.MCH_EntityTank
[2026-04-25 16:50:24.288][CLIENT] bvr-filter id=78 reason=canRenderEntity_false dist=8.8 class=net.minecraft.entity.player.EntityPlayerMP
[2026-04-25 16:50:24.288][CLIENT] bvr-filter id=79 reason=canRenderEntity_false dist=0.0 class=mcheli.plane.MCP_EntityPlane
[2026-04-25 16:50:24.288][CLIENT] bvr-scan acId=79 total=5 rendered=2 skipCan=3 skipJam=0 skipVisible=0 skipMslRange=0 skipName=0 skipNear=0 selectedId=4625 trackingId=-1 fireLockId=-1 mslMax=4000.0
[2026-04-25 16:50:24.298][CLIENT] bvr-filter id=89 reason=canRenderEntity_false dist=83.7 class=mcheli.tank.MCH_EntityTank
[2026-04-25 16:50:24.298][CLIENT] bvr-filter id=78 reason=canRenderEntity_false dist=8.8 class=net.minecraft.entity.player.EntityPlayerMP
[2026-04-25 16:50:24.298][CLIENT] bvr-filter id=79 reason=canRenderEntity_false dist=0.0 class=mcheli.plane.MCP_EntityPlane
[2026-04-25 16:50:24.298][CLIENT] bvr-scan acId=79 total=5 rendered=2 skipCan=3 skipJam=0 skipVisible=0 skipMslRange=0 skipName=0 skipNear=0 selectedId=4625 trackingId=-1 fireLockId=-1 mslMax=4000.0
[2026-04-25 16:50:24.754][CLIENT] bvr-filter id=89 reason=canRenderEntity_false dist=83.7 class=mcheli.tank.MCH_EntityTank
[2026-04-25 16:50:24.754][CLIENT] bvr-filter id=78 reason=canRenderEntity_false dist=8.8 class=net.minecraft.entity.player.EntityPlayerMP
[2026-04-25 16:50:24.754][CLIENT] bvr-filter id=79 reason=canRenderEntity_false dist=0.0 class=mcheli.plane.MCP_EntityPlane
[2026-04-25 16:50:24.754][CLIENT] bvr-scan acId=79 total=5 rendered=2 skipCan=3 skipJam=0 skipVisible=0 skipMslRange=0 skipName=0 skipNear=0 selectedId=4627 trackingId=4627 fireLockId=4627 mslMax=4000.0
[2026-04-25 16:50:24.763][CLIENT] bvr-filter id=89 reason=canRenderEntity_false dist=83.7 class=mcheli.tank.MCH_EntityTank
[2026-04-25 16:50:24.763][CLIENT] bvr-filter id=78 reason=canRenderEntity_false dist=8.8 class=net.minecraft.entity.player.EntityPlayerMP
[2026-04-25 16:50:24.763][CLIENT] bvr-filter id=79 reason=canRenderEntity_false dist=0.0 class=mcheli.plane.MCP_EntityPlane
[2026-04-25 16:50:24.763][CLIENT] bvr-scan acId=79 total=5 rendered=2 skipCan=3 skipJam=0 skipVisible=0 skipMslRange=0 skipName=0 skipNear=0 selectedId=4627 trackingId=4627 fireLockId=4627 mslMax=4000.0
[2026-04-25 16:50:24.773][CLIENT] bvr-filter id=89 reason=canRenderEntity_false dist=83.7 class=mcheli.tank.MCH_EntityTank
[2026-04-25 16:50:24.773][CLIENT] bvr-filter id=78 reason=canRenderEntity_false dist=8.8 class=net.minecraft.entity.player.EntityPlayerMP
[2026-04-25 16:50:24.773][CLIENT] bvr-filter id=79 reason=canRenderEntity_false dist=0.0 class=mcheli.plane.MCP_EntityPlane
[2026-04-25 16:50:24.773][CLIENT] bvr-scan acId=79 total=5 rendered=2 skipCan=3 skipJam=0 skipVisible=0 skipMslRange=0 skipName=0 skipNear=0 selectedId=4627 trackingId=4627 fireLockId=4627 mslMax=4000.0
[2026-04-25 16:50:24.782][CLIENT] bvr-filter id=89 reason=canRenderEntity_false dist=83.7 class=mcheli.tank.MCH_EntityTank
[2026-04-25 16:50:24.782][CLIENT] bvr-filter id=78 reason=canRenderEntity_false dist=8.8 class=net.minecraft.entity.player.EntityPlayerMP
[2026-04-25 16:50:24.782][CLIENT] bvr-filter id=79 reason=canRenderEntity_false dist=0.0 class=mcheli.plane.MCP_EntityPlane
[2026-04-25 16:50:24.782][CLIENT] bvr-scan acId=79 total=5 rendered=2 skipCan=3 skipJam=0 skipVisible=0 skipMslRange=0 skipName=0 skipNear=0 selectedId=4627 trackingId=4627 fireLockId=4627 mslMax=4000.0
[2026-04-25 16:50:24.791][CLIENT] bvr-filter id=89 reason=canRenderEntity_false dist=83.7 class=mcheli.tank.MCH_EntityTank
[2026-04-25 16:50:24.791][CLIENT] bvr-filter id=78 reason=canRenderEntity_false dist=8.8 class=net.minecraft.entity.player.EntityPlayerMP
[2026-04-25 16:50:24.791][CLIENT] bvr-filter id=79 reason=canRenderEntity_false dist=0.0 class=mcheli.plane.MCP_EntityPlane
[2026-04-25 16:50:24.791][CLIENT] bvr-scan acId=79 total=5 rendered=2 skipCan=3 skipJam=0 skipVisible=0 skipMslRange=0 skipName=0 skipNear=0 selectedId=4627 trackingId=4627 fireLockId=4627 mslMax=4000.0
[2026-04-25 16:50:25.257][CLIENT] bvr-filter id=89 reason=canRenderEntity_false dist=83.7 class=mcheli.tank.MCH_EntityTank
[2026-04-25 16:50:25.257][CLIENT] bvr-filter id=78 reason=canRenderEntity_false dist=8.8 class=net.minecraft.entity.player.EntityPlayerMP
[2026-04-25 16:50:25.257][CLIENT] bvr-filter id=79 reason=canRenderEntity_false dist=0.0 class=mcheli.plane.MCP_EntityPlane
[2026-04-25 16:50:25.257][CLIENT] bvr-scan acId=79 total=5 rendered=2 skipCan=3 skipJam=0 skipVisible=0 skipMslRange=0 skipName=0 skipNear=0 selectedId=4627 trackingId=4627 fireLockId=4627 mslMax=4000.0
[2026-04-25 16:50:25.264][CLIENT] bvr-filter id=89 reason=canRenderEntity_false dist=83.7 class=mcheli.tank.MCH_EntityTank
[2026-04-25 16:50:25.264][CLIENT] bvr-filter id=78 reason=canRenderEntity_false dist=8.8 class=net.minecraft.entity.player.EntityPlayerMP
[2026-04-25 16:50:25.264][CLIENT] bvr-filter id=79 reason=canRenderEntity_false dist=0.0 class=mcheli.plane.MCP_EntityPlane
[2026-04-25 16:50:25.264][CLIENT] bvr-scan acId=79 total=5 rendered=2 skipCan=3 skipJam=0 skipVisible=0 skipMslRange=0 skipName=0 skipNear=0 selectedId=4627 trackingId=4627 fireLockId=4627 mslMax=4000.0
[2026-04-25 16:50:25.272][CLIENT] bvr-filter id=89 reason=canRenderEntity_false dist=83.7 class=mcheli.tank.MCH_EntityTank
[2026-04-25 16:50:25.272][CLIENT] bvr-filter id=78 reason=canRenderEntity_false dist=8.8 class=net.minecraft.entity.player.EntityPlayerMP
[2026-04-25 16:50:25.272][CLIENT] bvr-filter id=79 reason=canRenderEntity_false dist=0.0 class=mcheli.plane.MCP_EntityPlane
[2026-04-25 16:50:25.272][CLIENT] bvr-scan acId=79 total=5 rendered=2 skipCan=3 skipJam=0 skipVisible=0 skipMslRange=0 skipName=0 skipNear=0 selectedId=4627 trackingId=4627 fireLockId=4627 mslMax=4000.0
[2026-04-25 16:50:25.279][CLIENT] bvr-filter id=89 reason=canRenderEntity_false dist=83.7 class=mcheli.tank.MCH_EntityTank
[2026-04-25 16:50:25.279][CLIENT] bvr-filter id=78 reason=canRenderEntity_false dist=8.8 class=net.minecraft.entity.player.EntityPlayerMP
[2026-04-25 16:50:25.279][CLIENT] bvr-filter id=79 reason=canRenderEntity_false dist=0.0 class=mcheli.plane.MCP_EntityPlane
[2026-04-25 16:50:25.279][CLIENT] bvr-scan acId=79 total=5 rendered=2 skipCan=3 skipJam=0 skipVisible=0 skipMslRange=0 skipName=0 skipNear=0 selectedId=4627 trackingId=4627 fireLockId=4627 mslMax=4000.0
[2026-04-25 16:50:25.286][CLIENT] bvr-filter id=89 reason=canRenderEntity_false dist=83.7 class=mcheli.tank.MCH_EntityTank
[2026-04-25 16:50:25.286][CLIENT] bvr-filter id=78 reason=canRenderEntity_false dist=8.8 class=net.minecraft.entity.player.EntityPlayerMP
[2026-04-25 16:50:25.286][CLIENT] bvr-filter id=79 reason=canRenderEntity_false dist=0.0 class=mcheli.plane.MCP_EntityPlane
[2026-04-25 16:50:25.286][CLIENT] bvr-scan acId=79 total=5 rendered=2 skipCan=3 skipJam=0 skipVisible=0 skipMslRange=0 skipName=0 skipNear=0 selectedId=4627 trackingId=4627 fireLockId=4627 mslMax=4000.0
[2026-04-25 16:50:25.293][CLIENT] bvr-filter id=89 reason=canRenderEntity_false dist=83.7 class=mcheli.tank.MCH_EntityTank
[2026-04-25 16:50:25.293][CLIENT] bvr-filter id=78 reason=canRenderEntity_false dist=8.8 class=net.minecraft.entity.player.EntityPlayerMP
[2026-04-25 16:50:25.293][CLIENT] bvr-filter id=79 reason=canRenderEntity_false dist=0.0 class=mcheli.plane.MCP_EntityPlane
[2026-04-25 16:50:25.293][CLIENT] bvr-scan acId=79 total=5 rendered=2 skipCan=3 skipJam=0 skipVisible=0 skipMslRange=0 skipName=0 skipNear=0 selectedId=4627 trackingId=4627 fireLockId=4627 mslMax=4000.0
[2026-04-25 16:50:25.757][CLIENT] bvr-filter id=4851 reason=canRenderEntity_false dist=17.3 class=mcheli.weapon.MCH_EntityAAMissile
[2026-04-25 16:50:25.757][CLIENT] bvr-filter id=89 reason=canRenderEntity_false dist=83.7 class=mcheli.tank.MCH_EntityTank
[2026-04-25 16:50:25.757][CLIENT] bvr-filter id=78 reason=canRenderEntity_false dist=8.8 class=net.minecraft.entity.player.EntityPlayerMP
[2026-04-25 16:50:25.757][CLIENT] bvr-filter id=79 reason=canRenderEntity_false dist=0.0 class=mcheli.plane.MCP_EntityPlane
[2026-04-25 16:50:25.757][CLIENT] bvr-scan acId=79 total=6 rendered=2 skipCan=4 skipJam=0 skipVisible=0 skipMslRange=0 skipName=0 skipNear=0 selectedId=4627 trackingId=4627 fireLockId=4627 mslMax=4000.0
[2026-04-25 16:50:25.767][CLIENT] bvr-filter id=4851 reason=canRenderEntity_false dist=17.3 class=mcheli.weapon.MCH_EntityAAMissile
[2026-04-25 16:50:25.767][CLIENT] bvr-filter id=89 reason=canRenderEntity_false dist=83.7 class=mcheli.tank.MCH_EntityTank
[2026-04-25 16:50:25.767][CLIENT] bvr-filter id=78 reason=canRenderEntity_false dist=8.8 class=net.minecraft.entity.player.EntityPlayerMP
[2026-04-25 16:50:25.767][CLIENT] bvr-filter id=79 reason=canRenderEntity_false dist=0.0 class=mcheli.plane.MCP_EntityPlane
[2026-04-25 16:50:25.767][CLIENT] bvr-scan acId=79 total=6 rendered=2 skipCan=4 skipJam=0 skipVisible=0 skipMslRange=0 skipName=0 skipNear=0 selectedId=4627 trackingId=4627 fireLockId=4627 mslMax=4000.0
[2026-04-25 16:50:25.777][CLIENT] bvr-filter id=4851 reason=canRenderEntity_false dist=17.3 class=mcheli.weapon.MCH_EntityAAMissile
[2026-04-25 16:50:25.777][CLIENT] bvr-filter id=89 reason=canRenderEntity_false dist=83.7 class=mcheli.tank.MCH_EntityTank
[2026-04-25 16:50:25.777][CLIENT] bvr-filter id=78 reason=canRenderEntity_false dist=8.8 class=net.minecraft.entity.player.EntityPlayerMP
[2026-04-25 16:50:25.777][CLIENT] bvr-filter id=79 reason=canRenderEntity_false dist=0.0 class=mcheli.plane.MCP_EntityPlane
[2026-04-25 16:50:25.777][CLIENT] bvr-scan acId=79 total=6 rendered=2 skipCan=4 skipJam=0 skipVisible=0 skipMslRange=0 skipName=0 skipNear=0 selectedId=4627 trackingId=4627 fireLockId=4627 mslMax=4000.0
[2026-04-25 16:50:25.787][CLIENT] bvr-filter id=4851 reason=canRenderEntity_false dist=17.3 class=mcheli.weapon.MCH_EntityAAMissile
[2026-04-25 16:50:25.787][CLIENT] bvr-filter id=89 reason=canRenderEntity_false dist=83.7 class=mcheli.tank.MCH_EntityTank
[2026-04-25 16:50:25.787][CLIENT] bvr-filter id=78 reason=canRenderEntity_false dist=8.8 class=net.minecraft.entity.player.EntityPlayerMP
[2026-04-25 16:50:25.787][CLIENT] bvr-filter id=79 reason=canRenderEntity_false dist=0.0 class=mcheli.plane.MCP_EntityPlane
[2026-04-25 16:50:25.787][CLIENT] bvr-scan acId=79 total=6 rendered=2 skipCan=4 skipJam=0 skipVisible=0 skipMslRange=0 skipName=0 skipNear=0 selectedId=4627 trackingId=4627 fireLockId=4627 mslMax=4000.0
[2026-04-25 16:50:25.798][CLIENT] bvr-filter id=4851 reason=canRenderEntity_false dist=17.3 class=mcheli.weapon.MCH_EntityAAMissile
[2026-04-25 16:50:25.798][CLIENT] bvr-filter id=89 reason=canRenderEntity_false dist=83.7 class=mcheli.tank.MCH_EntityTank
[2026-04-25 16:50:25.798][CLIENT] bvr-filter id=78 reason=canRenderEntity_false dist=8.8 class=net.minecraft.entity.player.EntityPlayerMP
[2026-04-25 16:50:25.798][CLIENT] bvr-filter id=79 reason=canRenderEntity_false dist=0.0 class=mcheli.plane.MCP_EntityPlane
[2026-04-25 16:50:25.798][CLIENT] bvr-scan acId=79 total=6 rendered=2 skipCan=4 skipJam=0 skipVisible=0 skipMslRange=0 skipName=0 skipNear=0 selectedId=4627 trackingId=4627 fireLockId=4627 mslMax=4000.0
[2026-04-25 16:50:26.260][CLIENT] bvr-filter id=4851 reason=canRenderEntity_false dist=27.1 class=mcheli.weapon.MCH_EntityAAMissile
[2026-04-25 16:50:26.260][CLIENT] bvr-filter id=89 reason=canRenderEntity_false dist=83.7 class=mcheli.tank.MCH_EntityTank
[2026-04-25 16:50:26.260][CLIENT] bvr-filter id=78 reason=canRenderEntity_false dist=8.8 class=net.minecraft.entity.player.EntityPlayerMP
[2026-04-25 16:50:26.260][CLIENT] bvr-filter id=79 reason=canRenderEntity_false dist=0.0 class=mcheli.plane.MCP_EntityPlane
[2026-04-25 16:50:26.260][CLIENT] bvr-scan acId=79 total=6 rendered=2 skipCan=4 skipJam=0 skipVisible=0 skipMslRange=0 skipName=0 skipNear=0 selectedId=4627 trackingId=4627 fireLockId=4627 mslMax=4000.0
[2026-04-25 16:50:26.269][CLIENT] bvr-filter id=4851 reason=canRenderEntity_false dist=27.1 class=mcheli.weapon.MCH_EntityAAMissile
[2026-04-25 16:50:26.270][CLIENT] bvr-filter id=89 reason=canRenderEntity_false dist=83.7 class=mcheli.tank.MCH_EntityTank
[2026-04-25 16:50:26.270][CLIENT] bvr-filter id=78 reason=canRenderEntity_false dist=8.8 class=net.minecraft.entity.player.EntityPlayerMP
[2026-04-25 16:50:26.270][CLIENT] bvr-filter id=79 reason=canRenderEntity_false dist=0.0 class=mcheli.plane.MCP_EntityPlane
[2026-04-25 16:50:26.270][CLIENT] bvr-scan acId=79 total=6 rendered=2 skipCan=4 skipJam=0 skipVisible=0 skipMslRange=0 skipName=0 skipNear=0 selectedId=4627 trackingId=4627 fireLockId=4627 mslMax=4000.0
[2026-04-25 16:50:26.279][CLIENT] bvr-filter id=4851 reason=canRenderEntity_false dist=27.1 class=mcheli.weapon.MCH_EntityAAMissile
[2026-04-25 16:50:26.279][CLIENT] bvr-filter id=89 reason=canRenderEntity_false dist=83.7 class=mcheli.tank.MCH_EntityTank
[2026-04-25 16:50:26.279][CLIENT] bvr-filter id=78 reason=canRenderEntity_false dist=8.8 class=net.minecraft.entity.player.EntityPlayerMP
[2026-04-25 16:50:26.279][CLIENT] bvr-filter id=79 reason=canRenderEntity_false dist=0.0 class=mcheli.plane.MCP_EntityPlane
[2026-04-25 16:50:26.279][CLIENT] bvr-scan acId=79 total=6 rendered=2 skipCan=4 skipJam=0 skipVisible=0 skipMslRange=0 skipName=0 skipNear=0 selectedId=4627 trackingId=4627 fireLockId=4627 mslMax=4000.0
[2026-04-25 16:50:26.288][CLIENT] bvr-filter id=4851 reason=canRenderEntity_false dist=27.1 class=mcheli.weapon.MCH_EntityAAMissile
[2026-04-25 16:50:26.288][CLIENT] bvr-filter id=89 reason=canRenderEntity_false dist=83.7 class=mcheli.tank.MCH_EntityTank
[2026-04-25 16:50:26.288][CLIENT] bvr-filter id=78 reason=canRenderEntity_false dist=8.8 class=net.minecraft.entity.player.EntityPlayerMP
[2026-04-25 16:50:26.288][CLIENT] bvr-filter id=79 reason=canRenderEntity_false dist=0.0 class=mcheli.plane.MCP_EntityPlane
[2026-04-25 16:50:26.288][CLIENT] bvr-scan acId=79 total=6 rendered=2 skipCan=4 skipJam=0 skipVisible=0 skipMslRange=0 skipName=0 skipNear=0 selectedId=4627 trackingId=4627 fireLockId=4627 mslMax=4000.0
[2026-04-25 16:50:26.297][CLIENT] bvr-filter id=4851 reason=canRenderEntity_false dist=27.1 class=mcheli.weapon.MCH_EntityAAMissile
[2026-04-25 16:50:26.297][CLIENT] bvr-filter id=89 reason=canRenderEntity_false dist=83.7 class=mcheli.tank.MCH_EntityTank
[2026-04-25 16:50:26.297][CLIENT] bvr-filter id=78 reason=canRenderEntity_false dist=8.8 class=net.minecraft.entity.player.EntityPlayerMP
[2026-04-25 16:50:26.297][CLIENT] bvr-filter id=79 reason=canRenderEntity_false dist=0.0 class=mcheli.plane.MCP_EntityPlane
[2026-04-25 16:50:26.297][CLIENT] bvr-scan acId=79 total=6 rendered=2 skipCan=4 skipJam=0 skipVisible=0 skipMslRange=0 skipName=0 skipNear=0 selectedId=4627 trackingId=4627 fireLockId=4627 mslMax=4000.0
[2026-04-25 16:50:26.758][CLIENT] bvr-filter id=89 reason=canRenderEntity_false dist=83.7 class=mcheli.tank.MCH_EntityTank
[2026-04-25 16:50:26.758][CLIENT] bvr-filter id=78 reason=canRenderEntity_false dist=8.8 class=net.minecraft.entity.player.EntityPlayerMP
[2026-04-25 16:50:26.758][CLIENT] bvr-filter id=79 reason=canRenderEntity_false dist=0.0 class=mcheli.plane.MCP_EntityPlane
[2026-04-25 16:50:26.758][CLIENT] bvr-scan acId=79 total=6 rendered=3 skipCan=3 skipJam=0 skipVisible=0 skipMslRange=0 skipName=0 skipNear=0 selectedId=4627 trackingId=4627 fireLockId=4627 mslMax=4000.0
[2026-04-25 16:50:26.768][CLIENT] bvr-filter id=89 reason=canRenderEntity_false dist=83.7 class=mcheli.tank.MCH_EntityTank
[2026-04-25 16:50:26.768][CLIENT] bvr-filter id=78 reason=canRenderEntity_false dist=8.8 class=net.minecraft.entity.player.EntityPlayerMP
[2026-04-25 16:50:26.768][CLIENT] bvr-filter id=79 reason=canRenderEntity_false dist=0.0 class=mcheli.plane.MCP_EntityPlane
[2026-04-25 16:50:26.768][CLIENT] bvr-scan acId=79 total=6 rendered=3 skipCan=3 skipJam=0 skipVisible=0 skipMslRange=0 skipName=0 skipNear=0 selectedId=4627 trackingId=4627 fireLockId=4627 mslMax=4000.0
[2026-04-25 16:50:26.777][CLIENT] bvr-filter id=89 reason=canRenderEntity_false dist=83.7 class=mcheli.tank.MCH_EntityTank
[2026-04-25 16:50:26.777][CLIENT] bvr-filter id=78 reason=canRenderEntity_false dist=8.8 class=net.minecraft.entity.player.EntityPlayerMP
[2026-04-25 16:50:26.777][CLIENT] bvr-filter id=79 reason=canRenderEntity_false dist=0.0 class=mcheli.plane.MCP_EntityPlane
[2026-04-25 16:50:26.777][CLIENT] bvr-scan acId=79 total=6 rendered=3 skipCan=3 skipJam=0 skipVisible=0 skipMslRange=0 skipName=0 skipNear=0 selectedId=4627 trackingId=4627 fireLockId=4627 mslMax=4000.0
[2026-04-25 16:50:26.787][CLIENT] bvr-filter id=89 reason=canRenderEntity_false dist=83.7 class=mcheli.tank.MCH_EntityTank
[2026-04-25 16:50:26.787][CLIENT] bvr-filter id=78 reason=canRenderEntity_false dist=8.8 class=net.minecraft.entity.player.EntityPlayerMP
[2026-04-25 16:50:26.787][CLIENT] bvr-filter id=79 reason=canRenderEntity_false dist=0.0 class=mcheli.plane.MCP_EntityPlane
[2026-04-25 16:50:26.787][CLIENT] bvr-scan acId=79 total=6 rendered=3 skipCan=3 skipJam=0 skipVisible=0 skipMslRange=0 skipName=0 skipNear=0 selectedId=4627 trackingId=4627 fireLockId=4627 mslMax=4000.0
[2026-04-25 16:50:26.796][CLIENT] bvr-filter id=89 reason=canRenderEntity_false dist=83.7 class=mcheli.tank.MCH_EntityTank
[2026-04-25 16:50:26.796][CLIENT] bvr-filter id=78 reason=canRenderEntity_false dist=8.8 class=net.minecraft.entity.player.EntityPlayerMP
[2026-04-25 16:50:26.796][CLIENT] bvr-filter id=79 reason=canRenderEntity_false dist=0.0 class=mcheli.plane.MCP_EntityPlane
[2026-04-25 16:50:26.796][CLIENT] bvr-scan acId=79 total=6 rendered=3 skipCan=3 skipJam=0 skipVisible=0 skipMslRange=0 skipName=0 skipNear=0 selectedId=4627 trackingId=4627 fireLockId=4627 mslMax=4000.0
[2026-04-25 16:50:27.258][CLIENT] bvr-filter id=89 reason=canRenderEntity_false dist=83.7 class=mcheli.tank.MCH_EntityTank
[2026-04-25 16:50:27.258][CLIENT] bvr-filter id=78 reason=canRenderEntity_false dist=8.8 class=net.minecraft.entity.player.EntityPlayerMP
[2026-04-25 16:50:27.258][CLIENT] bvr-filter id=79 reason=canRenderEntity_false dist=0.0 class=mcheli.plane.MCP_EntityPlane
[2026-04-25 16:50:27.258][CLIENT] bvr-scan acId=79 total=5 rendered=2 skipCan=3 skipJam=0 skipVisible=0 skipMslRange=0 skipName=0 skipNear=0 selectedId=4627 trackingId=4627 fireLockId=4627 mslMax=4000.0
[2026-04-25 16:50:27.266][CLIENT] bvr-filter id=89 reason=canRenderEntity_false dist=83.7 class=mcheli.tank.MCH_EntityTank
[2026-04-25 16:50:27.266][CLIENT] bvr-filter id=78 reason=canRenderEntity_false dist=8.8 class=net.minecraft.entity.player.EntityPlayerMP
[2026-04-25 16:50:27.266][CLIENT] bvr-filter id=79 reason=canRenderEntity_false dist=0.0 class=mcheli.plane.MCP_EntityPlane
[2026-04-25 16:50:27.266][CLIENT] bvr-scan acId=79 total=5 rendered=2 skipCan=3 skipJam=0 skipVisible=0 skipMslRange=0 skipName=0 skipNear=0 selectedId=4627 trackingId=4627 fireLockId=4627 mslMax=4000.0
[2026-04-25 16:50:27.274][CLIENT] bvr-filter id=89 reason=canRenderEntity_false dist=83.7 class=mcheli.tank.MCH_EntityTank
[2026-04-25 16:50:27.274][CLIENT] bvr-filter id=78 reason=canRenderEntity_false dist=8.8 class=net.minecraft.entity.player.EntityPlayerMP
[2026-04-25 16:50:27.274][CLIENT] bvr-filter id=79 reason=canRenderEntity_false dist=0.0 class=mcheli.plane.MCP_EntityPlane
[2026-04-25 16:50:27.274][CLIENT] bvr-scan acId=79 total=5 rendered=2 skipCan=3 skipJam=0 skipVisible=0 skipMslRange=0 skipName=0 skipNear=0 selectedId=4627 trackingId=4627 fireLockId=4627 mslMax=4000.0
[2026-04-25 16:50:27.281][CLIENT] bvr-filter id=89 reason=canRenderEntity_false dist=83.7 class=mcheli.tank.MCH_EntityTank
[2026-04-25 16:50:27.281][CLIENT] bvr-filter id=78 reason=canRenderEntity_false dist=8.8 class=net.minecraft.entity.player.EntityPlayerMP
[2026-04-25 16:50:27.281][CLIENT] bvr-filter id=79 reason=canRenderEntity_false dist=0.0 class=mcheli.plane.MCP_EntityPlane
[2026-04-25 16:50:27.281][CLIENT] bvr-scan acId=79 total=5 rendered=2 skipCan=3 skipJam=0 skipVisible=0 skipMslRange=0 skipName=0 skipNear=0 selectedId=4627 trackingId=4627 fireLockId=4627 mslMax=4000.0
[2026-04-25 16:50:27.289][CLIENT] bvr-filter id=89 reason=canRenderEntity_false dist=83.7 class=mcheli.tank.MCH_EntityTank
[2026-04-25 16:50:27.289][CLIENT] bvr-filter id=78 reason=canRenderEntity_false dist=8.8 class=net.minecraft.entity.player.EntityPlayerMP
[2026-04-25 16:50:27.289][CLIENT] bvr-filter id=79 reason=canRenderEntity_false dist=0.0 class=mcheli.plane.MCP_EntityPlane
[2026-04-25 16:50:27.289][CLIENT] bvr-scan acId=79 total=5 rendered=2 skipCan=3 skipJam=0 skipVisible=0 skipMslRange=0 skipName=0 skipNear=0 selectedId=4627 trackingId=4627 fireLockId=4627 mslMax=4000.0
[2026-04-25 16:50:27.295][CLIENT] bvr-filter id=89 reason=canRenderEntity_false dist=83.7 class=mcheli.tank.MCH_EntityTank
[2026-04-25 16:50:27.295][CLIENT] bvr-filter id=78 reason=canRenderEntity_false dist=8.8 class=net.minecraft.entity.player.EntityPlayerMP
[2026-04-25 16:50:27.295][CLIENT] bvr-filter id=79 reason=canRenderEntity_false dist=0.0 class=mcheli.plane.MCP_EntityPlane
[2026-04-25 16:50:27.295][CLIENT] bvr-scan acId=79 total=5 rendered=2 skipCan=3 skipJam=0 skipVisible=0 skipMslRange=0 skipName=0 skipNear=0 selectedId=4627 trackingId=4627 fireLockId=4627 mslMax=4000.0
[2026-04-25 16:50:27.757][CLIENT] bvr-filter id=89 reason=canRenderEntity_false dist=83.7 class=mcheli.tank.MCH_EntityTank
[2026-04-25 16:50:27.757][CLIENT] bvr-filter id=78 reason=canRenderEntity_false dist=8.8 class=net.minecraft.entity.player.EntityPlayerMP
[2026-04-25 16:50:27.757][CLIENT] bvr-filter id=79 reason=canRenderEntity_false dist=0.0 class=mcheli.plane.MCP_EntityPlane
[2026-04-25 16:50:27.757][CLIENT] bvr-scan acId=79 total=5 rendered=2 skipCan=3 skipJam=0 skipVisible=0 skipMslRange=0 skipName=0 skipNear=0 selectedId=4627 trackingId=4627 fireLockId=4627 mslMax=4000.0
[2026-04-25 16:50:27.763][CLIENT] bvr-filter id=89 reason=canRenderEntity_false dist=83.7 class=mcheli.tank.MCH_EntityTank
[2026-04-25 16:50:27.763][CLIENT] bvr-filter id=78 reason=canRenderEntity_false dist=8.8 class=net.minecraft.entity.player.EntityPlayerMP
[2026-04-25 16:50:27.763][CLIENT] bvr-filter id=79 reason=canRenderEntity_false dist=0.0 class=mcheli.plane.MCP_EntityPlane
[2026-04-25 16:50:27.763][CLIENT] bvr-scan acId=79 total=5 rendered=2 skipCan=3 skipJam=0 skipVisible=0 skipMslRange=0 skipName=0 skipNear=0 selectedId=4627 trackingId=4627 fireLockId=4627 mslMax=4000.0
[2026-04-25 16:50:27.771][CLIENT] bvr-filter id=89 reason=canRenderEntity_false dist=83.7 class=mcheli.tank.MCH_EntityTank
[2026-04-25 16:50:27.771][CLIENT] bvr-filter id=78 reason=canRenderEntity_false dist=8.8 class=net.minecraft.entity.player.EntityPlayerMP
[2026-04-25 16:50:27.771][CLIENT] bvr-filter id=79 reason=canRenderEntity_false dist=0.0 class=mcheli.plane.MCP_EntityPlane
[2026-04-25 16:50:27.771][CLIENT] bvr-scan acId=79 total=5 rendered=2 skipCan=3 skipJam=0 skipVisible=0 skipMslRange=0 skipName=0 skipNear=0 selectedId=4627 trackingId=4627 fireLockId=4627 mslMax=4000.0
[2026-04-25 16:50:27.778][CLIENT] bvr-filter id=89 reason=canRenderEntity_false dist=83.7 class=mcheli.tank.MCH_EntityTank
[2026-04-25 16:50:27.778][CLIENT] bvr-filter id=78 reason=canRenderEntity_false dist=8.8 class=net.minecraft.entity.player.EntityPlayerMP
[2026-04-25 16:50:27.778][CLIENT] bvr-filter id=79 reason=canRenderEntity_false dist=0.0 class=mcheli.plane.MCP_EntityPlane
[2026-04-25 16:50:27.778][CLIENT] bvr-scan acId=79 total=5 rendered=2 skipCan=3 skipJam=0 skipVisible=0 skipMslRange=0 skipName=0 skipNear=0 selectedId=4627 trackingId=4627 fireLockId=4627 mslMax=4000.0
[2026-04-25 16:50:27.786][CLIENT] bvr-filter id=89 reason=canRenderEntity_false dist=83.7 class=mcheli.tank.MCH_EntityTank
[2026-04-25 16:50:27.786][CLIENT] bvr-filter id=78 reason=canRenderEntity_false dist=8.8 class=net.minecraft.entity.player.EntityPlayerMP
[2026-04-25 16:50:27.786][CLIENT] bvr-filter id=79 reason=canRenderEntity_false dist=0.0 class=mcheli.plane.MCP_EntityPlane
[2026-04-25 16:50:27.786][CLIENT] bvr-scan acId=79 total=5 rendered=2 skipCan=3 skipJam=0 skipVisible=0 skipMslRange=0 skipName=0 skipNear=0 selectedId=4627 trackingId=4627 fireLockId=4627 mslMax=4000.0
[2026-04-25 16:50:27.793][CLIENT] bvr-filter id=89 reason=canRenderEntity_false dist=83.7 class=mcheli.tank.MCH_EntityTank
[2026-04-25 16:50:27.793][CLIENT] bvr-filter id=78 reason=canRenderEntity_false dist=8.8 class=net.minecraft.entity.player.EntityPlayerMP
[2026-04-25 16:50:27.793][CLIENT] bvr-filter id=79 reason=canRenderEntity_false dist=0.0 class=mcheli.plane.MCP_EntityPlane
[2026-04-25 16:50:27.793][CLIENT] bvr-scan acId=79 total=5 rendered=2 skipCan=3 skipJam=0 skipVisible=0 skipMslRange=0 skipName=0 skipNear=0 selectedId=4627 trackingId=4627 fireLockId=4627 mslMax=4000.0
[2026-04-25 16:50:28.256][CLIENT] bvr-filter id=89 reason=canRenderEntity_false dist=83.7 class=mcheli.tank.MCH_EntityTank
[2026-04-25 16:50:28.256][CLIENT] bvr-filter id=78 reason=canRenderEntity_false dist=8.8 class=net.minecraft.entity.player.EntityPlayerMP
[2026-04-25 16:50:28.256][CLIENT] bvr-filter id=79 reason=canRenderEntity_false dist=0.0 class=mcheli.plane.MCP_EntityPlane
[2026-04-25 16:50:28.256][CLIENT] bvr-scan acId=79 total=5 rendered=2 skipCan=3 skipJam=0 skipVisible=0 skipMslRange=0 skipName=0 skipNear=0 selectedId=4627 trackingId=4627 fireLockId=4627 mslMax=4000.0
[2026-04-25 16:50:28.263][CLIENT] bvr-filter id=89 reason=canRenderEntity_false dist=83.7 class=mcheli.tank.MCH_EntityTank
[2026-04-25 16:50:28.263][CLIENT] bvr-filter id=78 reason=canRenderEntity_false dist=8.8 class=net.minecraft.entity.player.EntityPlayerMP
[2026-04-25 16:50:28.263][CLIENT] bvr-filter id=79 reason=canRenderEntity_false dist=0.0 class=mcheli.plane.MCP_EntityPlane
[2026-04-25 16:50:28.263][CLIENT] bvr-scan acId=79 total=5 rendered=2 skipCan=3 skipJam=0 skipVisible=0 skipMslRange=0 skipName=0 skipNear=0 selectedId=4627 trackingId=4627 fireLockId=4627 mslMax=4000.0
[2026-04-25 16:50:28.269][CLIENT] bvr-filter id=89 reason=canRenderEntity_false dist=83.7 class=mcheli.tank.MCH_EntityTank
[2026-04-25 16:50:28.269][CLIENT] bvr-filter id=78 reason=canRenderEntity_false dist=8.8 class=net.minecraft.entity.player.EntityPlayerMP
[2026-04-25 16:50:28.269][CLIENT] bvr-filter id=79 reason=canRenderEntity_false dist=0.0 class=mcheli.plane.MCP_EntityPlane
[2026-04-25 16:50:28.269][CLIENT] bvr-scan acId=79 total=5 rendered=2 skipCan=3 skipJam=0 skipVisible=0 skipMslRange=0 skipName=0 skipNear=0 selectedId=4627 trackingId=4627 fireLockId=4627 mslMax=4000.0
[2026-04-25 16:50:28.276][CLIENT] bvr-filter id=89 reason=canRenderEntity_false dist=83.7 class=mcheli.tank.MCH_EntityTank
[2026-04-25 16:50:28.276][CLIENT] bvr-filter id=78 reason=canRenderEntity_false dist=8.8 class=net.minecraft.entity.player.EntityPlayerMP
[2026-04-25 16:50:28.276][CLIENT] bvr-filter id=79 reason=canRenderEntity_false dist=0.0 class=mcheli.plane.MCP_EntityPlane
[2026-04-25 16:50:28.276][CLIENT] bvr-scan acId=79 total=5 rendered=2 skipCan=3 skipJam=0 skipVisible=0 skipMslRange=0 skipName=0 skipNear=0 selectedId=4627 trackingId=4627 fireLockId=4627 mslMax=4000.0
[2026-04-25 16:50:28.282][CLIENT] bvr-filter id=89 reason=canRenderEntity_false dist=83.7 class=mcheli.tank.MCH_EntityTank
[2026-04-25 16:50:28.282][CLIENT] bvr-filter id=78 reason=canRenderEntity_false dist=8.8 class=net.minecraft.entity.player.EntityPlayerMP
[2026-04-25 16:50:28.282][CLIENT] bvr-filter id=79 reason=canRenderEntity_false dist=0.0 class=mcheli.plane.MCP_EntityPlane
[2026-04-25 16:50:28.282][CLIENT] bvr-scan acId=79 total=5 rendered=2 skipCan=3 skipJam=0 skipVisible=0 skipMslRange=0 skipName=0 skipNear=0 selectedId=4627 trackingId=4627 fireLockId=4627 mslMax=4000.0
[2026-04-25 16:50:28.289][CLIENT] bvr-filter id=89 reason=canRenderEntity_false dist=83.7 class=mcheli.tank.MCH_EntityTank
[2026-04-25 16:50:28.289][CLIENT] bvr-filter id=78 reason=canRenderEntity_false dist=8.8 class=net.minecraft.entity.player.EntityPlayerMP
[2026-04-25 16:50:28.289][CLIENT] bvr-filter id=79 reason=canRenderEntity_false dist=0.0 class=mcheli.plane.MCP_EntityPlane
[2026-04-25 16:50:28.289][CLIENT] bvr-scan acId=79 total=5 rendered=2 skipCan=3 skipJam=0 skipVisible=0 skipMslRange=0 skipName=0 skipNear=0 selectedId=4627 trackingId=4627 fireLockId=4627 mslMax=4000.0
[2026-04-25 16:50:28.296][CLIENT] bvr-filter id=89 reason=canRenderEntity_false dist=83.7 class=mcheli.tank.MCH_EntityTank
[2026-04-25 16:50:28.296][CLIENT] bvr-filter id=78 reason=canRenderEntity_false dist=8.8 class=net.minecraft.entity.player.EntityPlayerMP
[2026-04-25 16:50:28.296][CLIENT] bvr-filter id=79 reason=canRenderEntity_false dist=0.0 class=mcheli.plane.MCP_EntityPlane
[2026-04-25 16:50:28.296][CLIENT] bvr-scan acId=79 total=5 rendered=2 skipCan=3 skipJam=0 skipVisible=0 skipMslRange=0 skipName=0 skipNear=0 selectedId=4627 trackingId=4627 fireLockId=4627 mslMax=4000.0
[2026-04-25 16:50:28.754][CLIENT] bvr-filter id=89 reason=canRenderEntity_false dist=83.7 class=mcheli.tank.MCH_EntityTank
[2026-04-25 16:50:28.755][CLIENT] bvr-filter id=78 reason=canRenderEntity_false dist=8.8 class=net.minecraft.entity.player.EntityPlayerMP
[2026-04-25 16:50:28.755][CLIENT] bvr-filter id=79 reason=canRenderEntity_false dist=0.0 class=mcheli.plane.MCP_EntityPlane
[2026-04-25 16:50:28.755][CLIENT] bvr-scan acId=79 total=5 rendered=2 skipCan=3 skipJam=0 skipVisible=0 skipMslRange=0 skipName=0 skipNear=0 selectedId=4627 trackingId=4627 fireLockId=4627 mslMax=4000.0
[2026-04-25 16:50:28.762][CLIENT] bvr-filter id=89 reason=canRenderEntity_false dist=83.7 class=mcheli.tank.MCH_EntityTank
[2026-04-25 16:50:28.762][CLIENT] bvr-filter id=78 reason=canRenderEntity_false dist=8.8 class=net.minecraft.entity.player.EntityPlayerMP
[2026-04-25 16:50:28.762][CLIENT] bvr-filter id=79 reason=canRenderEntity_false dist=0.0 class=mcheli.plane.MCP_EntityPlane
[2026-04-25 16:50:28.762][CLIENT] bvr-scan acId=79 total=5 rendered=2 skipCan=3 skipJam=0 skipVisible=0 skipMslRange=0 skipName=0 skipNear=0 selectedId=4627 trackingId=4627 fireLockId=4627 mslMax=4000.0
[2026-04-25 16:50:28.769][CLIENT] bvr-filter id=89 reason=canRenderEntity_false dist=83.7 class=mcheli.tank.MCH_EntityTank
[2026-04-25 16:50:28.769][CLIENT] bvr-filter id=78 reason=canRenderEntity_false dist=8.8 class=net.minecraft.entity.player.EntityPlayerMP
[2026-04-25 16:50:28.769][CLIENT] bvr-filter id=79 reason=canRenderEntity_false dist=0.0 class=mcheli.plane.MCP_EntityPlane
[2026-04-25 16:50:28.769][CLIENT] bvr-scan acId=79 total=5 rendered=2 skipCan=3 skipJam=0 skipVisible=0 skipMslRange=0 skipName=0 skipNear=0 selectedId=4627 trackingId=4627 fireLockId=4627 mslMax=4000.0
[2026-04-25 16:50:28.776][CLIENT] bvr-filter id=89 reason=canRenderEntity_false dist=83.7 class=mcheli.tank.MCH_EntityTank
[2026-04-25 16:50:28.776][CLIENT] bvr-filter id=78 reason=canRenderEntity_false dist=8.8 class=net.minecraft.entity.player.EntityPlayerMP
[2026-04-25 16:50:28.776][CLIENT] bvr-filter id=79 reason=canRenderEntity_false dist=0.0 class=mcheli.plane.MCP_EntityPlane
[2026-04-25 16:50:28.776][CLIENT] bvr-scan acId=79 total=5 rendered=2 skipCan=3 skipJam=0 skipVisible=0 skipMslRange=0 skipName=0 skipNear=0 selectedId=4627 trackingId=4627 fireLockId=4627 mslMax=4000.0
[2026-04-25 16:50:28.782][CLIENT] bvr-filter id=89 reason=canRenderEntity_false dist=83.7 class=mcheli.tank.MCH_EntityTank
[2026-04-25 16:50:28.782][CLIENT] bvr-filter id=78 reason=canRenderEntity_false dist=8.8 class=net.minecraft.entity.player.EntityPlayerMP
[2026-04-25 16:50:28.782][CLIENT] bvr-filter id=79 reason=canRenderEntity_false dist=0.0 class=mcheli.plane.MCP_EntityPlane
[2026-04-25 16:50:28.782][CLIENT] bvr-scan acId=79 total=5 rendered=2 skipCan=3 skipJam=0 skipVisible=0 skipMslRange=0 skipName=0 skipNear=0 selectedId=4627 trackingId=4627 fireLockId=4627 mslMax=4000.0
[2026-04-25 16:50:28.790][CLIENT] bvr-filter id=89 reason=canRenderEntity_false dist=83.7 class=mcheli.tank.MCH_EntityTank
[2026-04-25 16:50:28.790][CLIENT] bvr-filter id=78 reason=canRenderEntity_false dist=8.8 class=net.minecraft.entity.player.EntityPlayerMP
[2026-04-25 16:50:28.790][CLIENT] bvr-filter id=79 reason=canRenderEntity_false dist=0.0 class=mcheli.plane.MCP_EntityPlane
[2026-04-25 16:50:28.790][CLIENT] bvr-scan acId=79 total=5 rendered=2 skipCan=3 skipJam=0 skipVisible=0 skipMslRange=0 skipName=0 skipNear=0 selectedId=4627 trackingId=4627 fireLockId=4627 mslMax=4000.0
[2026-04-25 16:50:28.797][CLIENT] bvr-filter id=89 reason=canRenderEntity_false dist=83.7 class=mcheli.tank.MCH_EntityTank
[2026-04-25 16:50:28.797][CLIENT] bvr-filter id=78 reason=canRenderEntity_false dist=8.8 class=net.minecraft.entity.player.EntityPlayerMP
[2026-04-25 16:50:28.797][CLIENT] bvr-filter id=79 reason=canRenderEntity_false dist=0.0 class=mcheli.plane.MCP_EntityPlane
[2026-04-25 16:50:28.797][CLIENT] bvr-scan acId=79 total=5 rendered=2 skipCan=3 skipJam=0 skipVisible=0 skipMslRange=0 skipName=0 skipNear=0 selectedId=4627 trackingId=4627 fireLockId=4627 mslMax=4000.0
[2026-04-25 16:50:29.257][CLIENT] bvr-filter id=89 reason=canRenderEntity_false dist=83.7 class=mcheli.tank.MCH_EntityTank
[2026-04-25 16:50:29.257][CLIENT] bvr-filter id=78 reason=canRenderEntity_false dist=8.8 class=net.minecraft.entity.player.EntityPlayerMP
[2026-04-25 16:50:29.257][CLIENT] bvr-filter id=79 reason=canRenderEntity_false dist=0.0 class=mcheli.plane.MCP_EntityPlane
[2026-04-25 16:50:29.257][CLIENT] bvr-scan acId=79 total=5 rendered=2 skipCan=3 skipJam=0 skipVisible=0 skipMslRange=0 skipName=0 skipNear=0 selectedId=4627 trackingId=4627 fireLockId=4627 mslMax=4000.0
[2026-04-25 16:50:29.264][CLIENT] bvr-filter id=89 reason=canRenderEntity_false dist=83.7 class=mcheli.tank.MCH_EntityTank
[2026-04-25 16:50:29.265][CLIENT] bvr-filter id=78 reason=canRenderEntity_false dist=8.8 class=net.minecraft.entity.player.EntityPlayerMP
[2026-04-25 16:50:29.265][CLIENT] bvr-filter id=79 reason=canRenderEntity_false dist=0.0 class=mcheli.plane.MCP_EntityPlane
[2026-04-25 16:50:29.265][CLIENT] bvr-scan acId=79 total=5 rendered=2 skipCan=3 skipJam=0 skipVisible=0 skipMslRange=0 skipName=0 skipNear=0 selectedId=4627 trackingId=4627 fireLockId=4627 mslMax=4000.0
[2026-04-25 16:50:29.272][CLIENT] bvr-filter id=89 reason=canRenderEntity_false dist=83.7 class=mcheli.tank.MCH_EntityTank
[2026-04-25 16:50:29.272][CLIENT] bvr-filter id=78 reason=canRenderEntity_false dist=8.8 class=net.minecraft.entity.player.EntityPlayerMP
[2026-04-25 16:50:29.272][CLIENT] bvr-filter id=79 reason=canRenderEntity_false dist=0.0 class=mcheli.plane.MCP_EntityPlane
[2026-04-25 16:50:29.272][CLIENT] bvr-scan acId=79 total=5 rendered=2 skipCan=3 skipJam=0 skipVisible=0 skipMslRange=0 skipName=0 skipNear=0 selectedId=4627 trackingId=4627 fireLockId=4627 mslMax=4000.0
[2026-04-25 16:50:29.279][CLIENT] bvr-filter id=89 reason=canRenderEntity_false dist=83.7 class=mcheli.tank.MCH_EntityTank
[2026-04-25 16:50:29.279][CLIENT] bvr-filter id=78 reason=canRenderEntity_false dist=8.8 class=net.minecraft.entity.player.EntityPlayerMP
[2026-04-25 16:50:29.279][CLIENT] bvr-filter id=79 reason=canRenderEntity_false dist=0.0 class=mcheli.plane.MCP_EntityPlane
[2026-04-25 16:50:29.279][CLIENT] bvr-scan acId=79 total=5 rendered=2 skipCan=3 skipJam=0 skipVisible=0 skipMslRange=0 skipName=0 skipNear=0 selectedId=4627 trackingId=4627 fireLockId=4627 mslMax=4000.0
[2026-04-25 16:50:29.286][CLIENT] bvr-filter id=89 reason=canRenderEntity_false dist=83.7 class=mcheli.tank.MCH_EntityTank
[2026-04-25 16:50:29.286][CLIENT] bvr-filter id=78 reason=canRenderEntity_false dist=8.8 class=net.minecraft.entity.player.EntityPlayerMP
[2026-04-25 16:50:29.286][CLIENT] bvr-filter id=79 reason=canRenderEntity_false dist=0.0 class=mcheli.plane.MCP_EntityPlane
[2026-04-25 16:50:29.286][CLIENT] bvr-scan acId=79 total=5 rendered=2 skipCan=3 skipJam=0 skipVisible=0 skipMslRange=0 skipName=0 skipNear=0 selectedId=4627 trackingId=4627 fireLockId=4627 mslMax=4000.0
[2026-04-25 16:50:29.293][CLIENT] bvr-filter id=89 reason=canRenderEntity_false dist=83.7 class=mcheli.tank.MCH_EntityTank
[2026-04-25 16:50:29.293][CLIENT] bvr-filter id=78 reason=canRenderEntity_false dist=8.8 class=net.minecraft.entity.player.EntityPlayerMP
[2026-04-25 16:50:29.293][CLIENT] bvr-filter id=79 reason=canRenderEntity_false dist=0.0 class=mcheli.plane.MCP_EntityPlane
[2026-04-25 16:50:29.293][CLIENT] bvr-scan acId=79 total=5 rendered=2 skipCan=3 skipJam=0 skipVisible=0 skipMslRange=0 skipName=0 skipNear=0 selectedId=4627 trackingId=4627 fireLockId=4627 mslMax=4000.0
[2026-04-25 16:50:29.758][CLIENT] bvr-filter id=89 reason=canRenderEntity_false dist=83.7 class=mcheli.tank.MCH_EntityTank
[2026-04-25 16:50:29.758][CLIENT] bvr-filter id=78 reason=canRenderEntity_false dist=8.8 class=net.minecraft.entity.player.EntityPlayerMP
[2026-04-25 16:50:29.758][CLIENT] bvr-filter id=79 reason=canRenderEntity_false dist=0.0 class=mcheli.plane.MCP_EntityPlane
[2026-04-25 16:50:29.758][CLIENT] bvr-scan acId=79 total=5 rendered=2 skipCan=3 skipJam=0 skipVisible=0 skipMslRange=0 skipName=0 skipNear=0 selectedId=4627 trackingId=4627 fireLockId=4627 mslMax=4000.0
[2026-04-25 16:50:29.765][CLIENT] bvr-filter id=89 reason=canRenderEntity_false dist=83.7 class=mcheli.tank.MCH_EntityTank
[2026-04-25 16:50:29.765][CLIENT] bvr-filter id=78 reason=canRenderEntity_false dist=8.8 class=net.minecraft.entity.player.EntityPlayerMP
[2026-04-25 16:50:29.765][CLIENT] bvr-filter id=79 reason=canRenderEntity_false dist=0.0 class=mcheli.plane.MCP_EntityPlane
[2026-04-25 16:50:29.765][CLIENT] bvr-scan acId=79 total=5 rendered=2 skipCan=3 skipJam=0 skipVisible=0 skipMslRange=0 skipName=0 skipNear=0 selectedId=4627 trackingId=4627 fireLockId=4627 mslMax=4000.0
[2026-04-25 16:50:29.772][CLIENT] bvr-filter id=89 reason=canRenderEntity_false dist=83.7 class=mcheli.tank.MCH_EntityTank
[2026-04-25 16:50:29.772][CLIENT] bvr-filter id=78 reason=canRenderEntity_false dist=8.8 class=net.minecraft.entity.player.EntityPlayerMP
[2026-04-25 16:50:29.772][CLIENT] bvr-filter id=79 reason=canRenderEntity_false dist=0.0 class=mcheli.plane.MCP_EntityPlane
[2026-04-25 16:50:29.772][CLIENT] bvr-scan acId=79 total=5 rendered=2 skipCan=3 skipJam=0 skipVisible=0 skipMslRange=0 skipName=0 skipNear=0 selectedId=4627 trackingId=4627 fireLockId=4627 mslMax=4000.0
[2026-04-25 16:50:29.780][CLIENT] bvr-filter id=89 reason=canRenderEntity_false dist=83.7 class=mcheli.tank.MCH_EntityTank
[2026-04-25 16:50:29.780][CLIENT] bvr-filter id=78 reason=canRenderEntity_false dist=8.8 class=net.minecraft.entity.player.EntityPlayerMP
[2026-04-25 16:50:29.780][CLIENT] bvr-filter id=79 reason=canRenderEntity_false dist=0.0 class=mcheli.plane.MCP_EntityPlane
[2026-04-25 16:50:29.780][CLIENT] bvr-scan acId=79 total=5 rendered=2 skipCan=3 skipJam=0 skipVisible=0 skipMslRange=0 skipName=0 skipNear=0 selectedId=4627 trackingId=4627 fireLockId=4627 mslMax=4000.0
[2026-04-25 16:50:29.786][CLIENT] bvr-filter id=89 reason=canRenderEntity_false dist=83.7 class=mcheli.tank.MCH_EntityTank
[2026-04-25 16:50:29.786][CLIENT] bvr-filter id=78 reason=canRenderEntity_false dist=8.8 class=net.minecraft.entity.player.EntityPlayerMP
[2026-04-25 16:50:29.786][CLIENT] bvr-filter id=79 reason=canRenderEntity_false dist=0.0 class=mcheli.plane.MCP_EntityPlane
[2026-04-25 16:50:29.786][CLIENT] bvr-scan acId=79 total=5 rendered=2 skipCan=3 skipJam=0 skipVisible=0 skipMslRange=0 skipName=0 skipNear=0 selectedId=4627 trackingId=4627 fireLockId=4627 mslMax=4000.0
[2026-04-25 16:50:29.793][CLIENT] bvr-filter id=89 reason=canRenderEntity_false dist=83.7 class=mcheli.tank.MCH_EntityTank
[2026-04-25 16:50:29.793][CLIENT] bvr-filter id=78 reason=canRenderEntity_false dist=8.8 class=net.minecraft.entity.player.EntityPlayerMP
[2026-04-25 16:50:29.793][CLIENT] bvr-filter id=79 reason=canRenderEntity_false dist=0.0 class=mcheli.plane.MCP_EntityPlane
[2026-04-25 16:50:29.793][CLIENT] bvr-scan acId=79 total=5 rendered=2 skipCan=3 skipJam=0 skipVisible=0 skipMslRange=0 skipName=0 skipNear=0 selectedId=4627 trackingId=4627 fireLockId=4627 mslMax=4000.0
[2026-04-25 16:50:30.258][CLIENT] bvr-filter id=89 reason=canRenderEntity_false dist=83.7 class=mcheli.tank.MCH_EntityTank
[2026-04-25 16:50:30.258][CLIENT] bvr-filter id=78 reason=canRenderEntity_false dist=8.8 class=net.minecraft.entity.player.EntityPlayerMP
[2026-04-25 16:50:30.258][CLIENT] bvr-filter id=79 reason=canRenderEntity_false dist=0.0 class=mcheli.plane.MCP_EntityPlane
[2026-04-25 16:50:30.258][CLIENT] bvr-scan acId=79 total=5 rendered=2 skipCan=3 skipJam=0 skipVisible=0 skipMslRange=0 skipName=0 skipNear=0 selectedId=4627 trackingId=4627 fireLockId=4627 mslMax=4000.0
[2026-04-25 16:50:30.265][CLIENT] bvr-filter id=89 reason=canRenderEntity_false dist=83.7 class=mcheli.tank.MCH_EntityTank
[2026-04-25 16:50:30.265][CLIENT] bvr-filter id=78 reason=canRenderEntity_false dist=8.8 class=net.minecraft.entity.player.EntityPlayerMP
[2026-04-25 16:50:30.265][CLIENT] bvr-filter id=79 reason=canRenderEntity_false dist=0.0 class=mcheli.plane.MCP_EntityPlane
[2026-04-25 16:50:30.265][CLIENT] bvr-scan acId=79 total=5 rendered=2 skipCan=3 skipJam=0 skipVisible=0 skipMslRange=0 skipName=0 skipNear=0 selectedId=4627 trackingId=4627 fireLockId=4627 mslMax=4000.0
[2026-04-25 16:50:30.273][CLIENT] bvr-filter id=89 reason=canRenderEntity_false dist=83.7 class=mcheli.tank.MCH_EntityTank
[2026-04-25 16:50:30.273][CLIENT] bvr-filter id=78 reason=canRenderEntity_false dist=8.8 class=net.minecraft.entity.player.EntityPlayerMP
[2026-04-25 16:50:30.273][CLIENT] bvr-filter id=79 reason=canRenderEntity_false dist=0.0 class=mcheli.plane.MCP_EntityPlane
[2026-04-25 16:50:30.273][CLIENT] bvr-scan acId=79 total=5 rendered=2 skipCan=3 skipJam=0 skipVisible=0 skipMslRange=0 skipName=0 skipNear=0 selectedId=4627 trackingId=4627 fireLockId=4627 mslMax=4000.0
[2026-04-25 16:50:30.279][CLIENT] bvr-filter id=89 reason=canRenderEntity_false dist=83.7 class=mcheli.tank.MCH_EntityTank
[2026-04-25 16:50:30.280][CLIENT] bvr-filter id=78 reason=canRenderEntity_false dist=8.8 class=net.minecraft.entity.player.EntityPlayerMP
[2026-04-25 16:50:30.280][CLIENT] bvr-filter id=79 reason=canRenderEntity_false dist=0.0 class=mcheli.plane.MCP_EntityPlane
[2026-04-25 16:50:30.280][CLIENT] bvr-scan acId=79 total=5 rendered=2 skipCan=3 skipJam=0 skipVisible=0 skipMslRange=0 skipName=0 skipNear=0 selectedId=4627 trackingId=4627 fireLockId=4627 mslMax=4000.0
[2026-04-25 16:50:30.287][CLIENT] bvr-filter id=89 reason=canRenderEntity_false dist=83.7 class=mcheli.tank.MCH_EntityTank
[2026-04-25 16:50:30.287][CLIENT] bvr-filter id=78 reason=canRenderEntity_false dist=8.8 class=net.minecraft.entity.player.EntityPlayerMP
[2026-04-25 16:50:30.287][CLIENT] bvr-filter id=79 reason=canRenderEntity_false dist=0.0 class=mcheli.plane.MCP_EntityPlane
[2026-04-25 16:50:30.287][CLIENT] bvr-scan acId=79 total=5 rendered=2 skipCan=3 skipJam=0 skipVisible=0 skipMslRange=0 skipName=0 skipNear=0 selectedId=4627 trackingId=4627 fireLockId=4627 mslMax=4000.0
[2026-04-25 16:50:30.295][CLIENT] bvr-filter id=89 reason=canRenderEntity_false dist=83.7 class=mcheli.tank.MCH_EntityTank
[2026-04-25 16:50:30.295][CLIENT] bvr-filter id=78 reason=canRenderEntity_false dist=8.8 class=net.minecraft.entity.player.EntityPlayerMP
[2026-04-25 16:50:30.295][CLIENT] bvr-filter id=79 reason=canRenderEntity_false dist=0.0 class=mcheli.plane.MCP_EntityPlane
[2026-04-25 16:50:30.295][CLIENT] bvr-scan acId=79 total=5 rendered=2 skipCan=3 skipJam=0 skipVisible=0 skipMslRange=0 skipName=0 skipNear=0 selectedId=4627 trackingId=4627 fireLockId=4627 mslMax=4000.0
[2026-04-25 16:50:30.759][CLIENT] bvr-filter id=89 reason=canRenderEntity_false dist=83.7 class=mcheli.tank.MCH_EntityTank
[2026-04-25 16:50:30.759][CLIENT] bvr-filter id=78 reason=canRenderEntity_false dist=8.8 class=net.minecraft.entity.player.EntityPlayerMP
[2026-04-25 16:50:30.759][CLIENT] bvr-filter id=79 reason=canRenderEntity_false dist=0.0 class=mcheli.plane.MCP_EntityPlane
[2026-04-25 16:50:30.759][CLIENT] bvr-scan acId=79 total=5 rendered=2 skipCan=3 skipJam=0 skipVisible=0 skipMslRange=0 skipName=0 skipNear=0 selectedId=4627 trackingId=4627 fireLockId=4627 mslMax=4000.0
[2026-04-25 16:50:30.765][CLIENT] bvr-filter id=89 reason=canRenderEntity_false dist=83.7 class=mcheli.tank.MCH_EntityTank
[2026-04-25 16:50:30.765][CLIENT] bvr-filter id=78 reason=canRenderEntity_false dist=8.8 class=net.minecraft.entity.player.EntityPlayerMP
[2026-04-25 16:50:30.765][CLIENT] bvr-filter id=79 reason=canRenderEntity_false dist=0.0 class=mcheli.plane.MCP_EntityPlane
[2026-04-25 16:50:30.766][CLIENT] bvr-scan acId=79 total=5 rendered=2 skipCan=3 skipJam=0 skipVisible=0 skipMslRange=0 skipName=0 skipNear=0 selectedId=4627 trackingId=4627 fireLockId=4627 mslMax=4000.0
[2026-04-25 16:50:30.774][CLIENT] bvr-filter id=89 reason=canRenderEntity_false dist=83.7 class=mcheli.tank.MCH_EntityTank
[2026-04-25 16:50:30.774][CLIENT] bvr-filter id=78 reason=canRenderEntity_false dist=8.8 class=net.minecraft.entity.player.EntityPlayerMP
[2026-04-25 16:50:30.774][CLIENT] bvr-filter id=79 reason=canRenderEntity_false dist=0.0 class=mcheli.plane.MCP_EntityPlane
[2026-04-25 16:50:30.774][CLIENT] bvr-scan acId=79 total=5 rendered=2 skipCan=3 skipJam=0 skipVisible=0 skipMslRange=0 skipName=0 skipNear=0 selectedId=4627 trackingId=4627 fireLockId=4627 mslMax=4000.0
[2026-04-25 16:50:30.780][CLIENT] bvr-filter id=89 reason=canRenderEntity_false dist=83.7 class=mcheli.tank.MCH_EntityTank
[2026-04-25 16:50:30.780][CLIENT] bvr-filter id=78 reason=canRenderEntity_false dist=8.8 class=net.minecraft.entity.player.EntityPlayerMP
[2026-04-25 16:50:30.780][CLIENT] bvr-filter id=79 reason=canRenderEntity_false dist=0.0 class=mcheli.plane.MCP_EntityPlane
[2026-04-25 16:50:30.780][CLIENT] bvr-scan acId=79 total=5 rendered=2 skipCan=3 skipJam=0 skipVisible=0 skipMslRange=0 skipName=0 skipNear=0 selectedId=4627 trackingId=4627 fireLockId=4627 mslMax=4000.0
[2026-04-25 16:50:30.790][CLIENT] bvr-filter id=89 reason=canRenderEntity_false dist=83.7 class=mcheli.tank.MCH_EntityTank
[2026-04-25 16:50:30.790][CLIENT] bvr-filter id=78 reason=canRenderEntity_false dist=8.8 class=net.minecraft.entity.player.EntityPlayerMP
[2026-04-25 16:50:30.790][CLIENT] bvr-filter id=79 reason=canRenderEntity_false dist=0.0 class=mcheli.plane.MCP_EntityPlane
[2026-04-25 16:50:30.790][CLIENT] bvr-scan acId=79 total=5 rendered=2 skipCan=3 skipJam=0 skipVisible=0 skipMslRange=0 skipName=0 skipNear=0 selectedId=4627 trackingId=4627 fireLockId=4627 mslMax=4000.0
[2026-04-25 16:50:30.797][CLIENT] bvr-filter id=89 reason=canRenderEntity_false dist=83.7 class=mcheli.tank.MCH_EntityTank
[2026-04-25 16:50:30.797][CLIENT] bvr-filter id=78 reason=canRenderEntity_false dist=8.8 class=net.minecraft.entity.player.EntityPlayerMP
[2026-04-25 16:50:30.797][CLIENT] bvr-filter id=79 reason=canRenderEntity_false dist=0.0 class=mcheli.plane.MCP_EntityPlane
[2026-04-25 16:50:30.797][CLIENT] bvr-scan acId=79 total=5 rendered=2 skipCan=3 skipJam=0 skipVisible=0 skipMslRange=0 skipName=0 skipNear=0 selectedId=4627 trackingId=4627 fireLockId=4627 mslMax=4000.0
[2026-04-25 16:50:31.254][CLIENT] bvr-filter id=89 reason=canRenderEntity_false dist=83.7 class=mcheli.tank.MCH_EntityTank
[2026-04-25 16:50:31.254][CLIENT] bvr-filter id=78 reason=canRenderEntity_false dist=8.8 class=net.minecraft.entity.player.EntityPlayerMP
[2026-04-25 16:50:31.254][CLIENT] bvr-filter id=79 reason=canRenderEntity_false dist=0.0 class=mcheli.plane.MCP_EntityPlane
[2026-04-25 16:50:31.254][CLIENT] bvr-scan acId=79 total=5 rendered=2 skipCan=3 skipJam=0 skipVisible=0 skipMslRange=0 skipName=0 skipNear=0 selectedId=4627 trackingId=4627 fireLockId=4627 mslMax=4000.0
[2026-04-25 16:50:31.261][CLIENT] bvr-filter id=89 reason=canRenderEntity_false dist=83.7 class=mcheli.tank.MCH_EntityTank
[2026-04-25 16:50:31.261][CLIENT] bvr-filter id=78 reason=canRenderEntity_false dist=8.8 class=net.minecraft.entity.player.EntityPlayerMP
[2026-04-25 16:50:31.261][CLIENT] bvr-filter id=79 reason=canRenderEntity_false dist=0.0 class=mcheli.plane.MCP_EntityPlane
[2026-04-25 16:50:31.261][CLIENT] bvr-scan acId=79 total=5 rendered=2 skipCan=3 skipJam=0 skipVisible=0 skipMslRange=0 skipName=0 skipNear=0 selectedId=4627 trackingId=4627 fireLockId=4627 mslMax=4000.0
[2026-04-25 16:50:31.268][CLIENT] bvr-filter id=89 reason=canRenderEntity_false dist=83.7 class=mcheli.tank.MCH_EntityTank
[2026-04-25 16:50:31.268][CLIENT] bvr-filter id=78 reason=canRenderEntity_false dist=8.8 class=net.minecraft.entity.player.EntityPlayerMP
[2026-04-25 16:50:31.268][CLIENT] bvr-filter id=79 reason=canRenderEntity_false dist=0.0 class=mcheli.plane.MCP_EntityPlane
[2026-04-25 16:50:31.268][CLIENT] bvr-scan acId=79 total=5 rendered=2 skipCan=3 skipJam=0 skipVisible=0 skipMslRange=0 skipName=0 skipNear=0 selectedId=4627 trackingId=4627 fireLockId=4627 mslMax=4000.0
[2026-04-25 16:50:31.276][CLIENT] bvr-filter id=89 reason=canRenderEntity_false dist=83.7 class=mcheli.tank.MCH_EntityTank
[2026-04-25 16:50:31.276][CLIENT] bvr-filter id=78 reason=canRenderEntity_false dist=8.8 class=net.minecraft.entity.player.EntityPlayerMP
[2026-04-25 16:50:31.276][CLIENT] bvr-filter id=79 reason=canRenderEntity_false dist=0.0 class=mcheli.plane.MCP_EntityPlane
[2026-04-25 16:50:31.276][CLIENT] bvr-scan acId=79 total=5 rendered=2 skipCan=3 skipJam=0 skipVisible=0 skipMslRange=0 skipName=0 skipNear=0 selectedId=4627 trackingId=4627 fireLockId=4627 mslMax=4000.0
[2026-04-25 16:50:31.282][CLIENT] bvr-filter id=89 reason=canRenderEntity_false dist=83.7 class=mcheli.tank.MCH_EntityTank
[2026-04-25 16:50:31.283][CLIENT] bvr-filter id=78 reason=canRenderEntity_false dist=8.8 class=net.minecraft.entity.player.EntityPlayerMP
[2026-04-25 16:50:31.283][CLIENT] bvr-filter id=79 reason=canRenderEntity_false dist=0.0 class=mcheli.plane.MCP_EntityPlane
[2026-04-25 16:50:31.283][CLIENT] bvr-scan acId=79 total=5 rendered=2 skipCan=3 skipJam=0 skipVisible=0 skipMslRange=0 skipName=0 skipNear=0 selectedId=4627 trackingId=4627 fireLockId=4627 mslMax=4000.0
[2026-04-25 16:50:31.289][CLIENT] bvr-filter id=89 reason=canRenderEntity_false dist=83.7 class=mcheli.tank.MCH_EntityTank
[2026-04-25 16:50:31.289][CLIENT] bvr-filter id=78 reason=canRenderEntity_false dist=8.8 class=net.minecraft.entity.player.EntityPlayerMP
[2026-04-25 16:50:31.289][CLIENT] bvr-filter id=79 reason=canRenderEntity_false dist=0.0 class=mcheli.plane.MCP_EntityPlane
[2026-04-25 16:50:31.289][CLIENT] bvr-scan acId=79 total=5 rendered=2 skipCan=3 skipJam=0 skipVisible=0 skipMslRange=0 skipName=0 skipNear=0 selectedId=4627 trackingId=4627 fireLockId=4627 mslMax=4000.0
[2026-04-25 16:50:31.295][CLIENT] bvr-filter id=89 reason=canRenderEntity_false dist=83.7 class=mcheli.tank.MCH_EntityTank
[2026-04-25 16:50:31.295][CLIENT] bvr-filter id=78 reason=canRenderEntity_false dist=8.8 class=net.minecraft.entity.player.EntityPlayerMP
[2026-04-25 16:50:31.295][CLIENT] bvr-filter id=79 reason=canRenderEntity_false dist=0.0 class=mcheli.plane.MCP_EntityPlane
[2026-04-25 16:50:31.295][CLIENT] bvr-scan acId=79 total=5 rendered=2 skipCan=3 skipJam=0 skipVisible=0 skipMslRange=0 skipName=0 skipNear=0 selectedId=4627 trackingId=4627 fireLockId=4627 mslMax=4000.0
[2026-04-25 16:50:31.752][CLIENT] bvr-filter id=89 reason=canRenderEntity_false dist=83.7 class=mcheli.tank.MCH_EntityTank
[2026-04-25 16:50:31.752][CLIENT] bvr-filter id=78 reason=canRenderEntity_false dist=8.8 class=net.minecraft.entity.player.EntityPlayerMP
[2026-04-25 16:50:31.752][CLIENT] bvr-filter id=79 reason=canRenderEntity_false dist=0.0 class=mcheli.plane.MCP_EntityPlane
[2026-04-25 16:50:31.752][CLIENT] bvr-scan acId=79 total=5 rendered=2 skipCan=3 skipJam=0 skipVisible=0 skipMslRange=0 skipName=0 skipNear=0 selectedId=4627 trackingId=4627 fireLockId=4627 mslMax=4000.0
[2026-04-25 16:50:31.761][CLIENT] bvr-filter id=89 reason=canRenderEntity_false dist=83.7 class=mcheli.tank.MCH_EntityTank
[2026-04-25 16:50:31.761][CLIENT] bvr-filter id=78 reason=canRenderEntity_false dist=8.8 class=net.minecraft.entity.player.EntityPlayerMP
[2026-04-25 16:50:31.761][CLIENT] bvr-filter id=79 reason=canRenderEntity_false dist=0.0 class=mcheli.plane.MCP_EntityPlane
[2026-04-25 16:50:31.761][CLIENT] bvr-scan acId=79 total=5 rendered=2 skipCan=3 skipJam=0 skipVisible=0 skipMslRange=0 skipName=0 skipNear=0 selectedId=4627 trackingId=4627 fireLockId=4627 mslMax=4000.0
[2026-04-25 16:50:31.767][CLIENT] bvr-filter id=89 reason=canRenderEntity_false dist=83.7 class=mcheli.tank.MCH_EntityTank
[2026-04-25 16:50:31.767][CLIENT] bvr-filter id=78 reason=canRenderEntity_false dist=8.8 class=net.minecraft.entity.player.EntityPlayerMP
[2026-04-25 16:50:31.767][CLIENT] bvr-filter id=79 reason=canRenderEntity_false dist=0.0 class=mcheli.plane.MCP_EntityPlane
[2026-04-25 16:50:31.767][CLIENT] bvr-scan acId=79 total=5 rendered=2 skipCan=3 skipJam=0 skipVisible=0 skipMslRange=0 skipName=0 skipNear=0 selectedId=4627 trackingId=4627 fireLockId=4627 mslMax=4000.0
[2026-04-25 16:50:31.773][CLIENT] bvr-filter id=89 reason=canRenderEntity_false dist=83.7 class=mcheli.tank.MCH_EntityTank
[2026-04-25 16:50:31.774][CLIENT] bvr-filter id=78 reason=canRenderEntity_false dist=8.8 class=net.minecraft.entity.player.EntityPlayerMP
[2026-04-25 16:50:31.774][CLIENT] bvr-filter id=79 reason=canRenderEntity_false dist=0.0 class=mcheli.plane.MCP_EntityPlane
[2026-04-25 16:50:31.774][CLIENT] bvr-scan acId=79 total=5 rendered=2 skipCan=3 skipJam=0 skipVisible=0 skipMslRange=0 skipName=0 skipNear=0 selectedId=4627 trackingId=4627 fireLockId=4627 mslMax=4000.0
[2026-04-25 16:50:31.780][CLIENT] bvr-filter id=89 reason=canRenderEntity_false dist=83.7 class=mcheli.tank.MCH_EntityTank
[2026-04-25 16:50:31.780][CLIENT] bvr-filter id=78 reason=canRenderEntity_false dist=8.8 class=net.minecraft.entity.player.EntityPlayerMP
[2026-04-25 16:50:31.780][CLIENT] bvr-filter id=79 reason=canRenderEntity_false dist=0.0 class=mcheli.plane.MCP_EntityPlane
[2026-04-25 16:50:31.780][CLIENT] bvr-scan acId=79 total=5 rendered=2 skipCan=3 skipJam=0 skipVisible=0 skipMslRange=0 skipName=0 skipNear=0 selectedId=4627 trackingId=4627 fireLockId=4627 mslMax=4000.0
[2026-04-25 16:50:31.786][CLIENT] bvr-filter id=89 reason=canRenderEntity_false dist=83.7 class=mcheli.tank.MCH_EntityTank
[2026-04-25 16:50:31.786][CLIENT] bvr-filter id=78 reason=canRenderEntity_false dist=8.8 class=net.minecraft.entity.player.EntityPlayerMP
[2026-04-25 16:50:31.786][CLIENT] bvr-filter id=79 reason=canRenderEntity_false dist=0.0 class=mcheli.plane.MCP_EntityPlane
[2026-04-25 16:50:31.786][CLIENT] bvr-scan acId=79 total=5 rendered=2 skipCan=3 skipJam=0 skipVisible=0 skipMslRange=0 skipName=0 skipNear=0 selectedId=4627 trackingId=4627 fireLockId=4627 mslMax=4000.0
[2026-04-25 16:50:31.793][CLIENT] bvr-filter id=89 reason=canRenderEntity_false dist=83.7 class=mcheli.tank.MCH_EntityTank
[2026-04-25 16:50:31.793][CLIENT] bvr-filter id=78 reason=canRenderEntity_false dist=8.8 class=net.minecraft.entity.player.EntityPlayerMP
[2026-04-25 16:50:31.793][CLIENT] bvr-filter id=79 reason=canRenderEntity_false dist=0.0 class=mcheli.plane.MCP_EntityPlane
[2026-04-25 16:50:31.793][CLIENT] bvr-scan acId=79 total=5 rendered=2 skipCan=3 skipJam=0 skipVisible=0 skipMslRange=0 skipName=0 skipNear=0 selectedId=4627 trackingId=4627 fireLockId=4627 mslMax=4000.0
[2026-04-25 16:50:32.256][CLIENT] bvr-filter id=89 reason=canRenderEntity_false dist=83.7 class=mcheli.tank.MCH_EntityTank
[2026-04-25 16:50:32.256][CLIENT] bvr-filter id=78 reason=canRenderEntity_false dist=8.8 class=net.minecraft.entity.player.EntityPlayerMP
[2026-04-25 16:50:32.257][CLIENT] bvr-filter id=79 reason=canRenderEntity_false dist=0.0 class=mcheli.plane.MCP_EntityPlane
[2026-04-25 16:50:32.257][CLIENT] bvr-scan acId=79 total=5 rendered=2 skipCan=3 skipJam=0 skipVisible=0 skipMslRange=0 skipName=0 skipNear=0 selectedId=4627 trackingId=4627 fireLockId=4627 mslMax=4000.0
[2026-04-25 16:50:32.271][CLIENT] bvr-filter id=89 reason=canRenderEntity_false dist=83.7 class=mcheli.tank.MCH_EntityTank
[2026-04-25 16:50:32.271][CLIENT] bvr-filter id=78 reason=canRenderEntity_false dist=8.8 class=net.minecraft.entity.player.EntityPlayerMP
[2026-04-25 16:50:32.271][CLIENT] bvr-filter id=79 reason=canRenderEntity_false dist=0.0 class=mcheli.plane.MCP_EntityPlane
[2026-04-25 16:50:32.271][CLIENT] bvr-scan acId=79 total=5 rendered=2 skipCan=3 skipJam=0 skipVisible=0 skipMslRange=0 skipName=0 skipNear=0 selectedId=4627 trackingId=4627 fireLockId=4627 mslMax=4000.0
[2026-04-25 16:50:32.277][CLIENT] bvr-filter id=89 reason=canRenderEntity_false dist=83.7 class=mcheli.tank.MCH_EntityTank
[2026-04-25 16:50:32.277][CLIENT] bvr-filter id=78 reason=canRenderEntity_false dist=8.8 class=net.minecraft.entity.player.EntityPlayerMP
[2026-04-25 16:50:32.277][CLIENT] bvr-filter id=79 reason=canRenderEntity_false dist=0.0 class=mcheli.plane.MCP_EntityPlane
[2026-04-25 16:50:32.277][CLIENT] bvr-scan acId=79 total=5 rendered=2 skipCan=3 skipJam=0 skipVisible=0 skipMslRange=0 skipName=0 skipNear=0 selectedId=4627 trackingId=4627 fireLockId=4627 mslMax=4000.0
[2026-04-25 16:50:32.284][CLIENT] bvr-filter id=89 reason=canRenderEntity_false dist=83.7 class=mcheli.tank.MCH_EntityTank
[2026-04-25 16:50:32.284][CLIENT] bvr-filter id=78 reason=canRenderEntity_false dist=8.8 class=net.minecraft.entity.player.EntityPlayerMP
[2026-04-25 16:50:32.284][CLIENT] bvr-filter id=79 reason=canRenderEntity_false dist=0.0 class=mcheli.plane.MCP_EntityPlane
[2026-04-25 16:50:32.284][CLIENT] bvr-scan acId=79 total=5 rendered=2 skipCan=3 skipJam=0 skipVisible=0 skipMslRange=0 skipName=0 skipNear=0 selectedId=4627 trackingId=4627 fireLockId=4627 mslMax=4000.0
[2026-04-25 16:50:32.291][CLIENT] bvr-filter id=89 reason=canRenderEntity_false dist=83.7 class=mcheli.tank.MCH_EntityTank
[2026-04-25 16:50:32.291][CLIENT] bvr-filter id=78 reason=canRenderEntity_false dist=8.8 class=net.minecraft.entity.player.EntityPlayerMP
[2026-04-25 16:50:32.291][CLIENT] bvr-filter id=79 reason=canRenderEntity_false dist=0.0 class=mcheli.plane.MCP_EntityPlane
[2026-04-25 16:50:32.291][CLIENT] bvr-scan acId=79 total=5 rendered=2 skipCan=3 skipJam=0 skipVisible=0 skipMslRange=0 skipName=0 skipNear=0 selectedId=4627 trackingId=4627 fireLockId=4627 mslMax=4000.0
[2026-04-25 16:50:32.297][CLIENT] bvr-filter id=89 reason=canRenderEntity_false dist=83.7 class=mcheli.tank.MCH_EntityTank
[2026-04-25 16:50:32.298][CLIENT] bvr-filter id=78 reason=canRenderEntity_false dist=8.8 class=net.minecraft.entity.player.EntityPlayerMP
[2026-04-25 16:50:32.298][CLIENT] bvr-filter id=79 reason=canRenderEntity_false dist=0.0 class=mcheli.plane.MCP_EntityPlane
[2026-04-25 16:50:32.298][CLIENT] bvr-scan acId=79 total=5 rendered=2 skipCan=3 skipJam=0 skipVisible=0 skipMslRange=0 skipName=0 skipNear=0 selectedId=4627 trackingId=4627 fireLockId=4627 mslMax=4000.0
[2026-04-25 16:50:32.757][CLIENT] bvr-filter id=89 reason=canRenderEntity_false dist=83.7 class=mcheli.tank.MCH_EntityTank
[2026-04-25 16:50:32.757][CLIENT] bvr-filter id=78 reason=canRenderEntity_false dist=8.8 class=net.minecraft.entity.player.EntityPlayerMP
[2026-04-25 16:50:32.757][CLIENT] bvr-filter id=79 reason=canRenderEntity_false dist=0.0 class=mcheli.plane.MCP_EntityPlane
[2026-04-25 16:50:32.757][CLIENT] bvr-scan acId=79 total=5 rendered=2 skipCan=3 skipJam=0 skipVisible=0 skipMslRange=0 skipName=0 skipNear=0 selectedId=4627 trackingId=4627 fireLockId=4627 mslMax=4000.0
[2026-04-25 16:50:32.764][CLIENT] bvr-filter id=89 reason=canRenderEntity_false dist=83.7 class=mcheli.tank.MCH_EntityTank
[2026-04-25 16:50:32.764][CLIENT] bvr-filter id=78 reason=canRenderEntity_false dist=8.8 class=net.minecraft.entity.player.EntityPlayerMP
[2026-04-25 16:50:32.764][CLIENT] bvr-filter id=79 reason=canRenderEntity_false dist=0.0 class=mcheli.plane.MCP_EntityPlane
[2026-04-25 16:50:32.764][CLIENT] bvr-scan acId=79 total=5 rendered=2 skipCan=3 skipJam=0 skipVisible=0 skipMslRange=0 skipName=0 skipNear=0 selectedId=4627 trackingId=4627 fireLockId=4627 mslMax=4000.0
[2026-04-25 16:50:32.770][CLIENT] bvr-filter id=89 reason=canRenderEntity_false dist=83.7 class=mcheli.tank.MCH_EntityTank
[2026-04-25 16:50:32.770][CLIENT] bvr-filter id=78 reason=canRenderEntity_false dist=8.8 class=net.minecraft.entity.player.EntityPlayerMP
[2026-04-25 16:50:32.770][CLIENT] bvr-filter id=79 reason=canRenderEntity_false dist=0.0 class=mcheli.plane.MCP_EntityPlane
[2026-04-25 16:50:32.770][CLIENT] bvr-scan acId=79 total=5 rendered=2 skipCan=3 skipJam=0 skipVisible=0 skipMslRange=0 skipName=0 skipNear=0 selectedId=4627 trackingId=4627 fireLockId=4627 mslMax=4000.0
[2026-04-25 16:50:32.777][CLIENT] bvr-filter id=89 reason=canRenderEntity_false dist=83.7 class=mcheli.tank.MCH_EntityTank
[2026-04-25 16:50:32.777][CLIENT] bvr-filter id=78 reason=canRenderEntity_false dist=8.8 class=net.minecraft.entity.player.EntityPlayerMP
[2026-04-25 16:50:32.777][CLIENT] bvr-filter id=79 reason=canRenderEntity_false dist=0.0 class=mcheli.plane.MCP_EntityPlane
[2026-04-25 16:50:32.777][CLIENT] bvr-scan acId=79 total=5 rendered=2 skipCan=3 skipJam=0 skipVisible=0 skipMslRange=0 skipName=0 skipNear=0 selectedId=4627 trackingId=4627 fireLockId=4627 mslMax=4000.0
[2026-04-25 16:50:32.784][CLIENT] bvr-filter id=89 reason=canRenderEntity_false dist=83.7 class=mcheli.tank.MCH_EntityTank
[2026-04-25 16:50:32.784][CLIENT] bvr-filter id=78 reason=canRenderEntity_false dist=8.8 class=net.minecraft.entity.player.EntityPlayerMP
[2026-04-25 16:50:32.784][CLIENT] bvr-filter id=79 reason=canRenderEntity_false dist=0.0 class=mcheli.plane.MCP_EntityPlane
[2026-04-25 16:50:32.784][CLIENT] bvr-scan acId=79 total=5 rendered=2 skipCan=3 skipJam=0 skipVisible=0 skipMslRange=0 skipName=0 skipNear=0 selectedId=4627 trackingId=4627 fireLockId=4627 mslMax=4000.0
[2026-04-25 16:50:32.792][CLIENT] bvr-filter id=89 reason=canRenderEntity_false dist=83.7 class=mcheli.tank.MCH_EntityTank
[2026-04-25 16:50:32.792][CLIENT] bvr-filter id=78 reason=canRenderEntity_false dist=8.8 class=net.minecraft.entity.player.EntityPlayerMP
[2026-04-25 16:50:32.792][CLIENT] bvr-filter id=79 reason=canRenderEntity_false dist=0.0 class=mcheli.plane.MCP_EntityPlane
[2026-04-25 16:50:32.792][CLIENT] bvr-scan acId=79 total=5 rendered=2 skipCan=3 skipJam=0 skipVisible=0 skipMslRange=0 skipName=0 skipNear=0 selectedId=4627 trackingId=4627 fireLockId=4627 mslMax=4000.0
[2026-04-25 16:50:33.250][CLIENT] bvr-filter id=89 reason=canRenderEntity_false dist=83.7 class=mcheli.tank.MCH_EntityTank
[2026-04-25 16:50:33.250][CLIENT] bvr-filter id=78 reason=canRenderEntity_false dist=8.8 class=net.minecraft.entity.player.EntityPlayerMP
[2026-04-25 16:50:33.250][CLIENT] bvr-filter id=79 reason=canRenderEntity_false dist=0.0 class=mcheli.plane.MCP_EntityPlane
[2026-04-25 16:50:33.250][CLIENT] bvr-scan acId=79 total=5 rendered=2 skipCan=3 skipJam=0 skipVisible=0 skipMslRange=0 skipName=0 skipNear=0 selectedId=4627 trackingId=4627 fireLockId=4627 mslMax=4000.0
[2026-04-25 16:50:33.257][CLIENT] bvr-filter id=89 reason=canRenderEntity_false dist=83.7 class=mcheli.tank.MCH_EntityTank
[2026-04-25 16:50:33.257][CLIENT] bvr-filter id=78 reason=canRenderEntity_false dist=8.8 class=net.minecraft.entity.player.EntityPlayerMP
[2026-04-25 16:50:33.257][CLIENT] bvr-filter id=79 reason=canRenderEntity_false dist=0.0 class=mcheli.plane.MCP_EntityPlane
[2026-04-25 16:50:33.257][CLIENT] bvr-scan acId=79 total=5 rendered=2 skipCan=3 skipJam=0 skipVisible=0 skipMslRange=0 skipName=0 skipNear=0 selectedId=4627 trackingId=4627 fireLockId=4627 mslMax=4000.0
[2026-04-25 16:50:33.263][CLIENT] bvr-filter id=89 reason=canRenderEntity_false dist=83.7 class=mcheli.tank.MCH_EntityTank
[2026-04-25 16:50:33.264][CLIENT] bvr-filter id=78 reason=canRenderEntity_false dist=8.8 class=net.minecraft.entity.player.EntityPlayerMP
[2026-04-25 16:50:33.264][CLIENT] bvr-filter id=79 reason=canRenderEntity_false dist=0.0 class=mcheli.plane.MCP_EntityPlane
[2026-04-25 16:50:33.264][CLIENT] bvr-scan acId=79 total=5 rendered=2 skipCan=3 skipJam=0 skipVisible=0 skipMslRange=0 skipName=0 skipNear=0 selectedId=4627 trackingId=4627 fireLockId=4627 mslMax=4000.0
[2026-04-25 16:50:33.271][CLIENT] bvr-filter id=89 reason=canRenderEntity_false dist=83.7 class=mcheli.tank.MCH_EntityTank
[2026-04-25 16:50:33.271][CLIENT] bvr-filter id=78 reason=canRenderEntity_false dist=8.8 class=net.minecraft.entity.player.EntityPlayerMP
[2026-04-25 16:50:33.271][CLIENT] bvr-filter id=79 reason=canRenderEntity_false dist=0.0 class=mcheli.plane.MCP_EntityPlane
[2026-04-25 16:50:33.271][CLIENT] bvr-scan acId=79 total=5 rendered=2 skipCan=3 skipJam=0 skipVisible=0 skipMslRange=0 skipName=0 skipNear=0 selectedId=4627 trackingId=4627 fireLockId=4627 mslMax=4000.0
[2026-04-25 16:50:33.277][CLIENT] bvr-filter id=89 reason=canRenderEntity_false dist=83.7 class=mcheli.tank.MCH_EntityTank
[2026-04-25 16:50:33.277][CLIENT] bvr-filter id=78 reason=canRenderEntity_false dist=8.8 class=net.minecraft.entity.player.EntityPlayerMP
[2026-04-25 16:50:33.277][CLIENT] bvr-filter id=79 reason=canRenderEntity_false dist=0.0 class=mcheli.plane.MCP_EntityPlane
[2026-04-25 16:50:33.277][CLIENT] bvr-scan acId=79 total=5 rendered=2 skipCan=3 skipJam=0 skipVisible=0 skipMslRange=0 skipName=0 skipNear=0 selectedId=4627 trackingId=4627 fireLockId=4627 mslMax=4000.0
[2026-04-25 16:50:33.283][CLIENT] bvr-filter id=89 reason=canRenderEntity_false dist=83.7 class=mcheli.tank.MCH_EntityTank
[2026-04-25 16:50:33.283][CLIENT] bvr-filter id=78 reason=canRenderEntity_false dist=8.8 class=net.minecraft.entity.player.EntityPlayerMP
[2026-04-25 16:50:33.283][CLIENT] bvr-filter id=79 reason=canRenderEntity_false dist=0.0 class=mcheli.plane.MCP_EntityPlane
[2026-04-25 16:50:33.283][CLIENT] bvr-scan acId=79 total=5 rendered=2 skipCan=3 skipJam=0 skipVisible=0 skipMslRange=0 skipName=0 skipNear=0 selectedId=4627 trackingId=4627 fireLockId=4627 mslMax=4000.0
[2026-04-25 16:50:33.291][CLIENT] bvr-filter id=89 reason=canRenderEntity_false dist=83.7 class=mcheli.tank.MCH_EntityTank
[2026-04-25 16:50:33.291][CLIENT] bvr-filter id=78 reason=canRenderEntity_false dist=8.8 class=net.minecraft.entity.player.EntityPlayerMP
[2026-04-25 16:50:33.291][CLIENT] bvr-filter id=79 reason=canRenderEntity_false dist=0.0 class=mcheli.plane.MCP_EntityPlane
[2026-04-25 16:50:33.291][CLIENT] bvr-scan acId=79 total=5 rendered=2 skipCan=3 skipJam=0 skipVisible=0 skipMslRange=0 skipName=0 skipNear=0 selectedId=4627 trackingId=4627 fireLockId=4627 mslMax=4000.0
[2026-04-25 16:50:33.297][CLIENT] bvr-filter id=89 reason=canRenderEntity_false dist=83.7 class=mcheli.tank.MCH_EntityTank
[2026-04-25 16:50:33.297][CLIENT] bvr-filter id=78 reason=canRenderEntity_false dist=8.8 class=net.minecraft.entity.player.EntityPlayerMP
[2026-04-25 16:50:33.297][CLIENT] bvr-filter id=79 reason=canRenderEntity_false dist=0.0 class=mcheli.plane.MCP_EntityPlane
[2026-04-25 16:50:33.297][CLIENT] bvr-scan acId=79 total=5 rendered=2 skipCan=3 skipJam=0 skipVisible=0 skipMslRange=0 skipName=0 skipNear=0 selectedId=4627 trackingId=4627 fireLockId=4627 mslMax=4000.0
[2026-04-25 16:50:33.756][CLIENT] bvr-filter id=89 reason=canRenderEntity_false dist=83.7 class=mcheli.tank.MCH_EntityTank
[2026-04-25 16:50:33.756][CLIENT] bvr-filter id=78 reason=canRenderEntity_false dist=8.8 class=net.minecraft.entity.player.EntityPlayerMP
[2026-04-25 16:50:33.756][CLIENT] bvr-filter id=79 reason=canRenderEntity_false dist=0.0 class=mcheli.plane.MCP_EntityPlane
[2026-04-25 16:50:33.756][CLIENT] bvr-scan acId=79 total=5 rendered=2 skipCan=3 skipJam=0 skipVisible=0 skipMslRange=0 skipName=0 skipNear=0 selectedId=4627 trackingId=4627 fireLockId=4627 mslMax=4000.0
[2026-04-25 16:50:33.763][CLIENT] bvr-filter id=89 reason=canRenderEntity_false dist=83.7 class=mcheli.tank.MCH_EntityTank
[2026-04-25 16:50:33.763][CLIENT] bvr-filter id=78 reason=canRenderEntity_false dist=8.8 class=net.minecraft.entity.player.EntityPlayerMP
[2026-04-25 16:50:33.763][CLIENT] bvr-filter id=79 reason=canRenderEntity_false dist=0.0 class=mcheli.plane.MCP_EntityPlane
[2026-04-25 16:50:33.763][CLIENT] bvr-scan acId=79 total=5 rendered=2 skipCan=3 skipJam=0 skipVisible=0 skipMslRange=0 skipName=0 skipNear=0 selectedId=4627 trackingId=4627 fireLockId=4627 mslMax=4000.0
[2026-04-25 16:50:33.770][CLIENT] bvr-filter id=89 reason=canRenderEntity_false dist=83.7 class=mcheli.tank.MCH_EntityTank
[2026-04-25 16:50:33.770][CLIENT] bvr-filter id=78 reason=canRenderEntity_false dist=8.8 class=net.minecraft.entity.player.EntityPlayerMP
[2026-04-25 16:50:33.770][CLIENT] bvr-filter id=79 reason=canRenderEntity_false dist=0.0 class=mcheli.plane.MCP_EntityPlane
[2026-04-25 16:50:33.770][CLIENT] bvr-scan acId=79 total=5 rendered=2 skipCan=3 skipJam=0 skipVisible=0 skipMslRange=0 skipName=0 skipNear=0 selectedId=4627 trackingId=4627 fireLockId=4627 mslMax=4000.0
[2026-04-25 16:50:33.777][CLIENT] bvr-filter id=89 reason=canRenderEntity_false dist=83.7 class=mcheli.tank.MCH_EntityTank
[2026-04-25 16:50:33.777][CLIENT] bvr-filter id=78 reason=canRenderEntity_false dist=8.8 class=net.minecraft.entity.player.EntityPlayerMP
[2026-04-25 16:50:33.777][CLIENT] bvr-filter id=79 reason=canRenderEntity_false dist=0.0 class=mcheli.plane.MCP_EntityPlane
[2026-04-25 16:50:33.777][CLIENT] bvr-scan acId=79 total=5 rendered=2 skipCan=3 skipJam=0 skipVisible=0 skipMslRange=0 skipName=0 skipNear=0 selectedId=4627 trackingId=4627 fireLockId=4627 mslMax=4000.0
[2026-04-25 16:50:33.787][CLIENT] bvr-filter id=89 reason=canRenderEntity_false dist=83.7 class=mcheli.tank.MCH_EntityTank
[2026-04-25 16:50:33.787][CLIENT] bvr-filter id=78 reason=canRenderEntity_false dist=8.8 class=net.minecraft.entity.player.EntityPlayerMP
[2026-04-25 16:50:33.787][CLIENT] bvr-filter id=79 reason=canRenderEntity_false dist=0.0 class=mcheli.plane.MCP_EntityPlane
[2026-04-25 16:50:33.787][CLIENT] bvr-scan acId=79 total=5 rendered=2 skipCan=3 skipJam=0 skipVisible=0 skipMslRange=0 skipName=0 skipNear=0 selectedId=4627 trackingId=4627 fireLockId=4627 mslMax=4000.0
[2026-04-25 16:50:33.793][CLIENT] bvr-filter id=89 reason=canRenderEntity_false dist=83.7 class=mcheli.tank.MCH_EntityTank
[2026-04-25 16:50:33.793][CLIENT] bvr-filter id=78 reason=canRenderEntity_false dist=8.8 class=net.minecraft.entity.player.EntityPlayerMP
[2026-04-25 16:50:33.793][CLIENT] bvr-filter id=79 reason=canRenderEntity_false dist=0.0 class=mcheli.plane.MCP_EntityPlane
[2026-04-25 16:50:33.793][CLIENT] bvr-scan acId=79 total=5 rendered=2 skipCan=3 skipJam=0 skipVisible=0 skipMslRange=0 skipName=0 skipNear=0 selectedId=4627 trackingId=4627 fireLockId=4627 mslMax=4000.0
[2026-04-25 16:50:34.252][CLIENT] bvr-filter id=89 reason=canRenderEntity_false dist=83.7 class=mcheli.tank.MCH_EntityTank
[2026-04-25 16:50:34.252][CLIENT] bvr-filter id=78 reason=canRenderEntity_false dist=8.8 class=net.minecraft.entity.player.EntityPlayerMP
[2026-04-25 16:50:34.252][CLIENT] bvr-filter id=79 reason=canRenderEntity_false dist=0.0 class=mcheli.plane.MCP_EntityPlane
[2026-04-25 16:50:34.252][CLIENT] bvr-scan acId=79 total=5 rendered=2 skipCan=3 skipJam=0 skipVisible=0 skipMslRange=0 skipName=0 skipNear=0 selectedId=4627 trackingId=4627 fireLockId=4627 mslMax=4000.0
[2026-04-25 16:50:34.259][CLIENT] bvr-filter id=89 reason=canRenderEntity_false dist=83.7 class=mcheli.tank.MCH_EntityTank
[2026-04-25 16:50:34.259][CLIENT] bvr-filter id=78 reason=canRenderEntity_false dist=8.8 class=net.minecraft.entity.player.EntityPlayerMP
[2026-04-25 16:50:34.259][CLIENT] bvr-filter id=79 reason=canRenderEntity_false dist=0.0 class=mcheli.plane.MCP_EntityPlane
[2026-04-25 16:50:34.259][CLIENT] bvr-scan acId=79 total=5 rendered=2 skipCan=3 skipJam=0 skipVisible=0 skipMslRange=0 skipName=0 skipNear=0 selectedId=4627 trackingId=4627 fireLockId=4627 mslMax=4000.0
[2026-04-25 16:50:34.265][CLIENT] bvr-filter id=89 reason=canRenderEntity_false dist=83.7 class=mcheli.tank.MCH_EntityTank
[2026-04-25 16:50:34.265][CLIENT] bvr-filter id=78 reason=canRenderEntity_false dist=8.8 class=net.minecraft.entity.player.EntityPlayerMP
[2026-04-25 16:50:34.265][CLIENT] bvr-filter id=79 reason=canRenderEntity_false dist=0.0 class=mcheli.plane.MCP_EntityPlane
[2026-04-25 16:50:34.265][CLIENT] bvr-scan acId=79 total=5 rendered=2 skipCan=3 skipJam=0 skipVisible=0 skipMslRange=0 skipName=0 skipNear=0 selectedId=4627 trackingId=4627 fireLockId=4627 mslMax=4000.0
[2026-04-25 16:50:34.271][CLIENT] bvr-filter id=89 reason=canRenderEntity_false dist=83.7 class=mcheli.tank.MCH_EntityTank
[2026-04-25 16:50:34.271][CLIENT] bvr-filter id=78 reason=canRenderEntity_false dist=8.8 class=net.minecraft.entity.player.EntityPlayerMP
[2026-04-25 16:50:34.271][CLIENT] bvr-filter id=79 reason=canRenderEntity_false dist=0.0 class=mcheli.plane.MCP_EntityPlane
[2026-04-25 16:50:34.271][CLIENT] bvr-scan acId=79 total=5 rendered=2 skipCan=3 skipJam=0 skipVisible=0 skipMslRange=0 skipName=0 skipNear=0 selectedId=4627 trackingId=4627 fireLockId=4627 mslMax=4000.0
[2026-04-25 16:50:34.277][CLIENT] bvr-filter id=89 reason=canRenderEntity_false dist=83.7 class=mcheli.tank.MCH_EntityTank
[2026-04-25 16:50:34.277][CLIENT] bvr-filter id=78 reason=canRenderEntity_false dist=8.8 class=net.minecraft.entity.player.EntityPlayerMP
[2026-04-25 16:50:34.277][CLIENT] bvr-filter id=79 reason=canRenderEntity_false dist=0.0 class=mcheli.plane.MCP_EntityPlane
[2026-04-25 16:50:34.277][CLIENT] bvr-scan acId=79 total=5 rendered=2 skipCan=3 skipJam=0 skipVisible=0 skipMslRange=0 skipName=0 skipNear=0 selectedId=4627 trackingId=4627 fireLockId=4627 mslMax=4000.0
[2026-04-25 16:50:34.284][CLIENT] bvr-filter id=89 reason=canRenderEntity_false dist=83.7 class=mcheli.tank.MCH_EntityTank
[2026-04-25 16:50:34.284][CLIENT] bvr-filter id=78 reason=canRenderEntity_false dist=8.8 class=net.minecraft.entity.player.EntityPlayerMP
[2026-04-25 16:50:34.284][CLIENT] bvr-filter id=79 reason=canRenderEntity_false dist=0.0 class=mcheli.plane.MCP_EntityPlane
[2026-04-25 16:50:34.284][CLIENT] bvr-scan acId=79 total=5 rendered=2 skipCan=3 skipJam=0 skipVisible=0 skipMslRange=0 skipName=0 skipNear=0 selectedId=4627 trackingId=4627 fireLockId=4627 mslMax=4000.0
[2026-04-25 16:50:34.290][CLIENT] bvr-filter id=89 reason=canRenderEntity_false dist=83.7 class=mcheli.tank.MCH_EntityTank
[2026-04-25 16:50:34.290][CLIENT] bvr-filter id=78 reason=canRenderEntity_false dist=8.8 class=net.minecraft.entity.player.EntityPlayerMP
[2026-04-25 16:50:34.290][CLIENT] bvr-filter id=79 reason=canRenderEntity_false dist=0.0 class=mcheli.plane.MCP_EntityPlane
[2026-04-25 16:50:34.290][CLIENT] bvr-scan acId=79 total=5 rendered=2 skipCan=3 skipJam=0 skipVisible=0 skipMslRange=0 skipName=0 skipNear=0 selectedId=4627 trackingId=4627 fireLockId=4627 mslMax=4000.0
[2026-04-25 16:50:34.297][CLIENT] bvr-filter id=89 reason=canRenderEntity_false dist=83.7 class=mcheli.tank.MCH_EntityTank
[2026-04-25 16:50:34.297][CLIENT] bvr-filter id=78 reason=canRenderEntity_false dist=8.8 class=net.minecraft.entity.player.EntityPlayerMP
[2026-04-25 16:50:34.297][CLIENT] bvr-filter id=79 reason=canRenderEntity_false dist=0.0 class=mcheli.plane.MCP_EntityPlane
[2026-04-25 16:50:34.297][CLIENT] bvr-scan acId=79 total=5 rendered=2 skipCan=3 skipJam=0 skipVisible=0 skipMslRange=0 skipName=0 skipNear=0 selectedId=4627 trackingId=4627 fireLockId=4627 mslMax=4000.0
[2026-04-25 16:50:34.752][CLIENT] bvr-filter id=89 reason=canRenderEntity_false dist=83.7 class=mcheli.tank.MCH_EntityTank
[2026-04-25 16:50:34.752][CLIENT] bvr-filter id=78 reason=canRenderEntity_false dist=8.8 class=net.minecraft.entity.player.EntityPlayerMP
[2026-04-25 16:50:34.752][CLIENT] bvr-filter id=79 reason=canRenderEntity_false dist=0.0 class=mcheli.plane.MCP_EntityPlane
[2026-04-25 16:50:34.752][CLIENT] bvr-scan acId=79 total=5 rendered=2 skipCan=3 skipJam=0 skipVisible=0 skipMslRange=0 skipName=0 skipNear=0 selectedId=4627 trackingId=4627 fireLockId=4627 mslMax=4000.0
[2026-04-25 16:50:34.759][CLIENT] bvr-filter id=89 reason=canRenderEntity_false dist=83.7 class=mcheli.tank.MCH_EntityTank
[2026-04-25 16:50:34.759][CLIENT] bvr-filter id=78 reason=canRenderEntity_false dist=8.8 class=net.minecraft.entity.player.EntityPlayerMP
[2026-04-25 16:50:34.759][CLIENT] bvr-filter id=79 reason=canRenderEntity_false dist=0.0 class=mcheli.plane.MCP_EntityPlane
[2026-04-25 16:50:34.759][CLIENT] bvr-scan acId=79 total=5 rendered=2 skipCan=3 skipJam=0 skipVisible=0 skipMslRange=0 skipName=0 skipNear=0 selectedId=4627 trackingId=4627 fireLockId=4627 mslMax=4000.0
[2026-04-25 16:50:34.766][CLIENT] bvr-filter id=89 reason=canRenderEntity_false dist=83.7 class=mcheli.tank.MCH_EntityTank
[2026-04-25 16:50:34.766][CLIENT] bvr-filter id=78 reason=canRenderEntity_false dist=8.8 class=net.minecraft.entity.player.EntityPlayerMP
[2026-04-25 16:50:34.766][CLIENT] bvr-filter id=79 reason=canRenderEntity_false dist=0.0 class=mcheli.plane.MCP_EntityPlane
[2026-04-25 16:50:34.766][CLIENT] bvr-scan acId=79 total=5 rendered=2 skipCan=3 skipJam=0 skipVisible=0 skipMslRange=0 skipName=0 skipNear=0 selectedId=4627 trackingId=4627 fireLockId=4627 mslMax=4000.0
[2026-04-25 16:50:34.771][CLIENT] bvr-filter id=89 reason=canRenderEntity_false dist=83.7 class=mcheli.tank.MCH_EntityTank
[2026-04-25 16:50:34.771][CLIENT] bvr-filter id=78 reason=canRenderEntity_false dist=8.8 class=net.minecraft.entity.player.EntityPlayerMP
[2026-04-25 16:50:34.771][CLIENT] bvr-filter id=79 reason=canRenderEntity_false dist=0.0 class=mcheli.plane.MCP_EntityPlane
[2026-04-25 16:50:34.771][CLIENT] bvr-scan acId=79 total=5 rendered=2 skipCan=3 skipJam=0 skipVisible=0 skipMslRange=0 skipName=0 skipNear=0 selectedId=4627 trackingId=4627 fireLockId=4627 mslMax=4000.0
[2026-04-25 16:50:34.778][CLIENT] bvr-filter id=89 reason=canRenderEntity_false dist=83.7 class=mcheli.tank.MCH_EntityTank
[2026-04-25 16:50:34.778][CLIENT] bvr-filter id=78 reason=canRenderEntity_false dist=8.8 class=net.minecraft.entity.player.EntityPlayerMP
[2026-04-25 16:50:34.778][CLIENT] bvr-filter id=79 reason=canRenderEntity_false dist=0.0 class=mcheli.plane.MCP_EntityPlane
[2026-04-25 16:50:34.778][CLIENT] bvr-scan acId=79 total=5 rendered=2 skipCan=3 skipJam=0 skipVisible=0 skipMslRange=0 skipName=0 skipNear=0 selectedId=4627 trackingId=4627 fireLockId=4627 mslMax=4000.0
[2026-04-25 16:50:34.784][CLIENT] bvr-filter id=89 reason=canRenderEntity_false dist=83.7 class=mcheli.tank.MCH_EntityTank
[2026-04-25 16:50:34.784][CLIENT] bvr-filter id=78 reason=canRenderEntity_false dist=8.8 class=net.minecraft.entity.player.EntityPlayerMP
[2026-04-25 16:50:34.784][CLIENT] bvr-filter id=79 reason=canRenderEntity_false dist=0.0 class=mcheli.plane.MCP_EntityPlane
[2026-04-25 16:50:34.784][CLIENT] bvr-scan acId=79 total=5 rendered=2 skipCan=3 skipJam=0 skipVisible=0 skipMslRange=0 skipName=0 skipNear=0 selectedId=4627 trackingId=4627 fireLockId=4627 mslMax=4000.0
[2026-04-25 16:50:34.790][CLIENT] bvr-filter id=89 reason=canRenderEntity_false dist=83.7 class=mcheli.tank.MCH_EntityTank
[2026-04-25 16:50:34.790][CLIENT] bvr-filter id=78 reason=canRenderEntity_false dist=8.8 class=net.minecraft.entity.player.EntityPlayerMP
[2026-04-25 16:50:34.790][CLIENT] bvr-filter id=79 reason=canRenderEntity_false dist=0.0 class=mcheli.plane.MCP_EntityPlane
[2026-04-25 16:50:34.790][CLIENT] bvr-scan acId=79 total=5 rendered=2 skipCan=3 skipJam=0 skipVisible=0 skipMslRange=0 skipName=0 skipNear=0 selectedId=4627 trackingId=4627 fireLockId=4627 mslMax=4000.0
[2026-04-25 16:50:34.796][CLIENT] bvr-filter id=89 reason=canRenderEntity_false dist=83.7 class=mcheli.tank.MCH_EntityTank
[2026-04-25 16:50:34.796][CLIENT] bvr-filter id=78 reason=canRenderEntity_false dist=8.8 class=net.minecraft.entity.player.EntityPlayerMP
[2026-04-25 16:50:34.796][CLIENT] bvr-filter id=79 reason=canRenderEntity_false dist=0.0 class=mcheli.plane.MCP_EntityPlane
[2026-04-25 16:50:34.796][CLIENT] bvr-scan acId=79 total=5 rendered=2 skipCan=3 skipJam=0 skipVisible=0 skipMslRange=0 skipName=0 skipNear=0 selectedId=4627 trackingId=4627 fireLockId=4627 mslMax=4000.0
[2026-04-25 16:50:35.257][CLIENT] bvr-filter id=89 reason=canRenderEntity_false dist=83.7 class=mcheli.tank.MCH_EntityTank
[2026-04-25 16:50:35.258][CLIENT] bvr-filter id=78 reason=canRenderEntity_false dist=8.8 class=net.minecraft.entity.player.EntityPlayerMP
[2026-04-25 16:50:35.258][CLIENT] bvr-filter id=79 reason=canRenderEntity_false dist=0.0 class=mcheli.plane.MCP_EntityPlane
[2026-04-25 16:50:35.258][CLIENT] bvr-scan acId=79 total=5 rendered=2 skipCan=3 skipJam=0 skipVisible=0 skipMslRange=0 skipName=0 skipNear=0 selectedId=4627 trackingId=4627 fireLockId=4627 mslMax=4000.0
[2026-04-25 16:50:35.264][CLIENT] bvr-filter id=89 reason=canRenderEntity_false dist=83.7 class=mcheli.tank.MCH_EntityTank
[2026-04-25 16:50:35.264][CLIENT] bvr-filter id=78 reason=canRenderEntity_false dist=8.8 class=net.minecraft.entity.player.EntityPlayerMP
[2026-04-25 16:50:35.264][CLIENT] bvr-filter id=79 reason=canRenderEntity_false dist=0.0 class=mcheli.plane.MCP_EntityPlane
[2026-04-25 16:50:35.264][CLIENT] bvr-scan acId=79 total=5 rendered=2 skipCan=3 skipJam=0 skipVisible=0 skipMslRange=0 skipName=0 skipNear=0 selectedId=4627 trackingId=4627 fireLockId=4627 mslMax=4000.0
[2026-04-25 16:50:35.271][CLIENT] bvr-filter id=89 reason=canRenderEntity_false dist=83.7 class=mcheli.tank.MCH_EntityTank
[2026-04-25 16:50:35.271][CLIENT] bvr-filter id=78 reason=canRenderEntity_false dist=8.8 class=net.minecraft.entity.player.EntityPlayerMP
[2026-04-25 16:50:35.271][CLIENT] bvr-filter id=79 reason=canRenderEntity_false dist=0.0 class=mcheli.plane.MCP_EntityPlane
[2026-04-25 16:50:35.271][CLIENT] bvr-scan acId=79 total=5 rendered=2 skipCan=3 skipJam=0 skipVisible=0 skipMslRange=0 skipName=0 skipNear=0 selectedId=4627 trackingId=4627 fireLockId=4627 mslMax=4000.0
[2026-04-25 16:50:35.278][CLIENT] bvr-filter id=89 reason=canRenderEntity_false dist=83.7 class=mcheli.tank.MCH_EntityTank
[2026-04-25 16:50:35.278][CLIENT] bvr-filter id=78 reason=canRenderEntity_false dist=8.8 class=net.minecraft.entity.player.EntityPlayerMP
[2026-04-25 16:50:35.278][CLIENT] bvr-filter id=79 reason=canRenderEntity_false dist=0.0 class=mcheli.plane.MCP_EntityPlane
[2026-04-25 16:50:35.278][CLIENT] bvr-scan acId=79 total=5 rendered=2 skipCan=3 skipJam=0 skipVisible=0 skipMslRange=0 skipName=0 skipNear=0 selectedId=4627 trackingId=4627 fireLockId=4627 mslMax=4000.0
[2026-04-25 16:50:35.284][CLIENT] bvr-filter id=89 reason=canRenderEntity_false dist=83.7 class=mcheli.tank.MCH_EntityTank
[2026-04-25 16:50:35.284][CLIENT] bvr-filter id=78 reason=canRenderEntity_false dist=8.8 class=net.minecraft.entity.player.EntityPlayerMP
[2026-04-25 16:50:35.284][CLIENT] bvr-filter id=79 reason=canRenderEntity_false dist=0.0 class=mcheli.plane.MCP_EntityPlane
[2026-04-25 16:50:35.284][CLIENT] bvr-scan acId=79 total=5 rendered=2 skipCan=3 skipJam=0 skipVisible=0 skipMslRange=0 skipName=0 skipNear=0 selectedId=4627 trackingId=4627 fireLockId=4627 mslMax=4000.0
[2026-04-25 16:50:35.290][CLIENT] bvr-filter id=89 reason=canRenderEntity_false dist=83.7 class=mcheli.tank.MCH_EntityTank
[2026-04-25 16:50:35.290][CLIENT] bvr-filter id=78 reason=canRenderEntity_false dist=8.8 class=net.minecraft.entity.player.EntityPlayerMP
[2026-04-25 16:50:35.290][CLIENT] bvr-filter id=79 reason=canRenderEntity_false dist=0.0 class=mcheli.plane.MCP_EntityPlane
[2026-04-25 16:50:35.290][CLIENT] bvr-scan acId=79 total=5 rendered=2 skipCan=3 skipJam=0 skipVisible=0 skipMslRange=0 skipName=0 skipNear=0 selectedId=4627 trackingId=4627 fireLockId=4627 mslMax=4000.0
[2026-04-25 16:50:35.296][CLIENT] bvr-filter id=89 reason=canRenderEntity_false dist=83.7 class=mcheli.tank.MCH_EntityTank
[2026-04-25 16:50:35.296][CLIENT] bvr-filter id=78 reason=canRenderEntity_false dist=8.8 class=net.minecraft.entity.player.EntityPlayerMP
[2026-04-25 16:50:35.296][CLIENT] bvr-filter id=79 reason=canRenderEntity_false dist=0.0 class=mcheli.plane.MCP_EntityPlane
[2026-04-25 16:50:35.296][CLIENT] bvr-scan acId=79 total=5 rendered=2 skipCan=3 skipJam=0 skipVisible=0 skipMslRange=0 skipName=0 skipNear=0 selectedId=4627 trackingId=4627 fireLockId=4627 mslMax=4000.0
[2026-04-25 16:50:35.753][CLIENT] bvr-filter id=89 reason=canRenderEntity_false dist=83.7 class=mcheli.tank.MCH_EntityTank
[2026-04-25 16:50:35.753][CLIENT] bvr-filter id=78 reason=canRenderEntity_false dist=8.8 class=net.minecraft.entity.player.EntityPlayerMP
[2026-04-25 16:50:35.753][CLIENT] bvr-filter id=79 reason=canRenderEntity_false dist=0.0 class=mcheli.plane.MCP_EntityPlane
[2026-04-25 16:50:35.753][CLIENT] bvr-scan acId=79 total=5 rendered=2 skipCan=3 skipJam=0 skipVisible=0 skipMslRange=0 skipName=0 skipNear=0 selectedId=4627 trackingId=4627 fireLockId=4627 mslMax=4000.0
[2026-04-25 16:50:35.760][CLIENT] bvr-filter id=89 reason=canRenderEntity_false dist=83.7 class=mcheli.tank.MCH_EntityTank
[2026-04-25 16:50:35.760][CLIENT] bvr-filter id=78 reason=canRenderEntity_false dist=8.8 class=net.minecraft.entity.player.EntityPlayerMP
[2026-04-25 16:50:35.760][CLIENT] bvr-filter id=79 reason=canRenderEntity_false dist=0.0 class=mcheli.plane.MCP_EntityPlane
[2026-04-25 16:50:35.760][CLIENT] bvr-scan acId=79 total=5 rendered=2 skipCan=3 skipJam=0 skipVisible=0 skipMslRange=0 skipName=0 skipNear=0 selectedId=4627 trackingId=4627 fireLockId=4627 mslMax=4000.0
[2026-04-25 16:50:35.766][CLIENT] bvr-filter id=89 reason=canRenderEntity_false dist=83.7 class=mcheli.tank.MCH_EntityTank
[2026-04-25 16:50:35.766][CLIENT] bvr-filter id=78 reason=canRenderEntity_false dist=8.8 class=net.minecraft.entity.player.EntityPlayerMP
[2026-04-25 16:50:35.766][CLIENT] bvr-filter id=79 reason=canRenderEntity_false dist=0.0 class=mcheli.plane.MCP_EntityPlane
[2026-04-25 16:50:35.766][CLIENT] bvr-scan acId=79 total=5 rendered=2 skipCan=3 skipJam=0 skipVisible=0 skipMslRange=0 skipName=0 skipNear=0 selectedId=4627 trackingId=4627 fireLockId=4627 mslMax=4000.0
[2026-04-25 16:50:35.772][CLIENT] bvr-filter id=89 reason=canRenderEntity_false dist=83.7 class=mcheli.tank.MCH_EntityTank
[2026-04-25 16:50:35.772][CLIENT] bvr-filter id=78 reason=canRenderEntity_false dist=8.8 class=net.minecraft.entity.player.EntityPlayerMP
[2026-04-25 16:50:35.772][CLIENT] bvr-filter id=79 reason=canRenderEntity_false dist=0.0 class=mcheli.plane.MCP_EntityPlane
[2026-04-25 16:50:35.772][CLIENT] bvr-scan acId=79 total=5 rendered=2 skipCan=3 skipJam=0 skipVisible=0 skipMslRange=0 skipName=0 skipNear=0 selectedId=4627 trackingId=4627 fireLockId=4627 mslMax=4000.0
[2026-04-25 16:50:35.777][CLIENT] bvr-filter id=89 reason=canRenderEntity_false dist=83.7 class=mcheli.tank.MCH_EntityTank
[2026-04-25 16:50:35.777][CLIENT] bvr-filter id=78 reason=canRenderEntity_false dist=8.8 class=net.minecraft.entity.player.EntityPlayerMP
[2026-04-25 16:50:35.777][CLIENT] bvr-filter id=79 reason=canRenderEntity_false dist=0.0 class=mcheli.plane.MCP_EntityPlane
[2026-04-25 16:50:35.777][CLIENT] bvr-scan acId=79 total=5 rendered=2 skipCan=3 skipJam=0 skipVisible=0 skipMslRange=0 skipName=0 skipNear=0 selectedId=4627 trackingId=4627 fireLockId=4627 mslMax=4000.0
[2026-04-25 16:50:35.783][CLIENT] bvr-filter id=89 reason=canRenderEntity_false dist=83.7 class=mcheli.tank.MCH_EntityTank
[2026-04-25 16:50:35.783][CLIENT] bvr-filter id=78 reason=canRenderEntity_false dist=8.8 class=net.minecraft.entity.player.EntityPlayerMP
[2026-04-25 16:50:35.783][CLIENT] bvr-filter id=79 reason=canRenderEntity_false dist=0.0 class=mcheli.plane.MCP_EntityPlane
[2026-04-25 16:50:35.783][CLIENT] bvr-scan acId=79 total=5 rendered=2 skipCan=3 skipJam=0 skipVisible=0 skipMslRange=0 skipName=0 skipNear=0 selectedId=4627 trackingId=4627 fireLockId=4627 mslMax=4000.0
[2026-04-25 16:50:35.790][CLIENT] bvr-filter id=89 reason=canRenderEntity_false dist=83.7 class=mcheli.tank.MCH_EntityTank
[2026-04-25 16:50:35.790][CLIENT] bvr-filter id=78 reason=canRenderEntity_false dist=8.8 class=net.minecraft.entity.player.EntityPlayerMP
[2026-04-25 16:50:35.790][CLIENT] bvr-filter id=79 reason=canRenderEntity_false dist=0.0 class=mcheli.plane.MCP_EntityPlane
[2026-04-25 16:50:35.790][CLIENT] bvr-scan acId=79 total=5 rendered=2 skipCan=3 skipJam=0 skipVisible=0 skipMslRange=0 skipName=0 skipNear=0 selectedId=4627 trackingId=4627 fireLockId=4627 mslMax=4000.0
[2026-04-25 16:50:35.797][CLIENT] bvr-filter id=89 reason=canRenderEntity_false dist=83.7 class=mcheli.tank.MCH_EntityTank
[2026-04-25 16:50:35.797][CLIENT] bvr-filter id=78 reason=canRenderEntity_false dist=8.8 class=net.minecraft.entity.player.EntityPlayerMP
[2026-04-25 16:50:35.797][CLIENT] bvr-filter id=79 reason=canRenderEntity_false dist=0.0 class=mcheli.plane.MCP_EntityPlane
[2026-04-25 16:50:35.797][CLIENT] bvr-scan acId=79 total=5 rendered=2 skipCan=3 skipJam=0 skipVisible=0 skipMslRange=0 skipName=0 skipNear=0 selectedId=4627 trackingId=4627 fireLockId=4627 mslMax=4000.0
[2026-04-25 16:50:36.259][CLIENT] bvr-filter id=89 reason=canRenderEntity_false dist=83.7 class=mcheli.tank.MCH_EntityTank
[2026-04-25 16:50:36.259][CLIENT] bvr-filter id=78 reason=canRenderEntity_false dist=8.8 class=net.minecraft.entity.player.EntityPlayerMP
[2026-04-25 16:50:36.259][CLIENT] bvr-filter id=79 reason=canRenderEntity_false dist=0.0 class=mcheli.plane.MCP_EntityPlane
[2026-04-25 16:50:36.259][CLIENT] bvr-scan acId=79 total=5 rendered=2 skipCan=3 skipJam=0 skipVisible=0 skipMslRange=0 skipName=0 skipNear=0 selectedId=4627 trackingId=4627 fireLockId=4627 mslMax=4000.0
[2026-04-25 16:50:36.265][CLIENT] bvr-filter id=89 reason=canRenderEntity_false dist=83.7 class=mcheli.tank.MCH_EntityTank
[2026-04-25 16:50:36.266][CLIENT] bvr-filter id=78 reason=canRenderEntity_false dist=8.8 class=net.minecraft.entity.player.EntityPlayerMP
[2026-04-25 16:50:36.266][CLIENT] bvr-filter id=79 reason=canRenderEntity_false dist=0.0 class=mcheli.plane.MCP_EntityPlane
[2026-04-25 16:50:36.266][CLIENT] bvr-scan acId=79 total=5 rendered=2 skipCan=3 skipJam=0 skipVisible=0 skipMslRange=0 skipName=0 skipNear=0 selectedId=4627 trackingId=4627 fireLockId=4627 mslMax=4000.0
[2026-04-25 16:50:36.271][CLIENT] bvr-filter id=89 reason=canRenderEntity_false dist=83.7 class=mcheli.tank.MCH_EntityTank
[2026-04-25 16:50:36.271][CLIENT] bvr-filter id=78 reason=canRenderEntity_false dist=8.8 class=net.minecraft.entity.player.EntityPlayerMP
[2026-04-25 16:50:36.271][CLIENT] bvr-filter id=79 reason=canRenderEntity_false dist=0.0 class=mcheli.plane.MCP_EntityPlane
[2026-04-25 16:50:36.271][CLIENT] bvr-scan acId=79 total=5 rendered=2 skipCan=3 skipJam=0 skipVisible=0 skipMslRange=0 skipName=0 skipNear=0 selectedId=4627 trackingId=4627 fireLockId=4627 mslMax=4000.0
[2026-04-25 16:50:36.276][CLIENT] bvr-filter id=89 reason=canRenderEntity_false dist=83.7 class=mcheli.tank.MCH_EntityTank
[2026-04-25 16:50:36.276][CLIENT] bvr-filter id=78 reason=canRenderEntity_false dist=8.8 class=net.minecraft.entity.player.EntityPlayerMP
[2026-04-25 16:50:36.276][CLIENT] bvr-filter id=79 reason=canRenderEntity_false dist=0.0 class=mcheli.plane.MCP_EntityPlane
[2026-04-25 16:50:36.276][CLIENT] bvr-scan acId=79 total=5 rendered=2 skipCan=3 skipJam=0 skipVisible=0 skipMslRange=0 skipName=0 skipNear=0 selectedId=4627 trackingId=4627 fireLockId=4627 mslMax=4000.0
[2026-04-25 16:50:36.283][CLIENT] bvr-filter id=89 reason=canRenderEntity_false dist=83.7 class=mcheli.tank.MCH_EntityTank
[2026-04-25 16:50:36.283][CLIENT] bvr-filter id=78 reason=canRenderEntity_false dist=8.8 class=net.minecraft.entity.player.EntityPlayerMP
[2026-04-25 16:50:36.283][CLIENT] bvr-filter id=79 reason=canRenderEntity_false dist=0.0 class=mcheli.plane.MCP_EntityPlane
[2026-04-25 16:50:36.283][CLIENT] bvr-scan acId=79 total=5 rendered=2 skipCan=3 skipJam=0 skipVisible=0 skipMslRange=0 skipName=0 skipNear=0 selectedId=4627 trackingId=4627 fireLockId=4627 mslMax=4000.0
[2026-04-25 16:50:36.289][CLIENT] bvr-filter id=89 reason=canRenderEntity_false dist=83.7 class=mcheli.tank.MCH_EntityTank
[2026-04-25 16:50:36.289][CLIENT] bvr-filter id=78 reason=canRenderEntity_false dist=8.8 class=net.minecraft.entity.player.EntityPlayerMP
[2026-04-25 16:50:36.289][CLIENT] bvr-filter id=79 reason=canRenderEntity_false dist=0.0 class=mcheli.plane.MCP_EntityPlane
[2026-04-25 16:50:36.289][CLIENT] bvr-scan acId=79 total=5 rendered=2 skipCan=3 skipJam=0 skipVisible=0 skipMslRange=0 skipName=0 skipNear=0 selectedId=4627 trackingId=4627 fireLockId=4627 mslMax=4000.0
[2026-04-25 16:50:36.296][CLIENT] bvr-filter id=89 reason=canRenderEntity_false dist=83.7 class=mcheli.tank.MCH_EntityTank
[2026-04-25 16:50:36.296][CLIENT] bvr-filter id=78 reason=canRenderEntity_false dist=8.8 class=net.minecraft.entity.player.EntityPlayerMP
[2026-04-25 16:50:36.296][CLIENT] bvr-filter id=79 reason=canRenderEntity_false dist=0.0 class=mcheli.plane.MCP_EntityPlane
[2026-04-25 16:50:36.296][CLIENT] bvr-scan acId=79 total=5 rendered=2 skipCan=3 skipJam=0 skipVisible=0 skipMslRange=0 skipName=0 skipNear=0 selectedId=4627 trackingId=4627 fireLockId=4627 mslMax=4000.0
[2026-04-25 16:50:36.757][CLIENT] bvr-filter id=89 reason=canRenderEntity_false dist=83.7 class=mcheli.tank.MCH_EntityTank
[2026-04-25 16:50:36.757][CLIENT] bvr-filter id=78 reason=canRenderEntity_false dist=8.8 class=net.minecraft.entity.player.EntityPlayerMP
[2026-04-25 16:50:36.757][CLIENT] bvr-filter id=79 reason=canRenderEntity_false dist=0.0 class=mcheli.plane.MCP_EntityPlane
[2026-04-25 16:50:36.757][CLIENT] bvr-scan acId=79 total=5 rendered=2 skipCan=3 skipJam=0 skipVisible=0 skipMslRange=0 skipName=0 skipNear=0 selectedId=4627 trackingId=4627 fireLockId=4627 mslMax=4000.0
[2026-04-25 16:50:36.764][CLIENT] bvr-filter id=89 reason=canRenderEntity_false dist=83.7 class=mcheli.tank.MCH_EntityTank
[2026-04-25 16:50:36.764][CLIENT] bvr-filter id=78 reason=canRenderEntity_false dist=8.8 class=net.minecraft.entity.player.EntityPlayerMP
[2026-04-25 16:50:36.764][CLIENT] bvr-filter id=79 reason=canRenderEntity_false dist=0.0 class=mcheli.plane.MCP_EntityPlane
[2026-04-25 16:50:36.764][CLIENT] bvr-scan acId=79 total=5 rendered=2 skipCan=3 skipJam=0 skipVisible=0 skipMslRange=0 skipName=0 skipNear=0 selectedId=4627 trackingId=4627 fireLockId=4627 mslMax=4000.0
[2026-04-25 16:50:36.770][CLIENT] bvr-filter id=89 reason=canRenderEntity_false dist=83.7 class=mcheli.tank.MCH_EntityTank
[2026-04-25 16:50:36.770][CLIENT] bvr-filter id=78 reason=canRenderEntity_false dist=8.8 class=net.minecraft.entity.player.EntityPlayerMP
[2026-04-25 16:50:36.770][CLIENT] bvr-filter id=79 reason=canRenderEntity_false dist=0.0 class=mcheli.plane.MCP_EntityPlane
[2026-04-25 16:50:36.770][CLIENT] bvr-scan acId=79 total=5 rendered=2 skipCan=3 skipJam=0 skipVisible=0 skipMslRange=0 skipName=0 skipNear=0 selectedId=4627 trackingId=4627 fireLockId=4627 mslMax=4000.0
[2026-04-25 16:50:36.777][CLIENT] bvr-filter id=89 reason=canRenderEntity_false dist=83.7 class=mcheli.tank.MCH_EntityTank
[2026-04-25 16:50:36.777][CLIENT] bvr-filter id=78 reason=canRenderEntity_false dist=8.8 class=net.minecraft.entity.player.EntityPlayerMP
[2026-04-25 16:50:36.777][CLIENT] bvr-filter id=79 reason=canRenderEntity_false dist=0.0 class=mcheli.plane.MCP_EntityPlane
[2026-04-25 16:50:36.777][CLIENT] bvr-scan acId=79 total=5 rendered=2 skipCan=3 skipJam=0 skipVisible=0 skipMslRange=0 skipName=0 skipNear=0 selectedId=4627 trackingId=4627 fireLockId=4627 mslMax=4000.0
[2026-04-25 16:50:36.784][CLIENT] bvr-filter id=89 reason=canRenderEntity_false dist=83.7 class=mcheli.tank.MCH_EntityTank
[2026-04-25 16:50:36.784][CLIENT] bvr-filter id=78 reason=canRenderEntity_false dist=8.8 class=net.minecraft.entity.player.EntityPlayerMP
[2026-04-25 16:50:36.784][CLIENT] bvr-filter id=79 reason=canRenderEntity_false dist=0.0 class=mcheli.plane.MCP_EntityPlane
[2026-04-25 16:50:36.784][CLIENT] bvr-scan acId=79 total=5 rendered=2 skipCan=3 skipJam=0 skipVisible=0 skipMslRange=0 skipName=0 skipNear=0 selectedId=4627 trackingId=4627 fireLockId=4627 mslMax=4000.0
[2026-04-25 16:50:36.791][CLIENT] bvr-filter id=89 reason=canRenderEntity_false dist=83.7 class=mcheli.tank.MCH_EntityTank
[2026-04-25 16:50:36.791][CLIENT] bvr-filter id=78 reason=canRenderEntity_false dist=8.8 class=net.minecraft.entity.player.EntityPlayerMP
[2026-04-25 16:50:36.791][CLIENT] bvr-filter id=79 reason=canRenderEntity_false dist=0.0 class=mcheli.plane.MCP_EntityPlane
[2026-04-25 16:50:36.791][CLIENT] bvr-scan acId=79 total=5 rendered=2 skipCan=3 skipJam=0 skipVisible=0 skipMslRange=0 skipName=0 skipNear=0 selectedId=4627 trackingId=4627 fireLockId=4627 mslMax=4000.0
[2026-04-25 16:50:36.799][CLIENT] bvr-filter id=89 reason=canRenderEntity_false dist=83.7 class=mcheli.tank.MCH_EntityTank
[2026-04-25 16:50:36.799][CLIENT] bvr-filter id=78 reason=canRenderEntity_false dist=8.8 class=net.minecraft.entity.player.EntityPlayerMP
[2026-04-25 16:50:36.799][CLIENT] bvr-filter id=79 reason=canRenderEntity_false dist=0.0 class=mcheli.plane.MCP_EntityPlane
[2026-04-25 16:50:36.799][CLIENT] bvr-scan acId=79 total=5 rendered=2 skipCan=3 skipJam=0 skipVisible=0 skipMslRange=0 skipName=0 skipNear=0 selectedId=4627 trackingId=4627 fireLockId=4627 mslMax=4000.0
[2026-04-25 16:50:37.253][CLIENT] bvr-filter id=89 reason=canRenderEntity_false dist=83.7 class=mcheli.tank.MCH_EntityTank
[2026-04-25 16:50:37.253][CLIENT] bvr-filter id=78 reason=canRenderEntity_false dist=8.8 class=net.minecraft.entity.player.EntityPlayerMP
[2026-04-25 16:50:37.253][CLIENT] bvr-filter id=79 reason=canRenderEntity_false dist=0.0 class=mcheli.plane.MCP_EntityPlane
[2026-04-25 16:50:37.253][CLIENT] bvr-scan acId=79 total=5 rendered=2 skipCan=3 skipJam=0 skipVisible=0 skipMslRange=0 skipName=0 skipNear=0 selectedId=4627 trackingId=4627 fireLockId=4627 mslMax=4000.0
[2026-04-25 16:50:37.258][CLIENT] bvr-filter id=89 reason=canRenderEntity_false dist=83.7 class=mcheli.tank.MCH_EntityTank
[2026-04-25 16:50:37.258][CLIENT] bvr-filter id=78 reason=canRenderEntity_false dist=8.8 class=net.minecraft.entity.player.EntityPlayerMP
[2026-04-25 16:50:37.258][CLIENT] bvr-filter id=79 reason=canRenderEntity_false dist=0.0 class=mcheli.plane.MCP_EntityPlane
[2026-04-25 16:50:37.259][CLIENT] bvr-scan acId=79 total=5 rendered=2 skipCan=3 skipJam=0 skipVisible=0 skipMslRange=0 skipName=0 skipNear=0 selectedId=4627 trackingId=4627 fireLockId=4627 mslMax=4000.0
[2026-04-25 16:50:37.267][CLIENT] bvr-filter id=89 reason=canRenderEntity_false dist=83.7 class=mcheli.tank.MCH_EntityTank
[2026-04-25 16:50:37.267][CLIENT] bvr-filter id=78 reason=canRenderEntity_false dist=8.8 class=net.minecraft.entity.player.EntityPlayerMP
[2026-04-25 16:50:37.267][CLIENT] bvr-filter id=79 reason=canRenderEntity_false dist=0.0 class=mcheli.plane.MCP_EntityPlane
[2026-04-25 16:50:37.267][CLIENT] bvr-scan acId=79 total=5 rendered=2 skipCan=3 skipJam=0 skipVisible=0 skipMslRange=0 skipName=0 skipNear=0 selectedId=4627 trackingId=4627 fireLockId=4627 mslMax=4000.0
[2026-04-25 16:50:37.273][CLIENT] bvr-filter id=89 reason=canRenderEntity_false dist=83.7 class=mcheli.tank.MCH_EntityTank
[2026-04-25 16:50:37.273][CLIENT] bvr-filter id=78 reason=canRenderEntity_false dist=8.8 class=net.minecraft.entity.player.EntityPlayerMP
[2026-04-25 16:50:37.273][CLIENT] bvr-filter id=79 reason=canRenderEntity_false dist=0.0 class=mcheli.plane.MCP_EntityPlane
[2026-04-25 16:50:37.273][CLIENT] bvr-scan acId=79 total=5 rendered=2 skipCan=3 skipJam=0 skipVisible=0 skipMslRange=0 skipName=0 skipNear=0 selectedId=4627 trackingId=4627 fireLockId=4627 mslMax=4000.0
[2026-04-25 16:50:37.279][CLIENT] bvr-filter id=89 reason=canRenderEntity_false dist=83.7 class=mcheli.tank.MCH_EntityTank
[2026-04-25 16:50:37.280][CLIENT] bvr-filter id=78 reason=canRenderEntity_false dist=8.8 class=net.minecraft.entity.player.EntityPlayerMP
[2026-04-25 16:50:37.280][CLIENT] bvr-filter id=79 reason=canRenderEntity_false dist=0.0 class=mcheli.plane.MCP_EntityPlane
[2026-04-25 16:50:37.280][CLIENT] bvr-scan acId=79 total=5 rendered=2 skipCan=3 skipJam=0 skipVisible=0 skipMslRange=0 skipName=0 skipNear=0 selectedId=4627 trackingId=4627 fireLockId=4627 mslMax=4000.0
[2026-04-25 16:50:37.286][CLIENT] bvr-filter id=89 reason=canRenderEntity_false dist=83.7 class=mcheli.tank.MCH_EntityTank
[2026-04-25 16:50:37.286][CLIENT] bvr-filter id=78 reason=canRenderEntity_false dist=8.8 class=net.minecraft.entity.player.EntityPlayerMP
[2026-04-25 16:50:37.286][CLIENT] bvr-filter id=79 reason=canRenderEntity_false dist=0.0 class=mcheli.plane.MCP_EntityPlane
[2026-04-25 16:50:37.286][CLIENT] bvr-scan acId=79 total=5 rendered=2 skipCan=3 skipJam=0 skipVisible=0 skipMslRange=0 skipName=0 skipNear=0 selectedId=4627 trackingId=4627 fireLockId=4627 mslMax=4000.0
[2026-04-25 16:50:37.292][CLIENT] bvr-filter id=89 reason=canRenderEntity_false dist=83.7 class=mcheli.tank.MCH_EntityTank
[2026-04-25 16:50:37.292][CLIENT] bvr-filter id=78 reason=canRenderEntity_false dist=8.8 class=net.minecraft.entity.player.EntityPlayerMP
[2026-04-25 16:50:37.292][CLIENT] bvr-filter id=79 reason=canRenderEntity_false dist=0.0 class=mcheli.plane.MCP_EntityPlane
[2026-04-25 16:50:37.292][CLIENT] bvr-scan acId=79 total=5 rendered=2 skipCan=3 skipJam=0 skipVisible=0 skipMslRange=0 skipName=0 skipNear=0 selectedId=4627 trackingId=4627 fireLockId=4627 mslMax=4000.0
[2026-04-25 16:50:37.753][CLIENT] bvr-filter id=89 reason=canRenderEntity_false dist=83.7 class=mcheli.tank.MCH_EntityTank
[2026-04-25 16:50:37.753][CLIENT] bvr-filter id=78 reason=canRenderEntity_false dist=8.8 class=net.minecraft.entity.player.EntityPlayerMP
[2026-04-25 16:50:37.753][CLIENT] bvr-filter id=79 reason=canRenderEntity_false dist=0.0 class=mcheli.plane.MCP_EntityPlane
[2026-04-25 16:50:37.753][CLIENT] bvr-scan acId=79 total=5 rendered=2 skipCan=3 skipJam=0 skipVisible=0 skipMslRange=0 skipName=0 skipNear=0 selectedId=4627 trackingId=4627 fireLockId=4627 mslMax=4000.0
[2026-04-25 16:50:37.760][CLIENT] bvr-filter id=89 reason=canRenderEntity_false dist=83.7 class=mcheli.tank.MCH_EntityTank
[2026-04-25 16:50:37.760][CLIENT] bvr-filter id=78 reason=canRenderEntity_false dist=8.8 class=net.minecraft.entity.player.EntityPlayerMP
[2026-04-25 16:50:37.760][CLIENT] bvr-filter id=79 reason=canRenderEntity_false dist=0.0 class=mcheli.plane.MCP_EntityPlane
[2026-04-25 16:50:37.760][CLIENT] bvr-scan acId=79 total=5 rendered=2 skipCan=3 skipJam=0 skipVisible=0 skipMslRange=0 skipName=0 skipNear=0 selectedId=4627 trackingId=4627 fireLockId=4627 mslMax=4000.0
[2026-04-25 16:50:37.768][CLIENT] bvr-filter id=89 reason=canRenderEntity_false dist=83.7 class=mcheli.tank.MCH_EntityTank
[2026-04-25 16:50:37.768][CLIENT] bvr-filter id=78 reason=canRenderEntity_false dist=8.8 class=net.minecraft.entity.player.EntityPlayerMP
[2026-04-25 16:50:37.768][CLIENT] bvr-filter id=79 reason=canRenderEntity_false dist=0.0 class=mcheli.plane.MCP_EntityPlane
[2026-04-25 16:50:37.768][CLIENT] bvr-scan acId=79 total=5 rendered=2 skipCan=3 skipJam=0 skipVisible=0 skipMslRange=0 skipName=0 skipNear=0 selectedId=4627 trackingId=4627 fireLockId=4627 mslMax=4000.0
[2026-04-25 16:50:37.775][CLIENT] bvr-filter id=89 reason=canRenderEntity_false dist=83.7 class=mcheli.tank.MCH_EntityTank
[2026-04-25 16:50:37.775][CLIENT] bvr-filter id=78 reason=canRenderEntity_false dist=8.8 class=net.minecraft.entity.player.EntityPlayerMP
[2026-04-25 16:50:37.775][CLIENT] bvr-filter id=79 reason=canRenderEntity_false dist=0.0 class=mcheli.plane.MCP_EntityPlane
[2026-04-25 16:50:37.775][CLIENT] bvr-scan acId=79 total=5 rendered=2 skipCan=3 skipJam=0 skipVisible=0 skipMslRange=0 skipName=0 skipNear=0 selectedId=4627 trackingId=4627 fireLockId=4627 mslMax=4000.0
[2026-04-25 16:50:37.783][CLIENT] bvr-filter id=89 reason=canRenderEntity_false dist=83.7 class=mcheli.tank.MCH_EntityTank
[2026-04-25 16:50:37.783][CLIENT] bvr-filter id=78 reason=canRenderEntity_false dist=8.8 class=net.minecraft.entity.player.EntityPlayerMP
[2026-04-25 16:50:37.783][CLIENT] bvr-filter id=79 reason=canRenderEntity_false dist=0.0 class=mcheli.plane.MCP_EntityPlane
[2026-04-25 16:50:37.783][CLIENT] bvr-scan acId=79 total=5 rendered=2 skipCan=3 skipJam=0 skipVisible=0 skipMslRange=0 skipName=0 skipNear=0 selectedId=4627 trackingId=4627 fireLockId=4627 mslMax=4000.0
[2026-04-25 16:50:37.790][CLIENT] bvr-filter id=89 reason=canRenderEntity_false dist=83.7 class=mcheli.tank.MCH_EntityTank
[2026-04-25 16:50:37.790][CLIENT] bvr-filter id=78 reason=canRenderEntity_false dist=8.8 class=net.minecraft.entity.player.EntityPlayerMP
[2026-04-25 16:50:37.790][CLIENT] bvr-filter id=79 reason=canRenderEntity_false dist=0.0 class=mcheli.plane.MCP_EntityPlane
[2026-04-25 16:50:37.790][CLIENT] bvr-scan acId=79 total=5 rendered=2 skipCan=3 skipJam=0 skipVisible=0 skipMslRange=0 skipName=0 skipNear=0 selectedId=4627 trackingId=4627 fireLockId=4627 mslMax=4000.0
[2026-04-25 16:50:37.797][CLIENT] bvr-filter id=89 reason=canRenderEntity_false dist=83.7 class=mcheli.tank.MCH_EntityTank
[2026-04-25 16:50:37.797][CLIENT] bvr-filter id=78 reason=canRenderEntity_false dist=8.8 class=net.minecraft.entity.player.EntityPlayerMP
[2026-04-25 16:50:37.797][CLIENT] bvr-filter id=79 reason=canRenderEntity_false dist=0.0 class=mcheli.plane.MCP_EntityPlane
[2026-04-25 16:50:37.797][CLIENT] bvr-scan acId=79 total=5 rendered=2 skipCan=3 skipJam=0 skipVisible=0 skipMslRange=0 skipName=0 skipNear=0 selectedId=4627 trackingId=4627 fireLockId=4627 mslMax=4000.0
[2026-04-25 16:50:38.259][CLIENT] bvr-filter id=89 reason=canRenderEntity_false dist=83.7 class=mcheli.tank.MCH_EntityTank
[2026-04-25 16:50:38.259][CLIENT] bvr-filter id=78 reason=canRenderEntity_false dist=8.8 class=net.minecraft.entity.player.EntityPlayerMP
[2026-04-25 16:50:38.259][CLIENT] bvr-filter id=79 reason=canRenderEntity_false dist=0.0 class=mcheli.plane.MCP_EntityPlane
[2026-04-25 16:50:38.259][CLIENT] bvr-scan acId=79 total=5 rendered=2 skipCan=3 skipJam=0 skipVisible=0 skipMslRange=0 skipName=0 skipNear=0 selectedId=4627 trackingId=4627 fireLockId=4627 mslMax=4000.0
[2026-04-25 16:50:38.268][CLIENT] bvr-filter id=89 reason=canRenderEntity_false dist=83.7 class=mcheli.tank.MCH_EntityTank
[2026-04-25 16:50:38.268][CLIENT] bvr-filter id=78 reason=canRenderEntity_false dist=8.8 class=net.minecraft.entity.player.EntityPlayerMP
[2026-04-25 16:50:38.268][CLIENT] bvr-filter id=79 reason=canRenderEntity_false dist=0.0 class=mcheli.plane.MCP_EntityPlane
[2026-04-25 16:50:38.268][CLIENT] bvr-scan acId=79 total=5 rendered=2 skipCan=3 skipJam=0 skipVisible=0 skipMslRange=0 skipName=0 skipNear=0 selectedId=4627 trackingId=4627 fireLockId=4627 mslMax=4000.0
[2026-04-25 16:50:38.277][CLIENT] bvr-filter id=89 reason=canRenderEntity_false dist=83.7 class=mcheli.tank.MCH_EntityTank
[2026-04-25 16:50:38.277][CLIENT] bvr-filter id=78 reason=canRenderEntity_false dist=8.8 class=net.minecraft.entity.player.EntityPlayerMP
[2026-04-25 16:50:38.277][CLIENT] bvr-filter id=79 reason=canRenderEntity_false dist=0.0 class=mcheli.plane.MCP_EntityPlane
[2026-04-25 16:50:38.277][CLIENT] bvr-scan acId=79 total=5 rendered=2 skipCan=3 skipJam=0 skipVisible=0 skipMslRange=0 skipName=0 skipNear=0 selectedId=4627 trackingId=4627 fireLockId=4627 mslMax=4000.0
[2026-04-25 16:50:38.285][CLIENT] bvr-filter id=89 reason=canRenderEntity_false dist=83.7 class=mcheli.tank.MCH_EntityTank
[2026-04-25 16:50:38.285][CLIENT] bvr-filter id=78 reason=canRenderEntity_false dist=8.8 class=net.minecraft.entity.player.EntityPlayerMP
[2026-04-25 16:50:38.285][CLIENT] bvr-filter id=79 reason=canRenderEntity_false dist=0.0 class=mcheli.plane.MCP_EntityPlane
[2026-04-25 16:50:38.285][CLIENT] bvr-scan acId=79 total=5 rendered=2 skipCan=3 skipJam=0 skipVisible=0 skipMslRange=0 skipName=0 skipNear=0 selectedId=4627 trackingId=4627 fireLockId=4627 mslMax=4000.0
[2026-04-25 16:50:38.293][CLIENT] bvr-filter id=89 reason=canRenderEntity_false dist=83.7 class=mcheli.tank.MCH_EntityTank
[2026-04-25 16:50:38.293][CLIENT] bvr-filter id=78 reason=canRenderEntity_false dist=8.8 class=net.minecraft.entity.player.EntityPlayerMP
[2026-04-25 16:50:38.293][CLIENT] bvr-filter id=79 reason=canRenderEntity_false dist=0.0 class=mcheli.plane.MCP_EntityPlane
[2026-04-25 16:50:38.293][CLIENT] bvr-scan acId=79 total=5 rendered=2 skipCan=3 skipJam=0 skipVisible=0 skipMslRange=0 skipName=0 skipNear=0 selectedId=4627 trackingId=4627 fireLockId=4627 mslMax=4000.0
[2026-04-25 16:50:38.754][CLIENT] bvr-filter id=89 reason=canRenderEntity_false dist=83.7 class=mcheli.tank.MCH_EntityTank
[2026-04-25 16:50:38.754][CLIENT] bvr-filter id=78 reason=canRenderEntity_false dist=8.8 class=net.minecraft.entity.player.EntityPlayerMP
[2026-04-25 16:50:38.754][CLIENT] bvr-filter id=79 reason=canRenderEntity_false dist=0.0 class=mcheli.plane.MCP_EntityPlane
[2026-04-25 16:50:38.754][CLIENT] bvr-scan acId=79 total=5 rendered=2 skipCan=3 skipJam=0 skipVisible=0 skipMslRange=0 skipName=0 skipNear=0 selectedId=4627 trackingId=4627 fireLockId=4627 mslMax=4000.0
[2026-04-25 16:50:38.760][CLIENT] bvr-filter id=89 reason=canRenderEntity_false dist=83.7 class=mcheli.tank.MCH_EntityTank
[2026-04-25 16:50:38.760][CLIENT] bvr-filter id=78 reason=canRenderEntity_false dist=8.8 class=net.minecraft.entity.player.EntityPlayerMP
[2026-04-25 16:50:38.760][CLIENT] bvr-filter id=79 reason=canRenderEntity_false dist=0.0 class=mcheli.plane.MCP_EntityPlane
[2026-04-25 16:50:38.760][CLIENT] bvr-scan acId=79 total=5 rendered=2 skipCan=3 skipJam=0 skipVisible=0 skipMslRange=0 skipName=0 skipNear=0 selectedId=4627 trackingId=4627 fireLockId=4627 mslMax=4000.0
[2026-04-25 16:50:38.767][CLIENT] bvr-filter id=89 reason=canRenderEntity_false dist=83.7 class=mcheli.tank.MCH_EntityTank
[2026-04-25 16:50:38.767][CLIENT] bvr-filter id=78 reason=canRenderEntity_false dist=8.8 class=net.minecraft.entity.player.EntityPlayerMP
[2026-04-25 16:50:38.767][CLIENT] bvr-filter id=79 reason=canRenderEntity_false dist=0.0 class=mcheli.plane.MCP_EntityPlane
[2026-04-25 16:50:38.767][CLIENT] bvr-scan acId=79 total=5 rendered=2 skipCan=3 skipJam=0 skipVisible=0 skipMslRange=0 skipName=0 skipNear=0 selectedId=4627 trackingId=4627 fireLockId=4627 mslMax=4000.0
[2026-04-25 16:50:38.773][CLIENT] bvr-filter id=89 reason=canRenderEntity_false dist=83.7 class=mcheli.tank.MCH_EntityTank
[2026-04-25 16:50:38.773][CLIENT] bvr-filter id=78 reason=canRenderEntity_false dist=8.8 class=net.minecraft.entity.player.EntityPlayerMP
[2026-04-25 16:50:38.773][CLIENT] bvr-filter id=79 reason=canRenderEntity_false dist=0.0 class=mcheli.plane.MCP_EntityPlane
[2026-04-25 16:50:38.773][CLIENT] bvr-scan acId=79 total=5 rendered=2 skipCan=3 skipJam=0 skipVisible=0 skipMslRange=0 skipName=0 skipNear=0 selectedId=4627 trackingId=4627 fireLockId=4627 mslMax=4000.0
[2026-04-25 16:50:38.781][CLIENT] bvr-filter id=89 reason=canRenderEntity_false dist=83.7 class=mcheli.tank.MCH_EntityTank
[2026-04-25 16:50:38.781][CLIENT] bvr-filter id=78 reason=canRenderEntity_false dist=8.8 class=net.minecraft.entity.player.EntityPlayerMP
[2026-04-25 16:50:38.781][CLIENT] bvr-filter id=79 reason=canRenderEntity_false dist=0.0 class=mcheli.plane.MCP_EntityPlane
[2026-04-25 16:50:38.781][CLIENT] bvr-scan acId=79 total=5 rendered=2 skipCan=3 skipJam=0 skipVisible=0 skipMslRange=0 skipName=0 skipNear=0 selectedId=4627 trackingId=4627 fireLockId=4627 mslMax=4000.0
[2026-04-25 16:50:38.787][CLIENT] bvr-filter id=89 reason=canRenderEntity_false dist=83.7 class=mcheli.tank.MCH_EntityTank
[2026-04-25 16:50:38.787][CLIENT] bvr-filter id=78 reason=canRenderEntity_false dist=8.8 class=net.minecraft.entity.player.EntityPlayerMP
[2026-04-25 16:50:38.787][CLIENT] bvr-filter id=79 reason=canRenderEntity_false dist=0.0 class=mcheli.plane.MCP_EntityPlane
[2026-04-25 16:50:38.787][CLIENT] bvr-scan acId=79 total=5 rendered=2 skipCan=3 skipJam=0 skipVisible=0 skipMslRange=0 skipName=0 skipNear=0 selectedId=4627 trackingId=4627 fireLockId=4627 mslMax=4000.0
[2026-04-25 16:50:38.793][CLIENT] bvr-filter id=89 reason=canRenderEntity_false dist=83.7 class=mcheli.tank.MCH_EntityTank
[2026-04-25 16:50:38.793][CLIENT] bvr-filter id=78 reason=canRenderEntity_false dist=8.8 class=net.minecraft.entity.player.EntityPlayerMP
[2026-04-25 16:50:38.793][CLIENT] bvr-filter id=79 reason=canRenderEntity_false dist=0.0 class=mcheli.plane.MCP_EntityPlane
[2026-04-25 16:50:38.793][CLIENT] bvr-scan acId=79 total=5 rendered=2 skipCan=3 skipJam=0 skipVisible=0 skipMslRange=0 skipName=0 skipNear=0 selectedId=4627 trackingId=4627 fireLockId=4627 mslMax=4000.0
[2026-04-25 16:50:39.248][CLIENT] bvr-filter id=89 reason=canRenderEntity_false dist=83.7 class=mcheli.tank.MCH_EntityTank
[2026-04-25 16:50:39.248][CLIENT] bvr-filter id=78 reason=canRenderEntity_false dist=8.8 class=net.minecraft.entity.player.EntityPlayerMP
[2026-04-25 16:50:39.248][CLIENT] bvr-filter id=79 reason=canRenderEntity_false dist=0.0 class=mcheli.plane.MCP_EntityPlane
[2026-04-25 16:50:39.248][CLIENT] bvr-scan acId=79 total=5 rendered=2 skipCan=3 skipJam=0 skipVisible=0 skipMslRange=0 skipName=0 skipNear=0 selectedId=4627 trackingId=4627 fireLockId=4627 mslMax=4000.0
[2026-04-25 16:50:39.254][CLIENT] bvr-filter id=89 reason=canRenderEntity_false dist=83.7 class=mcheli.tank.MCH_EntityTank
[2026-04-25 16:50:39.254][CLIENT] bvr-filter id=78 reason=canRenderEntity_false dist=8.8 class=net.minecraft.entity.player.EntityPlayerMP
[2026-04-25 16:50:39.254][CLIENT] bvr-filter id=79 reason=canRenderEntity_false dist=0.0 class=mcheli.plane.MCP_EntityPlane
[2026-04-25 16:50:39.254][CLIENT] bvr-scan acId=79 total=5 rendered=2 skipCan=3 skipJam=0 skipVisible=0 skipMslRange=0 skipName=0 skipNear=0 selectedId=4627 trackingId=4627 fireLockId=4627 mslMax=4000.0
[2026-04-25 16:50:39.262][CLIENT] bvr-filter id=89 reason=canRenderEntity_false dist=83.7 class=mcheli.tank.MCH_EntityTank
[2026-04-25 16:50:39.262][CLIENT] bvr-filter id=78 reason=canRenderEntity_false dist=8.8 class=net.minecraft.entity.player.EntityPlayerMP
[2026-04-25 16:50:39.262][CLIENT] bvr-filter id=79 reason=canRenderEntity_false dist=0.0 class=mcheli.plane.MCP_EntityPlane
[2026-04-25 16:50:39.262][CLIENT] bvr-scan acId=79 total=5 rendered=2 skipCan=3 skipJam=0 skipVisible=0 skipMslRange=0 skipName=0 skipNear=0 selectedId=4627 trackingId=4627 fireLockId=4627 mslMax=4000.0
[2026-04-25 16:50:39.269][CLIENT] bvr-filter id=89 reason=canRenderEntity_false dist=83.7 class=mcheli.tank.MCH_EntityTank
[2026-04-25 16:50:39.269][CLIENT] bvr-filter id=78 reason=canRenderEntity_false dist=8.8 class=net.minecraft.entity.player.EntityPlayerMP
[2026-04-25 16:50:39.269][CLIENT] bvr-filter id=79 reason=canRenderEntity_false dist=0.0 class=mcheli.plane.MCP_EntityPlane
[2026-04-25 16:50:39.269][CLIENT] bvr-scan acId=79 total=5 rendered=2 skipCan=3 skipJam=0 skipVisible=0 skipMslRange=0 skipName=0 skipNear=0 selectedId=4627 trackingId=4627 fireLockId=4627 mslMax=4000.0
[2026-04-25 16:50:39.276][CLIENT] bvr-filter id=89 reason=canRenderEntity_false dist=83.7 class=mcheli.tank.MCH_EntityTank
[2026-04-25 16:50:39.276][CLIENT] bvr-filter id=78 reason=canRenderEntity_false dist=8.8 class=net.minecraft.entity.player.EntityPlayerMP
[2026-04-25 16:50:39.276][CLIENT] bvr-filter id=79 reason=canRenderEntity_false dist=0.0 class=mcheli.plane.MCP_EntityPlane
[2026-04-25 16:50:39.276][CLIENT] bvr-scan acId=79 total=5 rendered=2 skipCan=3 skipJam=0 skipVisible=0 skipMslRange=0 skipName=0 skipNear=0 selectedId=4627 trackingId=4627 fireLockId=4627 mslMax=4000.0
[2026-04-25 16:50:39.283][CLIENT] bvr-filter id=89 reason=canRenderEntity_false dist=83.7 class=mcheli.tank.MCH_EntityTank
[2026-04-25 16:50:39.283][CLIENT] bvr-filter id=78 reason=canRenderEntity_false dist=8.8 class=net.minecraft.entity.player.EntityPlayerMP
[2026-04-25 16:50:39.283][CLIENT] bvr-filter id=79 reason=canRenderEntity_false dist=0.0 class=mcheli.plane.MCP_EntityPlane
[2026-04-25 16:50:39.283][CLIENT] bvr-scan acId=79 total=5 rendered=2 skipCan=3 skipJam=0 skipVisible=0 skipMslRange=0 skipName=0 skipNear=0 selectedId=4627 trackingId=4627 fireLockId=4627 mslMax=4000.0
[2026-04-25 16:50:39.290][CLIENT] bvr-filter id=89 reason=canRenderEntity_false dist=83.7 class=mcheli.tank.MCH_EntityTank
[2026-04-25 16:50:39.290][CLIENT] bvr-filter id=78 reason=canRenderEntity_false dist=8.8 class=net.minecraft.entity.player.EntityPlayerMP
[2026-04-25 16:50:39.290][CLIENT] bvr-filter id=79 reason=canRenderEntity_false dist=0.0 class=mcheli.plane.MCP_EntityPlane
[2026-04-25 16:50:39.290][CLIENT] bvr-scan acId=79 total=5 rendered=2 skipCan=3 skipJam=0 skipVisible=0 skipMslRange=0 skipName=0 skipNear=0 selectedId=4627 trackingId=4627 fireLockId=4627 mslMax=4000.0
[2026-04-25 16:50:39.296][CLIENT] bvr-filter id=89 reason=canRenderEntity_false dist=83.7 class=mcheli.tank.MCH_EntityTank
[2026-04-25 16:50:39.296][CLIENT] bvr-filter id=78 reason=canRenderEntity_false dist=8.8 class=net.minecraft.entity.player.EntityPlayerMP
[2026-04-25 16:50:39.296][CLIENT] bvr-filter id=79 reason=canRenderEntity_false dist=0.0 class=mcheli.plane.MCP_EntityPlane
[2026-04-25 16:50:39.296][CLIENT] bvr-scan acId=79 total=5 rendered=2 skipCan=3 skipJam=0 skipVisible=0 skipMslRange=0 skipName=0 skipNear=0 selectedId=4627 trackingId=4627 fireLockId=4627 mslMax=4000.0
[2026-04-25 16:50:39.749][CLIENT] bvr-filter id=89 reason=canRenderEntity_false dist=83.7 class=mcheli.tank.MCH_EntityTank
[2026-04-25 16:50:39.749][CLIENT] bvr-filter id=78 reason=canRenderEntity_false dist=8.8 class=net.minecraft.entity.player.EntityPlayerMP
[2026-04-25 16:50:39.749][CLIENT] bvr-filter id=79 reason=canRenderEntity_false dist=0.0 class=mcheli.plane.MCP_EntityPlane
[2026-04-25 16:50:39.749][CLIENT] bvr-scan acId=79 total=5 rendered=2 skipCan=3 skipJam=0 skipVisible=0 skipMslRange=0 skipName=0 skipNear=0 selectedId=4627 trackingId=4627 fireLockId=4627 mslMax=4000.0
[2026-04-25 16:50:39.755][CLIENT] bvr-filter id=89 reason=canRenderEntity_false dist=83.7 class=mcheli.tank.MCH_EntityTank
[2026-04-25 16:50:39.755][CLIENT] bvr-filter id=78 reason=canRenderEntity_false dist=8.8 class=net.minecraft.entity.player.EntityPlayerMP
[2026-04-25 16:50:39.755][CLIENT] bvr-filter id=79 reason=canRenderEntity_false dist=0.0 class=mcheli.plane.MCP_EntityPlane
[2026-04-25 16:50:39.755][CLIENT] bvr-scan acId=79 total=5 rendered=2 skipCan=3 skipJam=0 skipVisible=0 skipMslRange=0 skipName=0 skipNear=0 selectedId=4627 trackingId=4627 fireLockId=4627 mslMax=4000.0
[2026-04-25 16:50:39.762][CLIENT] bvr-filter id=89 reason=canRenderEntity_false dist=83.7 class=mcheli.tank.MCH_EntityTank
[2026-04-25 16:50:39.762][CLIENT] bvr-filter id=78 reason=canRenderEntity_false dist=8.8 class=net.minecraft.entity.player.EntityPlayerMP
[2026-04-25 16:50:39.762][CLIENT] bvr-filter id=79 reason=canRenderEntity_false dist=0.0 class=mcheli.plane.MCP_EntityPlane
[2026-04-25 16:50:39.762][CLIENT] bvr-scan acId=79 total=5 rendered=2 skipCan=3 skipJam=0 skipVisible=0 skipMslRange=0 skipName=0 skipNear=0 selectedId=4627 trackingId=4627 fireLockId=4627 mslMax=4000.0
[2026-04-25 16:50:39.770][CLIENT] bvr-filter id=89 reason=canRenderEntity_false dist=83.7 class=mcheli.tank.MCH_EntityTank
[2026-04-25 16:50:39.770][CLIENT] bvr-filter id=78 reason=canRenderEntity_false dist=8.8 class=net.minecraft.entity.player.EntityPlayerMP
[2026-04-25 16:50:39.770][CLIENT] bvr-filter id=79 reason=canRenderEntity_false dist=0.0 class=mcheli.plane.MCP_EntityPlane
[2026-04-25 16:50:39.770][CLIENT] bvr-scan acId=79 total=5 rendered=2 skipCan=3 skipJam=0 skipVisible=0 skipMslRange=0 skipName=0 skipNear=0 selectedId=4627 trackingId=4627 fireLockId=4627 mslMax=4000.0
[2026-04-25 16:50:39.777][CLIENT] bvr-filter id=89 reason=canRenderEntity_false dist=83.7 class=mcheli.tank.MCH_EntityTank
[2026-04-25 16:50:39.777][CLIENT] bvr-filter id=78 reason=canRenderEntity_false dist=8.8 class=net.minecraft.entity.player.EntityPlayerMP
[2026-04-25 16:50:39.777][CLIENT] bvr-filter id=79 reason=canRenderEntity_false dist=0.0 class=mcheli.plane.MCP_EntityPlane
[2026-04-25 16:50:39.777][CLIENT] bvr-scan acId=79 total=5 rendered=2 skipCan=3 skipJam=0 skipVisible=0 skipMslRange=0 skipName=0 skipNear=0 selectedId=4627 trackingId=4627 fireLockId=4627 mslMax=4000.0
[2026-04-25 16:50:39.784][CLIENT] bvr-filter id=89 reason=canRenderEntity_false dist=83.7 class=mcheli.tank.MCH_EntityTank
[2026-04-25 16:50:39.784][CLIENT] bvr-filter id=78 reason=canRenderEntity_false dist=8.8 class=net.minecraft.entity.player.EntityPlayerMP
[2026-04-25 16:50:39.784][CLIENT] bvr-filter id=79 reason=canRenderEntity_false dist=0.0 class=mcheli.plane.MCP_EntityPlane
[2026-04-25 16:50:39.784][CLIENT] bvr-scan acId=79 total=5 rendered=2 skipCan=3 skipJam=0 skipVisible=0 skipMslRange=0 skipName=0 skipNear=0 selectedId=4627 trackingId=4627 fireLockId=4627 mslMax=4000.0
[2026-04-25 16:50:39.791][CLIENT] bvr-filter id=89 reason=canRenderEntity_false dist=83.7 class=mcheli.tank.MCH_EntityTank
[2026-04-25 16:50:39.791][CLIENT] bvr-filter id=78 reason=canRenderEntity_false dist=8.8 class=net.minecraft.entity.player.EntityPlayerMP
[2026-04-25 16:50:39.791][CLIENT] bvr-filter id=79 reason=canRenderEntity_false dist=0.0 class=mcheli.plane.MCP_EntityPlane
[2026-04-25 16:50:39.791][CLIENT] bvr-scan acId=79 total=5 rendered=2 skipCan=3 skipJam=0 skipVisible=0 skipMslRange=0 skipName=0 skipNear=0 selectedId=4627 trackingId=4627 fireLockId=4627 mslMax=4000.0
[2026-04-25 16:50:40.253][CLIENT] bvr-filter id=89 reason=canRenderEntity_false dist=83.7 class=mcheli.tank.MCH_EntityTank
[2026-04-25 16:50:40.253][CLIENT] bvr-filter id=78 reason=canRenderEntity_false dist=8.8 class=net.minecraft.entity.player.EntityPlayerMP
[2026-04-25 16:50:40.253][CLIENT] bvr-filter id=79 reason=canRenderEntity_false dist=0.0 class=mcheli.plane.MCP_EntityPlane
[2026-04-25 16:50:40.253][CLIENT] bvr-scan acId=79 total=5 rendered=2 skipCan=3 skipJam=0 skipVisible=0 skipMslRange=0 skipName=0 skipNear=0 selectedId=4627 trackingId=4627 fireLockId=4627 mslMax=4000.0
[2026-04-25 16:50:40.260][CLIENT] bvr-filter id=89 reason=canRenderEntity_false dist=83.7 class=mcheli.tank.MCH_EntityTank
[2026-04-25 16:50:40.260][CLIENT] bvr-filter id=78 reason=canRenderEntity_false dist=8.8 class=net.minecraft.entity.player.EntityPlayerMP
[2026-04-25 16:50:40.260][CLIENT] bvr-filter id=79 reason=canRenderEntity_false dist=0.0 class=mcheli.plane.MCP_EntityPlane
[2026-04-25 16:50:40.260][CLIENT] bvr-scan acId=79 total=5 rendered=2 skipCan=3 skipJam=0 skipVisible=0 skipMslRange=0 skipName=0 skipNear=0 selectedId=4627 trackingId=4627 fireLockId=4627 mslMax=4000.0
[2026-04-25 16:50:40.267][CLIENT] bvr-filter id=89 reason=canRenderEntity_false dist=83.7 class=mcheli.tank.MCH_EntityTank
[2026-04-25 16:50:40.267][CLIENT] bvr-filter id=78 reason=canRenderEntity_false dist=8.8 class=net.minecraft.entity.player.EntityPlayerMP
[2026-04-25 16:50:40.267][CLIENT] bvr-filter id=79 reason=canRenderEntity_false dist=0.0 class=mcheli.plane.MCP_EntityPlane
[2026-04-25 16:50:40.267][CLIENT] bvr-scan acId=79 total=5 rendered=2 skipCan=3 skipJam=0 skipVisible=0 skipMslRange=0 skipName=0 skipNear=0 selectedId=4627 trackingId=4627 fireLockId=4627 mslMax=4000.0
[2026-04-25 16:50:40.273][CLIENT] bvr-filter id=89 reason=canRenderEntity_false dist=83.7 class=mcheli.tank.MCH_EntityTank
[2026-04-25 16:50:40.273][CLIENT] bvr-filter id=78 reason=canRenderEntity_false dist=8.8 class=net.minecraft.entity.player.EntityPlayerMP
[2026-04-25 16:50:40.273][CLIENT] bvr-filter id=79 reason=canRenderEntity_false dist=0.0 class=mcheli.plane.MCP_EntityPlane
[2026-04-25 16:50:40.273][CLIENT] bvr-scan acId=79 total=5 rendered=2 skipCan=3 skipJam=0 skipVisible=0 skipMslRange=0 skipName=0 skipNear=0 selectedId=4627 trackingId=4627 fireLockId=4627 mslMax=4000.0
[2026-04-25 16:50:40.280][CLIENT] bvr-filter id=89 reason=canRenderEntity_false dist=83.7 class=mcheli.tank.MCH_EntityTank
[2026-04-25 16:50:40.280][CLIENT] bvr-filter id=78 reason=canRenderEntity_false dist=8.8 class=net.minecraft.entity.player.EntityPlayerMP
[2026-04-25 16:50:40.280][CLIENT] bvr-filter id=79 reason=canRenderEntity_false dist=0.0 class=mcheli.plane.MCP_EntityPlane
[2026-04-25 16:50:40.280][CLIENT] bvr-scan acId=79 total=5 rendered=2 skipCan=3 skipJam=0 skipVisible=0 skipMslRange=0 skipName=0 skipNear=0 selectedId=4627 trackingId=4627 fireLockId=4627 mslMax=4000.0
[2026-04-25 16:50:40.287][CLIENT] bvr-filter id=89 reason=canRenderEntity_false dist=83.7 class=mcheli.tank.MCH_EntityTank
[2026-04-25 16:50:40.287][CLIENT] bvr-filter id=78 reason=canRenderEntity_false dist=8.8 class=net.minecraft.entity.player.EntityPlayerMP
[2026-04-25 16:50:40.287][CLIENT] bvr-filter id=79 reason=canRenderEntity_false dist=0.0 class=mcheli.plane.MCP_EntityPlane
[2026-04-25 16:50:40.287][CLIENT] bvr-scan acId=79 total=5 rendered=2 skipCan=3 skipJam=0 skipVisible=0 skipMslRange=0 skipName=0 skipNear=0 selectedId=4627 trackingId=4627 fireLockId=4627 mslMax=4000.0
[2026-04-25 16:50:40.294][CLIENT] bvr-filter id=89 reason=canRenderEntity_false dist=83.7 class=mcheli.tank.MCH_EntityTank
[2026-04-25 16:50:40.294][CLIENT] bvr-filter id=78 reason=canRenderEntity_false dist=8.8 class=net.minecraft.entity.player.EntityPlayerMP
[2026-04-25 16:50:40.294][CLIENT] bvr-filter id=79 reason=canRenderEntity_false dist=0.0 class=mcheli.plane.MCP_EntityPlane
[2026-04-25 16:50:40.294][CLIENT] bvr-scan acId=79 total=5 rendered=2 skipCan=3 skipJam=0 skipVisible=0 skipMslRange=0 skipName=0 skipNear=0 selectedId=4627 trackingId=4627 fireLockId=4627 mslMax=4000.0
[2026-04-25 16:50:40.754][CLIENT] bvr-filter id=89 reason=canRenderEntity_false dist=83.7 class=mcheli.tank.MCH_EntityTank
[2026-04-25 16:50:40.754][CLIENT] bvr-filter id=78 reason=canRenderEntity_false dist=8.8 class=net.minecraft.entity.player.EntityPlayerMP
[2026-04-25 16:50:40.754][CLIENT] bvr-filter id=79 reason=canRenderEntity_false dist=0.0 class=mcheli.plane.MCP_EntityPlane
[2026-04-25 16:50:40.754][CLIENT] bvr-scan acId=79 total=5 rendered=2 skipCan=3 skipJam=0 skipVisible=0 skipMslRange=0 skipName=0 skipNear=0 selectedId=4627 trackingId=4627 fireLockId=4627 mslMax=4000.0
[2026-04-25 16:50:40.761][CLIENT] bvr-filter id=89 reason=canRenderEntity_false dist=83.7 class=mcheli.tank.MCH_EntityTank
[2026-04-25 16:50:40.761][CLIENT] bvr-filter id=78 reason=canRenderEntity_false dist=8.8 class=net.minecraft.entity.player.EntityPlayerMP
[2026-04-25 16:50:40.761][CLIENT] bvr-filter id=79 reason=canRenderEntity_false dist=0.0 class=mcheli.plane.MCP_EntityPlane
[2026-04-25 16:50:40.761][CLIENT] bvr-scan acId=79 total=5 rendered=2 skipCan=3 skipJam=0 skipVisible=0 skipMslRange=0 skipName=0 skipNear=0 selectedId=4627 trackingId=4627 fireLockId=4627 mslMax=4000.0
[2026-04-25 16:50:40.768][CLIENT] bvr-filter id=89 reason=canRenderEntity_false dist=83.7 class=mcheli.tank.MCH_EntityTank
[2026-04-25 16:50:40.768][CLIENT] bvr-filter id=78 reason=canRenderEntity_false dist=8.8 class=net.minecraft.entity.player.EntityPlayerMP
[2026-04-25 16:50:40.768][CLIENT] bvr-filter id=79 reason=canRenderEntity_false dist=0.0 class=mcheli.plane.MCP_EntityPlane
[2026-04-25 16:50:40.768][CLIENT] bvr-scan acId=79 total=5 rendered=2 skipCan=3 skipJam=0 skipVisible=0 skipMslRange=0 skipName=0 skipNear=0 selectedId=4627 trackingId=4627 fireLockId=4627 mslMax=4000.0
[2026-04-25 16:50:40.775][CLIENT] bvr-filter id=89 reason=canRenderEntity_false dist=83.7 class=mcheli.tank.MCH_EntityTank
[2026-04-25 16:50:40.775][CLIENT] bvr-filter id=78 reason=canRenderEntity_false dist=8.8 class=net.minecraft.entity.player.EntityPlayerMP
[2026-04-25 16:50:40.775][CLIENT] bvr-filter id=79 reason=canRenderEntity_false dist=0.0 class=mcheli.plane.MCP_EntityPlane
[2026-04-25 16:50:40.775][CLIENT] bvr-scan acId=79 total=5 rendered=2 skipCan=3 skipJam=0 skipVisible=0 skipMslRange=0 skipName=0 skipNear=0 selectedId=4627 trackingId=4627 fireLockId=4627 mslMax=4000.0
[2026-04-25 16:50:40.781][CLIENT] bvr-filter id=89 reason=canRenderEntity_false dist=83.7 class=mcheli.tank.MCH_EntityTank
[2026-04-25 16:50:40.781][CLIENT] bvr-filter id=78 reason=canRenderEntity_false dist=8.8 class=net.minecraft.entity.player.EntityPlayerMP
[2026-04-25 16:50:40.781][CLIENT] bvr-filter id=79 reason=canRenderEntity_false dist=0.0 class=mcheli.plane.MCP_EntityPlane
[2026-04-25 16:50:40.781][CLIENT] bvr-scan acId=79 total=5 rendered=2 skipCan=3 skipJam=0 skipVisible=0 skipMslRange=0 skipName=0 skipNear=0 selectedId=4627 trackingId=4627 fireLockId=4627 mslMax=4000.0
[2026-04-25 16:50:40.787][CLIENT] bvr-filter id=89 reason=canRenderEntity_false dist=83.7 class=mcheli.tank.MCH_EntityTank
[2026-04-25 16:50:40.787][CLIENT] bvr-filter id=78 reason=canRenderEntity_false dist=8.8 class=net.minecraft.entity.player.EntityPlayerMP
[2026-04-25 16:50:40.787][CLIENT] bvr-filter id=79 reason=canRenderEntity_false dist=0.0 class=mcheli.plane.MCP_EntityPlane
[2026-04-25 16:50:40.787][CLIENT] bvr-scan acId=79 total=5 rendered=2 skipCan=3 skipJam=0 skipVisible=0 skipMslRange=0 skipName=0 skipNear=0 selectedId=4627 trackingId=4627 fireLockId=4627 mslMax=4000.0
[2026-04-25 16:50:40.794][CLIENT] bvr-filter id=89 reason=canRenderEntity_false dist=83.7 class=mcheli.tank.MCH_EntityTank
[2026-04-25 16:50:40.794][CLIENT] bvr-filter id=78 reason=canRenderEntity_false dist=8.8 class=net.minecraft.entity.player.EntityPlayerMP
[2026-04-25 16:50:40.794][CLIENT] bvr-filter id=79 reason=canRenderEntity_false dist=0.0 class=mcheli.plane.MCP_EntityPlane
[2026-04-25 16:50:40.794][CLIENT] bvr-scan acId=79 total=5 rendered=2 skipCan=3 skipJam=0 skipVisible=0 skipMslRange=0 skipName=0 skipNear=0 selectedId=4627 trackingId=4627 fireLockId=4627 mslMax=4000.0
[2026-04-25 16:50:41.249][CLIENT] bvr-filter id=89 reason=canRenderEntity_false dist=83.7 class=mcheli.tank.MCH_EntityTank
[2026-04-25 16:50:41.249][CLIENT] bvr-filter id=78 reason=canRenderEntity_false dist=8.8 class=net.minecraft.entity.player.EntityPlayerMP
[2026-04-25 16:50:41.249][CLIENT] bvr-filter id=79 reason=canRenderEntity_false dist=0.0 class=mcheli.plane.MCP_EntityPlane
[2026-04-25 16:50:41.249][CLIENT] bvr-scan acId=79 total=5 rendered=2 skipCan=3 skipJam=0 skipVisible=0 skipMslRange=0 skipName=0 skipNear=0 selectedId=4627 trackingId=4627 fireLockId=4627 mslMax=4000.0
[2026-04-25 16:50:41.255][CLIENT] bvr-filter id=89 reason=canRenderEntity_false dist=83.7 class=mcheli.tank.MCH_EntityTank
[2026-04-25 16:50:41.255][CLIENT] bvr-filter id=78 reason=canRenderEntity_false dist=8.8 class=net.minecraft.entity.player.EntityPlayerMP
[2026-04-25 16:50:41.255][CLIENT] bvr-filter id=79 reason=canRenderEntity_false dist=0.0 class=mcheli.plane.MCP_EntityPlane
[2026-04-25 16:50:41.255][CLIENT] bvr-scan acId=79 total=5 rendered=2 skipCan=3 skipJam=0 skipVisible=0 skipMslRange=0 skipName=0 skipNear=0 selectedId=4627 trackingId=4627 fireLockId=4627 mslMax=4000.0
[2026-04-25 16:50:41.262][CLIENT] bvr-filter id=89 reason=canRenderEntity_false dist=83.7 class=mcheli.tank.MCH_EntityTank
[2026-04-25 16:50:41.262][CLIENT] bvr-filter id=78 reason=canRenderEntity_false dist=8.8 class=net.minecraft.entity.player.EntityPlayerMP
[2026-04-25 16:50:41.262][CLIENT] bvr-filter id=79 reason=canRenderEntity_false dist=0.0 class=mcheli.plane.MCP_EntityPlane
[2026-04-25 16:50:41.262][CLIENT] bvr-scan acId=79 total=5 rendered=2 skipCan=3 skipJam=0 skipVisible=0 skipMslRange=0 skipName=0 skipNear=0 selectedId=4627 trackingId=4627 fireLockId=4627 mslMax=4000.0
[2026-04-25 16:50:41.268][CLIENT] bvr-filter id=89 reason=canRenderEntity_false dist=83.7 class=mcheli.tank.MCH_EntityTank
[2026-04-25 16:50:41.268][CLIENT] bvr-filter id=78 reason=canRenderEntity_false dist=8.8 class=net.minecraft.entity.player.EntityPlayerMP
[2026-04-25 16:50:41.268][CLIENT] bvr-filter id=79 reason=canRenderEntity_false dist=0.0 class=mcheli.plane.MCP_EntityPlane
[2026-04-25 16:50:41.268][CLIENT] bvr-scan acId=79 total=5 rendered=2 skipCan=3 skipJam=0 skipVisible=0 skipMslRange=0 skipName=0 skipNear=0 selectedId=4627 trackingId=4627 fireLockId=4627 mslMax=4000.0
[2026-04-25 16:50:41.275][CLIENT] bvr-filter id=89 reason=canRenderEntity_false dist=83.7 class=mcheli.tank.MCH_EntityTank
[2026-04-25 16:50:41.275][CLIENT] bvr-filter id=78 reason=canRenderEntity_false dist=8.8 class=net.minecraft.entity.player.EntityPlayerMP
[2026-04-25 16:50:41.275][CLIENT] bvr-filter id=79 reason=canRenderEntity_false dist=0.0 class=mcheli.plane.MCP_EntityPlane
[2026-04-25 16:50:41.275][CLIENT] bvr-scan acId=79 total=5 rendered=2 skipCan=3 skipJam=0 skipVisible=0 skipMslRange=0 skipName=0 skipNear=0 selectedId=4627 trackingId=4627 fireLockId=4627 mslMax=4000.0
[2026-04-25 16:50:41.282][CLIENT] bvr-filter id=89 reason=canRenderEntity_false dist=83.7 class=mcheli.tank.MCH_EntityTank
[2026-04-25 16:50:41.282][CLIENT] bvr-filter id=78 reason=canRenderEntity_false dist=8.8 class=net.minecraft.entity.player.EntityPlayerMP
[2026-04-25 16:50:41.282][CLIENT] bvr-filter id=79 reason=canRenderEntity_false dist=0.0 class=mcheli.plane.MCP_EntityPlane
[2026-04-25 16:50:41.282][CLIENT] bvr-scan acId=79 total=5 rendered=2 skipCan=3 skipJam=0 skipVisible=0 skipMslRange=0 skipName=0 skipNear=0 selectedId=4627 trackingId=4627 fireLockId=4627 mslMax=4000.0
[2026-04-25 16:50:41.289][CLIENT] bvr-filter id=89 reason=canRenderEntity_false dist=83.7 class=mcheli.tank.MCH_EntityTank
[2026-04-25 16:50:41.289][CLIENT] bvr-filter id=78 reason=canRenderEntity_false dist=8.8 class=net.minecraft.entity.player.EntityPlayerMP
[2026-04-25 16:50:41.289][CLIENT] bvr-filter id=79 reason=canRenderEntity_false dist=0.0 class=mcheli.plane.MCP_EntityPlane
[2026-04-25 16:50:41.289][CLIENT] bvr-scan acId=79 total=5 rendered=2 skipCan=3 skipJam=0 skipVisible=0 skipMslRange=0 skipName=0 skipNear=0 selectedId=4627 trackingId=4627 fireLockId=4627 mslMax=4000.0
[2026-04-25 16:50:41.296][CLIENT] bvr-filter id=89 reason=canRenderEntity_false dist=83.7 class=mcheli.tank.MCH_EntityTank
[2026-04-25 16:50:41.296][CLIENT] bvr-filter id=78 reason=canRenderEntity_false dist=8.8 class=net.minecraft.entity.player.EntityPlayerMP
[2026-04-25 16:50:41.296][CLIENT] bvr-filter id=79 reason=canRenderEntity_false dist=0.0 class=mcheli.plane.MCP_EntityPlane
[2026-04-25 16:50:41.296][CLIENT] bvr-scan acId=79 total=5 rendered=2 skipCan=3 skipJam=0 skipVisible=0 skipMslRange=0 skipName=0 skipNear=0 selectedId=4627 trackingId=4627 fireLockId=4627 mslMax=4000.0
[2026-04-25 16:50:41.748][CLIENT] bvr-filter id=89 reason=canRenderEntity_false dist=83.7 class=mcheli.tank.MCH_EntityTank
[2026-04-25 16:50:41.748][CLIENT] bvr-filter id=78 reason=canRenderEntity_false dist=8.8 class=net.minecraft.entity.player.EntityPlayerMP
[2026-04-25 16:50:41.748][CLIENT] bvr-filter id=79 reason=canRenderEntity_false dist=0.0 class=mcheli.plane.MCP_EntityPlane
[2026-04-25 16:50:41.748][CLIENT] bvr-scan acId=79 total=5 rendered=2 skipCan=3 skipJam=0 skipVisible=0 skipMslRange=0 skipName=0 skipNear=0 selectedId=4627 trackingId=4627 fireLockId=4627 mslMax=4000.0
[2026-04-25 16:50:41.755][CLIENT] bvr-filter id=89 reason=canRenderEntity_false dist=83.7 class=mcheli.tank.MCH_EntityTank
[2026-04-25 16:50:41.755][CLIENT] bvr-filter id=78 reason=canRenderEntity_false dist=8.8 class=net.minecraft.entity.player.EntityPlayerMP
[2026-04-25 16:50:41.755][CLIENT] bvr-filter id=79 reason=canRenderEntity_false dist=0.0 class=mcheli.plane.MCP_EntityPlane
[2026-04-25 16:50:41.755][CLIENT] bvr-scan acId=79 total=5 rendered=2 skipCan=3 skipJam=0 skipVisible=0 skipMslRange=0 skipName=0 skipNear=0 selectedId=4627 trackingId=4627 fireLockId=4627 mslMax=4000.0
[2026-04-25 16:50:41.762][CLIENT] bvr-filter id=89 reason=canRenderEntity_false dist=83.7 class=mcheli.tank.MCH_EntityTank
[2026-04-25 16:50:41.762][CLIENT] bvr-filter id=78 reason=canRenderEntity_false dist=8.8 class=net.minecraft.entity.player.EntityPlayerMP
[2026-04-25 16:50:41.762][CLIENT] bvr-filter id=79 reason=canRenderEntity_false dist=0.0 class=mcheli.plane.MCP_EntityPlane
[2026-04-25 16:50:41.762][CLIENT] bvr-scan acId=79 total=5 rendered=2 skipCan=3 skipJam=0 skipVisible=0 skipMslRange=0 skipName=0 skipNear=0 selectedId=4627 trackingId=4627 fireLockId=4627 mslMax=4000.0
[2026-04-25 16:50:41.768][CLIENT] bvr-filter id=89 reason=canRenderEntity_false dist=83.7 class=mcheli.tank.MCH_EntityTank
[2026-04-25 16:50:41.768][CLIENT] bvr-filter id=78 reason=canRenderEntity_false dist=8.8 class=net.minecraft.entity.player.EntityPlayerMP
[2026-04-25 16:50:41.768][CLIENT] bvr-filter id=79 reason=canRenderEntity_false dist=0.0 class=mcheli.plane.MCP_EntityPlane
[2026-04-25 16:50:41.768][CLIENT] bvr-scan acId=79 total=5 rendered=2 skipCan=3 skipJam=0 skipVisible=0 skipMslRange=0 skipName=0 skipNear=0 selectedId=4627 trackingId=4627 fireLockId=4627 mslMax=4000.0
[2026-04-25 16:50:41.775][CLIENT] bvr-filter id=89 reason=canRenderEntity_false dist=83.7 class=mcheli.tank.MCH_EntityTank
[2026-04-25 16:50:41.775][CLIENT] bvr-filter id=78 reason=canRenderEntity_false dist=8.8 class=net.minecraft.entity.player.EntityPlayerMP
[2026-04-25 16:50:41.775][CLIENT] bvr-filter id=79 reason=canRenderEntity_false dist=0.0 class=mcheli.plane.MCP_EntityPlane
[2026-04-25 16:50:41.775][CLIENT] bvr-scan acId=79 total=5 rendered=2 skipCan=3 skipJam=0 skipVisible=0 skipMslRange=0 skipName=0 skipNear=0 selectedId=4627 trackingId=4627 fireLockId=4627 mslMax=4000.0
[2026-04-25 16:50:41.782][CLIENT] bvr-filter id=89 reason=canRenderEntity_false dist=83.7 class=mcheli.tank.MCH_EntityTank
[2026-04-25 16:50:41.782][CLIENT] bvr-filter id=78 reason=canRenderEntity_false dist=8.8 class=net.minecraft.entity.player.EntityPlayerMP
[2026-04-25 16:50:41.782][CLIENT] bvr-filter id=79 reason=canRenderEntity_false dist=0.0 class=mcheli.plane.MCP_EntityPlane
[2026-04-25 16:50:41.782][CLIENT] bvr-scan acId=79 total=5 rendered=2 skipCan=3 skipJam=0 skipVisible=0 skipMslRange=0 skipName=0 skipNear=0 selectedId=4627 trackingId=4627 fireLockId=4627 mslMax=4000.0
[2026-04-25 16:50:41.789][CLIENT] bvr-filter id=89 reason=canRenderEntity_false dist=83.7 class=mcheli.tank.MCH_EntityTank
[2026-04-25 16:50:41.789][CLIENT] bvr-filter id=78 reason=canRenderEntity_false dist=8.8 class=net.minecraft.entity.player.EntityPlayerMP
[2026-04-25 16:50:41.789][CLIENT] bvr-filter id=79 reason=canRenderEntity_false dist=0.0 class=mcheli.plane.MCP_EntityPlane
[2026-04-25 16:50:41.789][CLIENT] bvr-scan acId=79 total=5 rendered=2 skipCan=3 skipJam=0 skipVisible=0 skipMslRange=0 skipName=0 skipNear=0 selectedId=4627 trackingId=4627 fireLockId=4627 mslMax=4000.0
[2026-04-25 16:50:41.796][CLIENT] bvr-filter id=89 reason=canRenderEntity_false dist=83.7 class=mcheli.tank.MCH_EntityTank
[2026-04-25 16:50:41.796][CLIENT] bvr-filter id=78 reason=canRenderEntity_false dist=8.8 class=net.minecraft.entity.player.EntityPlayerMP
[2026-04-25 16:50:41.796][CLIENT] bvr-filter id=79 reason=canRenderEntity_false dist=0.0 class=mcheli.plane.MCP_EntityPlane
[2026-04-25 16:50:41.796][CLIENT] bvr-scan acId=79 total=5 rendered=2 skipCan=3 skipJam=0 skipVisible=0 skipMslRange=0 skipName=0 skipNear=0 selectedId=4627 trackingId=4627 fireLockId=4627 mslMax=4000.0
[2026-04-25 16:50:42.255][CLIENT] bvr-filter id=89 reason=canRenderEntity_false dist=83.7 class=mcheli.tank.MCH_EntityTank
[2026-04-25 16:50:42.255][CLIENT] bvr-filter id=78 reason=canRenderEntity_false dist=8.8 class=net.minecraft.entity.player.EntityPlayerMP
[2026-04-25 16:50:42.255][CLIENT] bvr-filter id=79 reason=canRenderEntity_false dist=0.0 class=mcheli.plane.MCP_EntityPlane
[2026-04-25 16:50:42.255][CLIENT] bvr-scan acId=79 total=5 rendered=2 skipCan=3 skipJam=0 skipVisible=0 skipMslRange=0 skipName=0 skipNear=0 selectedId=4627 trackingId=4627 fireLockId=4627 mslMax=4000.0
[2026-04-25 16:50:42.261][CLIENT] bvr-filter id=89 reason=canRenderEntity_false dist=83.7 class=mcheli.tank.MCH_EntityTank
[2026-04-25 16:50:42.261][CLIENT] bvr-filter id=78 reason=canRenderEntity_false dist=8.8 class=net.minecraft.entity.player.EntityPlayerMP
[2026-04-25 16:50:42.261][CLIENT] bvr-filter id=79 reason=canRenderEntity_false dist=0.0 class=mcheli.plane.MCP_EntityPlane
[2026-04-25 16:50:42.261][CLIENT] bvr-scan acId=79 total=5 rendered=2 skipCan=3 skipJam=0 skipVisible=0 skipMslRange=0 skipName=0 skipNear=0 selectedId=4627 trackingId=4627 fireLockId=4627 mslMax=4000.0
[2026-04-25 16:50:42.269][CLIENT] bvr-filter id=89 reason=canRenderEntity_false dist=83.7 class=mcheli.tank.MCH_EntityTank
[2026-04-25 16:50:42.269][CLIENT] bvr-filter id=78 reason=canRenderEntity_false dist=8.8 class=net.minecraft.entity.player.EntityPlayerMP
[2026-04-25 16:50:42.269][CLIENT] bvr-filter id=79 reason=canRenderEntity_false dist=0.0 class=mcheli.plane.MCP_EntityPlane
[2026-04-25 16:50:42.269][CLIENT] bvr-scan acId=79 total=5 rendered=2 skipCan=3 skipJam=0 skipVisible=0 skipMslRange=0 skipName=0 skipNear=0 selectedId=4627 trackingId=4627 fireLockId=4627 mslMax=4000.0
[2026-04-25 16:50:42.276][CLIENT] bvr-filter id=89 reason=canRenderEntity_false dist=83.7 class=mcheli.tank.MCH_EntityTank
[2026-04-25 16:50:42.276][CLIENT] bvr-filter id=78 reason=canRenderEntity_false dist=8.8 class=net.minecraft.entity.player.EntityPlayerMP
[2026-04-25 16:50:42.276][CLIENT] bvr-filter id=79 reason=canRenderEntity_false dist=0.0 class=mcheli.plane.MCP_EntityPlane
[2026-04-25 16:50:42.276][CLIENT] bvr-scan acId=79 total=5 rendered=2 skipCan=3 skipJam=0 skipVisible=0 skipMslRange=0 skipName=0 skipNear=0 selectedId=4627 trackingId=4627 fireLockId=4627 mslMax=4000.0
[2026-04-25 16:50:42.283][CLIENT] bvr-filter id=89 reason=canRenderEntity_false dist=83.7 class=mcheli.tank.MCH_EntityTank
[2026-04-25 16:50:42.283][CLIENT] bvr-filter id=78 reason=canRenderEntity_false dist=8.8 class=net.minecraft.entity.player.EntityPlayerMP
[2026-04-25 16:50:42.283][CLIENT] bvr-filter id=79 reason=canRenderEntity_false dist=0.0 class=mcheli.plane.MCP_EntityPlane
[2026-04-25 16:50:42.283][CLIENT] bvr-scan acId=79 total=5 rendered=2 skipCan=3 skipJam=0 skipVisible=0 skipMslRange=0 skipName=0 skipNear=0 selectedId=4627 trackingId=4627 fireLockId=4627 mslMax=4000.0
[2026-04-25 16:50:42.290][CLIENT] bvr-filter id=89 reason=canRenderEntity_false dist=83.7 class=mcheli.tank.MCH_EntityTank
[2026-04-25 16:50:42.290][CLIENT] bvr-filter id=78 reason=canRenderEntity_false dist=8.8 class=net.minecraft.entity.player.EntityPlayerMP
[2026-04-25 16:50:42.290][CLIENT] bvr-filter id=79 reason=canRenderEntity_false dist=0.0 class=mcheli.plane.MCP_EntityPlane
[2026-04-25 16:50:42.290][CLIENT] bvr-scan acId=79 total=5 rendered=2 skipCan=3 skipJam=0 skipVisible=0 skipMslRange=0 skipName=0 skipNear=0 selectedId=4627 trackingId=4627 fireLockId=4627 mslMax=4000.0
[2026-04-25 16:50:42.297][CLIENT] bvr-filter id=89 reason=canRenderEntity_false dist=83.7 class=mcheli.tank.MCH_EntityTank
[2026-04-25 16:50:42.297][CLIENT] bvr-filter id=78 reason=canRenderEntity_false dist=8.8 class=net.minecraft.entity.player.EntityPlayerMP
[2026-04-25 16:50:42.297][CLIENT] bvr-filter id=79 reason=canRenderEntity_false dist=0.0 class=mcheli.plane.MCP_EntityPlane
[2026-04-25 16:50:42.297][CLIENT] bvr-scan acId=79 total=5 rendered=2 skipCan=3 skipJam=0 skipVisible=0 skipMslRange=0 skipName=0 skipNear=0 selectedId=4627 trackingId=4627 fireLockId=4627 mslMax=4000.0
[2026-04-25 16:50:42.755][CLIENT] bvr-filter id=89 reason=canRenderEntity_false dist=83.7 class=mcheli.tank.MCH_EntityTank
[2026-04-25 16:50:42.755][CLIENT] bvr-filter id=78 reason=canRenderEntity_false dist=8.8 class=net.minecraft.entity.player.EntityPlayerMP
[2026-04-25 16:50:42.755][CLIENT] bvr-filter id=79 reason=canRenderEntity_false dist=0.0 class=mcheli.plane.MCP_EntityPlane
[2026-04-25 16:50:42.755][CLIENT] bvr-scan acId=79 total=5 rendered=2 skipCan=3 skipJam=0 skipVisible=0 skipMslRange=0 skipName=0 skipNear=0 selectedId=4627 trackingId=4627 fireLockId=4627 mslMax=4000.0
[2026-04-25 16:50:42.763][CLIENT] bvr-filter id=89 reason=canRenderEntity_false dist=83.7 class=mcheli.tank.MCH_EntityTank
[2026-04-25 16:50:42.763][CLIENT] bvr-filter id=78 reason=canRenderEntity_false dist=8.8 class=net.minecraft.entity.player.EntityPlayerMP
[2026-04-25 16:50:42.764][CLIENT] bvr-filter id=79 reason=canRenderEntity_false dist=0.0 class=mcheli.plane.MCP_EntityPlane
[2026-04-25 16:50:42.764][CLIENT] bvr-scan acId=79 total=5 rendered=2 skipCan=3 skipJam=0 skipVisible=0 skipMslRange=0 skipName=0 skipNear=0 selectedId=4627 trackingId=4627 fireLockId=4627 mslMax=4000.0
[2026-04-25 16:50:42.770][CLIENT] bvr-filter id=89 reason=canRenderEntity_false dist=83.7 class=mcheli.tank.MCH_EntityTank
[2026-04-25 16:50:42.770][CLIENT] bvr-filter id=78 reason=canRenderEntity_false dist=8.8 class=net.minecraft.entity.player.EntityPlayerMP
[2026-04-25 16:50:42.770][CLIENT] bvr-filter id=79 reason=canRenderEntity_false dist=0.0 class=mcheli.plane.MCP_EntityPlane
[2026-04-25 16:50:42.770][CLIENT] bvr-scan acId=79 total=5 rendered=2 skipCan=3 skipJam=0 skipVisible=0 skipMslRange=0 skipName=0 skipNear=0 selectedId=4627 trackingId=4627 fireLockId=4627 mslMax=4000.0
[2026-04-25 16:50:42.777][CLIENT] bvr-filter id=89 reason=canRenderEntity_false dist=83.7 class=mcheli.tank.MCH_EntityTank
[2026-04-25 16:50:42.777][CLIENT] bvr-filter id=78 reason=canRenderEntity_false dist=8.8 class=net.minecraft.entity.player.EntityPlayerMP
[2026-04-25 16:50:42.777][CLIENT] bvr-filter id=79 reason=canRenderEntity_false dist=0.0 class=mcheli.plane.MCP_EntityPlane
[2026-04-25 16:50:42.777][CLIENT] bvr-scan acId=79 total=5 rendered=2 skipCan=3 skipJam=0 skipVisible=0 skipMslRange=0 skipName=0 skipNear=0 selectedId=4627 trackingId=4627 fireLockId=4627 mslMax=4000.0
[2026-04-25 16:50:42.784][CLIENT] bvr-filter id=89 reason=canRenderEntity_false dist=83.7 class=mcheli.tank.MCH_EntityTank
[2026-04-25 16:50:42.784][CLIENT] bvr-filter id=78 reason=canRenderEntity_false dist=8.8 class=net.minecraft.entity.player.EntityPlayerMP
[2026-04-25 16:50:42.784][CLIENT] bvr-filter id=79 reason=canRenderEntity_false dist=0.0 class=mcheli.plane.MCP_EntityPlane
[2026-04-25 16:50:42.784][CLIENT] bvr-scan acId=79 total=5 rendered=2 skipCan=3 skipJam=0 skipVisible=0 skipMslRange=0 skipName=0 skipNear=0 selectedId=4627 trackingId=4627 fireLockId=4627 mslMax=4000.0
[2026-04-25 16:50:42.790][CLIENT] bvr-filter id=89 reason=canRenderEntity_false dist=83.7 class=mcheli.tank.MCH_EntityTank
[2026-04-25 16:50:42.791][CLIENT] bvr-filter id=78 reason=canRenderEntity_false dist=8.8 class=net.minecraft.entity.player.EntityPlayerMP
[2026-04-25 16:50:42.791][CLIENT] bvr-filter id=79 reason=canRenderEntity_false dist=0.0 class=mcheli.plane.MCP_EntityPlane
[2026-04-25 16:50:42.791][CLIENT] bvr-scan acId=79 total=5 rendered=2 skipCan=3 skipJam=0 skipVisible=0 skipMslRange=0 skipName=0 skipNear=0 selectedId=4627 trackingId=4627 fireLockId=4627 mslMax=4000.0
[2026-04-25 16:50:42.797][CLIENT] bvr-filter id=89 reason=canRenderEntity_false dist=83.7 class=mcheli.tank.MCH_EntityTank
[2026-04-25 16:50:42.797][CLIENT] bvr-filter id=78 reason=canRenderEntity_false dist=8.8 class=net.minecraft.entity.player.EntityPlayerMP
[2026-04-25 16:50:42.797][CLIENT] bvr-filter id=79 reason=canRenderEntity_false dist=0.0 class=mcheli.plane.MCP_EntityPlane
[2026-04-25 16:50:42.797][CLIENT] bvr-scan acId=79 total=5 rendered=2 skipCan=3 skipJam=0 skipVisible=0 skipMslRange=0 skipName=0 skipNear=0 selectedId=4627 trackingId=4627 fireLockId=4627 mslMax=4000.0
[2026-04-25 16:50:43.249][CLIENT] bvr-filter id=89 reason=canRenderEntity_false dist=83.7 class=mcheli.tank.MCH_EntityTank
[2026-04-25 16:50:43.249][CLIENT] bvr-filter id=78 reason=canRenderEntity_false dist=8.8 class=net.minecraft.entity.player.EntityPlayerMP
[2026-04-25 16:50:43.249][CLIENT] bvr-filter id=79 reason=canRenderEntity_false dist=0.0 class=mcheli.plane.MCP_EntityPlane
[2026-04-25 16:50:43.249][CLIENT] bvr-scan acId=79 total=5 rendered=2 skipCan=3 skipJam=0 skipVisible=0 skipMslRange=0 skipName=0 skipNear=0 selectedId=4627 trackingId=4627 fireLockId=4627 mslMax=4000.0
[2026-04-25 16:50:43.255][CLIENT] bvr-filter id=89 reason=canRenderEntity_false dist=83.7 class=mcheli.tank.MCH_EntityTank
[2026-04-25 16:50:43.255][CLIENT] bvr-filter id=78 reason=canRenderEntity_false dist=8.8 class=net.minecraft.entity.player.EntityPlayerMP
[2026-04-25 16:50:43.255][CLIENT] bvr-filter id=79 reason=canRenderEntity_false dist=0.0 class=mcheli.plane.MCP_EntityPlane
[2026-04-25 16:50:43.255][CLIENT] bvr-scan acId=79 total=5 rendered=2 skipCan=3 skipJam=0 skipVisible=0 skipMslRange=0 skipName=0 skipNear=0 selectedId=4627 trackingId=4627 fireLockId=4627 mslMax=4000.0
[2026-04-25 16:50:43.262][CLIENT] bvr-filter id=89 reason=canRenderEntity_false dist=83.7 class=mcheli.tank.MCH_EntityTank
[2026-04-25 16:50:43.262][CLIENT] bvr-filter id=78 reason=canRenderEntity_false dist=8.8 class=net.minecraft.entity.player.EntityPlayerMP
[2026-04-25 16:50:43.262][CLIENT] bvr-filter id=79 reason=canRenderEntity_false dist=0.0 class=mcheli.plane.MCP_EntityPlane
[2026-04-25 16:50:43.262][CLIENT] bvr-scan acId=79 total=5 rendered=2 skipCan=3 skipJam=0 skipVisible=0 skipMslRange=0 skipName=0 skipNear=0 selectedId=4627 trackingId=4627 fireLockId=4627 mslMax=4000.0
[2026-04-25 16:50:43.268][CLIENT] bvr-filter id=89 reason=canRenderEntity_false dist=83.7 class=mcheli.tank.MCH_EntityTank
[2026-04-25 16:50:43.268][CLIENT] bvr-filter id=78 reason=canRenderEntity_false dist=8.8 class=net.minecraft.entity.player.EntityPlayerMP
[2026-04-25 16:50:43.268][CLIENT] bvr-filter id=79 reason=canRenderEntity_false dist=0.0 class=mcheli.plane.MCP_EntityPlane
[2026-04-25 16:50:43.269][CLIENT] bvr-scan acId=79 total=5 rendered=2 skipCan=3 skipJam=0 skipVisible=0 skipMslRange=0 skipName=0 skipNear=0 selectedId=4627 trackingId=4627 fireLockId=4627 mslMax=4000.0
[2026-04-25 16:50:43.275][CLIENT] bvr-filter id=89 reason=canRenderEntity_false dist=83.7 class=mcheli.tank.MCH_EntityTank
[2026-04-25 16:50:43.275][CLIENT] bvr-filter id=78 reason=canRenderEntity_false dist=8.8 class=net.minecraft.entity.player.EntityPlayerMP
[2026-04-25 16:50:43.275][CLIENT] bvr-filter id=79 reason=canRenderEntity_false dist=0.0 class=mcheli.plane.MCP_EntityPlane
[2026-04-25 16:50:43.275][CLIENT] bvr-scan acId=79 total=5 rendered=2 skipCan=3 skipJam=0 skipVisible=0 skipMslRange=0 skipName=0 skipNear=0 selectedId=4627 trackingId=4627 fireLockId=4627 mslMax=4000.0
[2026-04-25 16:50:43.282][CLIENT] bvr-filter id=89 reason=canRenderEntity_false dist=83.7 class=mcheli.tank.MCH_EntityTank
[2026-04-25 16:50:43.282][CLIENT] bvr-filter id=78 reason=canRenderEntity_false dist=8.8 class=net.minecraft.entity.player.EntityPlayerMP
[2026-04-25 16:50:43.282][CLIENT] bvr-filter id=79 reason=canRenderEntity_false dist=0.0 class=mcheli.plane.MCP_EntityPlane
[2026-04-25 16:50:43.282][CLIENT] bvr-scan acId=79 total=5 rendered=2 skipCan=3 skipJam=0 skipVisible=0 skipMslRange=0 skipName=0 skipNear=0 selectedId=4627 trackingId=4627 fireLockId=4627 mslMax=4000.0
[2026-04-25 16:50:43.289][CLIENT] bvr-filter id=89 reason=canRenderEntity_false dist=83.7 class=mcheli.tank.MCH_EntityTank
[2026-04-25 16:50:43.289][CLIENT] bvr-filter id=78 reason=canRenderEntity_false dist=8.8 class=net.minecraft.entity.player.EntityPlayerMP
[2026-04-25 16:50:43.289][CLIENT] bvr-filter id=79 reason=canRenderEntity_false dist=0.0 class=mcheli.plane.MCP_EntityPlane
[2026-04-25 16:50:43.289][CLIENT] bvr-scan acId=79 total=5 rendered=2 skipCan=3 skipJam=0 skipVisible=0 skipMslRange=0 skipName=0 skipNear=0 selectedId=4627 trackingId=4627 fireLockId=4627 mslMax=4000.0
[2026-04-25 16:50:43.296][CLIENT] bvr-filter id=89 reason=canRenderEntity_false dist=83.7 class=mcheli.tank.MCH_EntityTank
[2026-04-25 16:50:43.296][CLIENT] bvr-filter id=78 reason=canRenderEntity_false dist=8.8 class=net.minecraft.entity.player.EntityPlayerMP
[2026-04-25 16:50:43.296][CLIENT] bvr-filter id=79 reason=canRenderEntity_false dist=0.0 class=mcheli.plane.MCP_EntityPlane
[2026-04-25 16:50:43.296][CLIENT] bvr-scan acId=79 total=5 rendered=2 skipCan=3 skipJam=0 skipVisible=0 skipMslRange=0 skipName=0 skipNear=0 selectedId=4627 trackingId=4627 fireLockId=4627 mslMax=4000.0
[2026-04-25 16:50:43.755][CLIENT] bvr-scan acId=79 total=5 rendered=2 skipCan=3 skipJam=0 skipVisible=0 skipMslRange=0 skipName=0 skipNear=0 selectedId=4627 trackingId=4627 fireLockId=4627 mslMax=4000.0
[2026-04-25 16:50:43.761][CLIENT] bvr-scan acId=79 total=5 rendered=2 skipCan=3 skipJam=0 skipVisible=0 skipMslRange=0 skipName=0 skipNear=0 selectedId=4627 trackingId=4627 fireLockId=4627 mslMax=4000.0
[2026-04-25 16:50:43.768][CLIENT] bvr-scan acId=79 total=5 rendered=2 skipCan=3 skipJam=0 skipVisible=0 skipMslRange=0 skipName=0 skipNear=0 selectedId=4627 trackingId=4627 fireLockId=4627 mslMax=4000.0
[2026-04-25 16:50:43.775][CLIENT] bvr-scan acId=79 total=5 rendered=2 skipCan=3 skipJam=0 skipVisible=0 skipMslRange=0 skipName=0 skipNear=0 selectedId=4627 trackingId=4627 fireLockId=4627 mslMax=4000.0
[2026-04-25 16:50:43.781][CLIENT] bvr-scan acId=79 total=5 rendered=2 skipCan=3 skipJam=0 skipVisible=0 skipMslRange=0 skipName=0 skipNear=0 selectedId=4627 trackingId=4627 fireLockId=4627 mslMax=4000.0
[2026-04-25 16:50:43.787][CLIENT] bvr-scan acId=79 total=5 rendered=2 skipCan=3 skipJam=0 skipVisible=0 skipMslRange=0 skipName=0 skipNear=0 selectedId=4627 trackingId=4627 fireLockId=4627 mslMax=4000.0
[2026-04-25 16:50:43.794][CLIENT] bvr-scan acId=79 total=5 rendered=2 skipCan=3 skipJam=0 skipVisible=0 skipMslRange=0 skipName=0 skipNear=0 selectedId=4627 trackingId=4627 fireLockId=4627 mslMax=4000.0
[2026-04-25 16:50:44.254][CLIENT] bvr-scan acId=79 total=5 rendered=2 skipCan=3 skipJam=0 skipVisible=0 skipMslRange=0 skipName=0 skipNear=0 selectedId=4627 trackingId=4627 fireLockId=4627 mslMax=4000.0
[2026-04-25 16:50:44.261][CLIENT] bvr-scan acId=79 total=5 rendered=2 skipCan=3 skipJam=0 skipVisible=0 skipMslRange=0 skipName=0 skipNear=0 selectedId=4627 trackingId=4627 fireLockId=4627 mslMax=4000.0
[2026-04-25 16:50:44.268][CLIENT] bvr-scan acId=79 total=5 rendered=2 skipCan=3 skipJam=0 skipVisible=0 skipMslRange=0 skipName=0 skipNear=0 selectedId=4627 trackingId=4627 fireLockId=4627 mslMax=4000.0
[2026-04-25 16:50:44.275][CLIENT] bvr-scan acId=79 total=5 rendered=2 skipCan=3 skipJam=0 skipVisible=0 skipMslRange=0 skipName=0 skipNear=0 selectedId=4627 trackingId=4627 fireLockId=4627 mslMax=4000.0
[2026-04-25 16:50:44.282][CLIENT] bvr-scan acId=79 total=5 rendered=2 skipCan=3 skipJam=0 skipVisible=0 skipMslRange=0 skipName=0 skipNear=0 selectedId=4627 trackingId=4627 fireLockId=4627 mslMax=4000.0
[2026-04-25 16:50:44.288][CLIENT] bvr-scan acId=79 total=5 rendered=2 skipCan=3 skipJam=0 skipVisible=0 skipMslRange=0 skipName=0 skipNear=0 selectedId=4627 trackingId=4627 fireLockId=4627 mslMax=4000.0
[2026-04-25 16:50:44.294][CLIENT] bvr-scan acId=79 total=5 rendered=2 skipCan=3 skipJam=0 skipVisible=0 skipMslRange=0 skipName=0 skipNear=0 selectedId=4627 trackingId=4627 fireLockId=4627 mslMax=4000.0
