[15:25:40] [main/DEBUG] [FML/]: Injecting tracing printstreams for STDOUT/STDERR.
[15:25:40] [main/INFO] [FML/]: Forge Mod Loader version 7.99.40.1614 for Minecraft 1.7.10 loading
[15:25:40] [main/INFO] [FML/]: Java is Java HotSpot(TM) 64-Bit Server VM, version 1.8.0_301, running on Windows 10:amd64:10.0, installed at C:\Program Files\Java\jre1.8.0_301
[15:25:40] [main/DEBUG] [FML/]: Java classpath at launch is F:\载具包临时\test\[Client]BFMC-Client Update 2026-2-16\[Client]BFMC-Client Update 2026-2-16\.minecraft\libraries\net\minecraftforge\forge\1.7.10-10.13.4.1614-1.7.10\forge-1.7.10-10.13.4.1614-1.7.10.jar;F:\载具包临时\test\[Client]BFMC-Client Update 2026-2-16\[Client]BFMC-Client Update 2026-2-16\.minecraft\libraries\net\minecraft\launchwrapper\1.12\launchwrapper-1.12.jar;F:\载具包临时\test\[Client]BFMC-Client Update 2026-2-16\[Client]BFMC-Client Update 2026-2-16\.minecraft\libraries\org\ow2\asm\asm-all\5.0.3\asm-all-5.0.3.jar;F:\载具包临时\test\[Client]BFMC-Client Update 2026-2-16\[Client]BFMC-Client Update 2026-2-16\.minecraft\libraries\com\typesafe\akka\akka-actor_2.11\2.3.3\akka-actor_2.11-2.3.3.jar;F:\载具包临时\test\[Client]BFMC-Client Update 2026-2-16\[Client]BFMC-Client Update 2026-2-16\.minecraft\libraries\com\typesafe\config\1.2.1\config-1.2.1.jar;F:\载具包临时\test\[Client]BFMC-Client Update 2026-2-16\[Client]BFMC-Client Update 2026-2-16\.minecraft\libraries\org\scala-lang\scala-actors-migration_2.11\1.1.0\scala-actors-migration_2.11-1.1.0.jar;F:\载具包临时\test\[Client]BFMC-Client Update 2026-2-16\[Client]BFMC-Client Update 2026-2-16\.minecraft\libraries\org\scala-lang\scala-compiler\2.11.1\scala-compiler-2.11.1.jar;F:\载具包临时\test\[Client]BFMC-Client Update 2026-2-16\[Client]BFMC-Client Update 2026-2-16\.minecraft\libraries\org\scala-lang\plugins\scala-continuations-library_2.11\1.0.2\scala-continuations-library_2.11-1.0.2.jar;F:\载具包临时\test\[Client]BFMC-Client Update 2026-2-16\[Client]BFMC-Client Update 2026-2-16\.minecraft\libraries\org\scala-lang\plugins\scala-continuations-plugin_2.11.1\1.0.2\scala-continuations-plugin_2.11.1-1.0.2.jar;F:\载具包临时\test\[Client]BFMC-Client Update 2026-2-16\[Client]BFMC-Client Update 2026-2-16\.minecraft\libraries\org\scala-lang\scala-library\2.11.1\scala-library-2.11.1.jar;F:\载具包临时\test\[Client]BFMC-Client Update 2026-2-16\[Client]BFMC-Client Update 2026-2-16\.minecraft\libraries\org\scala-lang\scala-parser-combinators_2.11\1.0.1\scala-parser-combinators_2.11-1.0.1.jar;F:\载具包临时\test\[Client]BFMC-Client Update 2026-2-16\[Client]BFMC-Client Update 2026-2-16\.minecraft\libraries\org\scala-lang\scala-reflect\2.11.1\scala-reflect-2.11.1.jar;F:\载具包临时\test\[Client]BFMC-Client Update 2026-2-16\[Client]BFMC-Client Update 2026-2-16\.minecraft\libraries\org\scala-lang\scala-swing_2.11\1.0.1\scala-swing_2.11-1.0.1.jar;F:\载具包临时\test\[Client]BFMC-Client Update 2026-2-16\[Client]BFMC-Client Update 2026-2-16\.minecraft\libraries\org\scala-lang\scala-xml_2.11\1.0.2\scala-xml_2.11-1.0.2.jar;F:\载具包临时\test\[Client]BFMC-Client Update 2026-2-16\[Client]BFMC-Client Update 2026-2-16\.minecraft\libraries\lzma\lzma\0.0.1\lzma-0.0.1.jar;F:\载具包临时\test\[Client]BFMC-Client Update 2026-2-16\[Client]BFMC-Client Update 2026-2-16\.minecraft\libraries\net\sf\jopt-simple\jopt-simple\4.5\jopt-simple-4.5.jar;F:\载具包临时\test\[Client]BFMC-Client Update 2026-2-16\[Client]BFMC-Client Update 2026-2-16\.minecraft\libraries\com\google\guava\guava\17.0\guava-17.0.jar;F:\载具包临时\test\[Client]BFMC-Client Update 2026-2-16\[Client]BFMC-Client Update 2026-2-16\.minecraft\libraries\org\apache\commons\commons-lang3\3.3.2\commons-lang3-3.3.2.jar;F:\载具包临时\test\[Client]BFMC-Client Update 2026-2-16\[Client]BFMC-Client Update 2026-2-16\.minecraft\libraries\com\mojang\netty\1.6\netty-1.6.jar;F:\载具包临时\test\[Client]BFMC-Client Update 2026-2-16\[Client]BFMC-Client Update 2026-2-16\.minecraft\libraries\com\mojang\realms\1.3.5\realms-1.3.5.jar;F:\载具包临时\test\[Client]BFMC-Client Update 2026-2-16\[Client]BFMC-Client Update 2026-2-16\.minecraft\libraries\org\apache\commons\commons-compress\1.8.1\commons-compress-1.8.1.jar;F:\载具包临时\test\[Client]BFMC-Client Update 2026-2-16\[Client]BFMC-Client Update 2026-2-16\.minecraft\libraries\org\apache\httpcomponents\httpclient\4.3.3\httpclient-4.3.3.jar;F:\载具包临时\test\[Client]BFMC-Client Update 2026-2-16\[Client]BFMC-Client Update 2026-2-16\.minecraft\libraries\commons-logging\commons-logging\1.1.3\commons-logging-1.1.3.jar;F:\载具包临时\test\[Client]BFMC-Client Update 2026-2-16\[Client]BFMC-Client Update 2026-2-16\.minecraft\libraries\org\apache\httpcomponents\httpcore\4.3.2\httpcore-4.3.2.jar;F:\载具包临时\test\[Client]BFMC-Client Update 2026-2-16\[Client]BFMC-Client Update 2026-2-16\.minecraft\libraries\java3d\vecmath\1.3.1\vecmath-1.3.1.jar;F:\载具包临时\test\[Client]BFMC-Client Update 2026-2-16\[Client]BFMC-Client Update 2026-2-16\.minecraft\libraries\net\sf\trove4j\trove4j\3.0.3\trove4j-3.0.3.jar;F:\载具包临时\test\[Client]BFMC-Client Update 2026-2-16\[Client]BFMC-Client Update 2026-2-16\.minecraft\libraries\com\ibm\icu\icu4j-core-mojang\51.2\icu4j-core-mojang-51.2.jar;F:\载具包临时\test\[Client]BFMC-Client Update 2026-2-16\[Client]BFMC-Client Update 2026-2-16\.minecraft\libraries\net\sf\jopt-simple\jopt-simple\4.5\jopt-simple-4.5.jar;F:\载具包临时\test\[Client]BFMC-Client Update 2026-2-16\[Client]BFMC-Client Update 2026-2-16\.minecraft\libraries\com\paulscode\codecjorbis\20101023\codecjorbis-20101023.jar;F:\载具包临时\test\[Client]BFMC-Client Update 2026-2-16\[Client]BFMC-Client Update 2026-2-16\.minecraft\libraries\com\paulscode\codecwav\20101023\codecwav-20101023.jar;F:\载具包临时\test\[Client]BFMC-Client Update 2026-2-16\[Client]BFMC-Client Update 2026-2-16\.minecraft\libraries\com\paulscode\libraryjavasound\20101123\libraryjavasound-20101123.jar;F:\载具包临时\test\[Client]BFMC-Client Update 2026-2-16\[Client]BFMC-Client Update 2026-2-16\.minecraft\libraries\com\paulscode\librarylwjglopenal\20100824\librarylwjglopenal-20100824.jar;F:\载具包临时\test\[Client]BFMC-Client Update 2026-2-16\[Client]BFMC-Client Update 2026-2-16\.minecraft\libraries\com\paulscode\soundsystem\20120107\soundsystem-20120107.jar;F:\载具包临时\test\[Client]BFMC-Client Update 2026-2-16\[Client]BFMC-Client Update 2026-2-16\.minecraft\libraries\io\netty\netty-all\4.0.10.Final\netty-all-4.0.10.Final.jar;F:\载具包临时\test\[Client]BFMC-Client Update 2026-2-16\[Client]BFMC-Client Update 2026-2-16\.minecraft\libraries\com\google\guava\guava\15.0\guava-15.0.jar;F:\载具包临时\test\[Client]BFMC-Client Update 2026-2-16\[Client]BFMC-Client Update 2026-2-16\.minecraft\libraries\org\apache\commons\commons-lang3\3.1\commons-lang3-3.1.jar;F:\载具包临时\test\[Client]BFMC-Client Update 2026-2-16\[Client]BFMC-Client Update 2026-2-16\.minecraft\libraries\commons-io\commons-io\2.4\commons-io-2.4.jar;F:\载具包临时\test\[Client]BFMC-Client Update 2026-2-16\[Client]BFMC-Client Update 2026-2-16\.minecraft\libraries\commons-codec\commons-codec\1.9\commons-codec-1.9.jar;F:\载具包临时\test\[Client]BFMC-Client Update 2026-2-16\[Client]BFMC-Client Update 2026-2-16\.minecraft\libraries\net\java\jinput\jinput\2.0.5\jinput-2.0.5.jar;F:\载具包临时\test\[Client]BFMC-Client Update 2026-2-16\[Client]BFMC-Client Update 2026-2-16\.minecraft\libraries\net\java\jutils\jutils\1.0.0\jutils-1.0.0.jar;F:\载具包临时\test\[Client]BFMC-Client Update 2026-2-16\[Client]BFMC-Client Update 2026-2-16\.minecraft\libraries\com\google\code\gson\gson\2.2.4\gson-2.2.4.jar;F:\载具包临时\test\[Client]BFMC-Client Update 2026-2-16\[Client]BFMC-Client Update 2026-2-16\.minecraft\libraries\com\mojang\authlib\1.5.21\authlib-1.5.21.jar;F:\载具包临时\test\[Client]BFMC-Client Update 2026-2-16\[Client]BFMC-Client Update 2026-2-16\.minecraft\libraries\org\apache\logging\log4j\log4j-api\2.0-beta9\log4j-api-2.0-beta9.jar;F:\载具包临时\test\[Client]BFMC-Client Update 2026-2-16\[Client]BFMC-Client Update 2026-2-16\.minecraft\libraries\org\apache\logging\log4j\log4j-core\2.0-beta9\log4j-core-2.0-beta9.jar;F:\载具包临时\test\[Client]BFMC-Client Update 2026-2-16\[Client]BFMC-Client Update 2026-2-16\.minecraft\libraries\org\lwjgl\lwjgl\lwjgl\2.9.1\lwjgl-2.9.1.jar;F:\载具包临时\test\[Client]BFMC-Client Update 2026-2-16\[Client]BFMC-Client Update 2026-2-16\.minecraft\libraries\org\lwjgl\lwjgl\lwjgl_util\2.9.1\lwjgl_util-2.9.1.jar;F:\载具包临时\test\[Client]BFMC-Client Update 2026-2-16\[Client]BFMC-Client Update 2026-2-16\.minecraft\libraries\org\lwjgl\lwjgl\lwjgl-platform\2.9.1\lwjgl-platform-2.9.1-natives-windows.jar;F:\载具包临时\test\[Client]BFMC-Client Update 2026-2-16\[Client]BFMC-Client Update 2026-2-16\.minecraft\libraries\net\java\jinput\jinput-platform\2.0.5\jinput-platform-2.0.5-natives-windows.jar;F:\载具包临时\test\[Client]BFMC-Client Update 2026-2-16\[Client]BFMC-Client Update 2026-2-16\.minecraft\libraries\tv\twitch\twitch\5.16\twitch-5.16.jar;F:\载具包临时\test\[Client]BFMC-Client Update 2026-2-16\[Client]BFMC-Client Update 2026-2-16\.minecraft\libraries\tv\twitch\twitch-platform\5.16\twitch-platform-5.16-natives-windows-64.jar;F:\载具包临时\test\[Client]BFMC-Client Update 2026-2-16\[Client]BFMC-Client Update 2026-2-16\.minecraft\libraries\tv\twitch\twitch-external-platform\4.5\twitch-external-platform-4.5-natives-windows-64.jar;F:\载具包临时\test\[Client]BFMC-Client Update 2026-2-16\[Client]BFMC-Client Update 2026-2-16\.minecraft\versions\1.7.10\1.7.10.jar
[15:25:40] [main/DEBUG] [FML/]: Java library path at launch is F:\载具包临时\test\[Client]BFMC-Client Update 2026-2-16\[Client]BFMC-Client Update 2026-2-16\.minecraft\native\BFMC
[15:25:40] [main/DEBUG] [FML/]: Enabling runtime deobfuscation
[15:25:40] [main/DEBUG] [FML/]: Instantiating coremod class FMLCorePlugin
[15:25:40] [main/DEBUG] [FML/]: Added access transformer class cpw.mods.fml.common.asm.transformers.AccessTransformer to enqueued access transformers
[15:25:40] [main/DEBUG] [FML/]: Enqueued coremod FMLCorePlugin
[15:25:40] [main/DEBUG] [FML/]: Instantiating coremod class FMLForgePlugin
[15:25:40] [main/DEBUG] [FML/]: Added access transformer class net.minecraftforge.transformers.ForgeAccessTransformer to enqueued access transformers
[15:25:40] [main/DEBUG] [FML/]: Enqueued coremod FMLForgePlugin
[15:25:40] [main/DEBUG] [FML/]: All fundamental core mods are successfully located
[15:25:40] [main/DEBUG] [FML/]: Attempting to load commandline specified mods, relative to F:\载具包临时\test\[Client]BFMC-Client Update 2026-2-16\[Client]BFMC-Client Update 2026-2-16\.minecraft
[15:25:40] [main/DEBUG] [FML/]: Discovering coremods
[15:25:40] [main/DEBUG] [FML/]: Examining for coremod candidacy !+unimixins-all-1.7.10-0.1.23.jar
[15:25:40] [main/INFO] [FML/]: Loading tweaker org.spongepowered.asm.launch.MixinTweaker from !+unimixins-all-1.7.10-0.1.23.jar
[15:25:40] [main/DEBUG] [FML/]: Examining for coremod candidacy [创世神] worldedit-forge-mc1.7.10-6.1.1-dist.jar
[15:25:40] [main/DEBUG] [FML/]: Not found coremod data in [创世神] worldedit-forge-mc1.7.10-6.1.1-dist.jar
[15:25:40] [main/DEBUG] [FML/]: Examining for coremod candidacy Angelica-1.0.0-beta54.jar
[15:25:40] [main/INFO] [FML/]: Loading tweaker org.spongepowered.asm.launch.MixinTweaker from Angelica-1.0.0-beta54.jar
[15:25:40] [main/DEBUG] [FML/]: Examining for coremod candidacy ArchitectureCraft-1.7.2-mc1.7.10.jar
[15:25:40] [main/DEBUG] [FML/]: Not found coremod data in ArchitectureCraft-1.7.2-mc1.7.10.jar
[15:25:40] [main/DEBUG] [FML/]: Examining for coremod candidacy CoreTweaks-1.7.10-0.3.3.2.jar
[15:25:40] [main/INFO] [FML/]: Loading tweaker org.spongepowered.asm.launch.MixinTweaker from CoreTweaks-1.7.10-0.3.3.2.jar
[15:25:40] [main/DEBUG] [FML/]: Examining for coremod candidacy CustomMainMenu.jar
[15:25:40] [main/DEBUG] [FML/]: Not found coremod data in CustomMainMenu.jar
[15:25:40] [main/DEBUG] [FML/]: Examining for coremod candidacy DamageMarkMod-1.7.10-2.3-BFMC.jar
[15:25:40] [main/DEBUG] [FML/]: Not found coremod data in DamageMarkMod-1.7.10-2.3-BFMC.jar
[15:25:40] [main/DEBUG] [FML/]: Examining for coremod candidacy EntityRenderDistanceExtender-1.0c.jar
[15:25:40] [main/TRACE] [FML/]: Found FMLCorePluginContainsFMLMod marker in EntityRenderDistanceExtender-1.0c.jar, it will be examined later for regular @Mod instances
[15:25:40] [main/DEBUG] [FML/]: Instantiating coremod class MysteriumPatchesFixLoaderZ
[15:25:40] [main/WARN] [FML/]: The coremod net.tclproject.mysteriumlib.asm.fixes.MysteriumPatchesFixLoaderZ does not have a MCVersion annotation, it may cause issues with this version of Minecraft
[15:25:40] [main/DEBUG] [FML/]: Enqueued coremod MysteriumPatchesFixLoaderZ
[15:25:40] [main/DEBUG] [FML/]: Examining for coremod candidacy Flan's Mod Ultimate-1.58-Reforged.jar
[15:25:40] [main/DEBUG] [FML/]: Not found coremod data in Flan's Mod Ultimate-1.58-Reforged.jar
[15:25:40] [main/DEBUG] [FML/]: Examining for coremod candidacy GTNH-Lib-0.6.39.jar
[15:25:40] [main/INFO] [FML/]: Loading tweaker org.spongepowered.asm.launch.MixinTweaker from GTNH-Lib-0.6.39.jar
[15:25:40] [main/DEBUG] [FML/]: Examining for coremod candidacy HBM-NTM-[1.0.27_X5649].jar
[15:25:40] [main/DEBUG] [FML/]: Not found coremod data in HBM-NTM-[1.0.27_X5649].jar
[15:25:40] [main/DEBUG] [FML/]: Examining for coremod candidacy Hide+Names-1.7.10-1.1.8.jar
[15:25:40] [main/DEBUG] [FML/]: Not found coremod data in Hide+Names-1.7.10-1.1.8.jar
[15:25:40] [main/DEBUG] [FML/]: Examining for coremod candidacy InputFix-1.7.10-v6.jar
[15:25:40] [main/TRACE] [FML/]: Adding InputFix-1.7.10-v6.jar to the list of known coremods, it will not be examined again
[15:25:40] [main/DEBUG] [FML/]: Instantiating coremod class InputFix
[15:25:40] [main/TRACE] [FML/]: coremod named InputFix is loading
[15:25:40] [main/DEBUG] [FML/]: The coremod lain.mods.inputfix.InputFix requested minecraft version 1.7.10 and minecraft is 1.7.10. It will be loaded.
[15:25:40] [main/DEBUG] [FML/]: Enqueued coremod InputFix
[15:25:40] [main/DEBUG] [FML/]: Examining for coremod candidacy mchr-mixin.jar
[15:25:40] [main/INFO] [FML/]: Loading tweaker org.spongepowered.asm.launch.MixinTweaker from mchr-mixin.jar
[15:25:40] [main/DEBUG] [FML/]: Examining for coremod candidacy QEMenu.jar
[15:25:40] [main/DEBUG] [FML/]: Not found coremod data in QEMenu.jar
[15:25:40] [main/DEBUG] [FML/]: Examining for coremod candidacy SignPicture-1.7.10-2.8.0-universal.jar
[15:25:40] [main/TRACE] [FML/]: Found FMLCorePluginContainsFMLMod marker in SignPicture-1.7.10-2.8.0-universal.jar, it will be examined later for regular @Mod instances
[15:25:40] [main/DEBUG] [FML/]: Instantiating coremod class SignPictureCorePlugin
[15:25:40] [main/WARN] [FML/]: The coremod com.kamesuta.mc.signpic.asm.SignPictureCorePlugin does not have a MCVersion annotation, it may cause issues with this version of Minecraft
[15:25:40] [main/DEBUG] [FML/]: Enqueued coremod SignPictureCorePlugin
[15:25:40] [main/DEBUG] [FML/]: Examining for coremod candidacy StepUp-1.0.1-mc1.7.10.jar
[15:25:40] [main/DEBUG] [FML/]: Not found coremod data in StepUp-1.0.1-mc1.7.10.jar
[15:25:40] [main/DEBUG] [FML/]: Examining for coremod candidacy UnicodeFontExtension.jar
[15:25:40] [main/TRACE] [FML/]: Found FMLCorePluginContainsFMLMod marker in UnicodeFontExtension.jar, it will be examined later for regular @Mod instances
[15:25:40] [main/DEBUG] [FML/]: Instantiating coremod class CorePlugin
[15:25:40] [main/WARN] [FML/]: The coremod bre.ufex.asm.CorePlugin does not have a MCVersion annotation, it may cause issues with this version of Minecraft
[15:25:40] [main/DEBUG] [FML/]: Enqueued coremod CorePlugin
[15:25:40] [main/DEBUG] [FML/]: Examining for coremod candidacy UraniumPlus.jar
[15:25:40] [main/TRACE] [FML/]: Adding UraniumPlus.jar to the list of known coremods, it will not be examined again
[15:25:40] [main/DEBUG] [FML/]: Instantiating coremod class UraniumPlusCore
[15:25:40] [main/TRACE] [FML/]: coremod named UraniumPlus is loading
[15:25:40] [main/DEBUG] [FML/]: The coremod cc.uraniummc.UraniumPlusCore requested minecraft version 1.7.10 and minecraft is 1.7.10. It will be loaded.
[15:25:40] [main/DEBUG] [FML/]: Enqueued coremod UraniumPlus
[15:25:40] [main/DEBUG] [FML/]: Examining for coremod candidacy Vexview.jar
[15:25:40] [main/DEBUG] [FML/]: Not found coremod data in Vexview.jar
[15:25:40] [main/DEBUG] [FML/]: Examining for coremod candidacy Xaeros_Minimap_21.10.44_Forge_1.7.10.jar
[15:25:40] [main/TRACE] [FML/]: Found FMLCorePluginContainsFMLMod marker in Xaeros_Minimap_21.10.44_Forge_1.7.10.jar, it will be examined later for regular @Mod instances
[15:25:40] [main/DEBUG] [FML/]: Instantiating coremod class XaeroMinimapPlugin
[15:25:40] [main/DEBUG] [FML/]: The coremod xaero.common.core.XaeroMinimapPlugin requested minecraft version 1.7.10 and minecraft is 1.7.10. It will be loaded.
[15:25:40] [main/DEBUG] [FML/]: Enqueued coremod XaeroMinimapPlugin
[15:25:40] [main/DEBUG] [FML/]: Examining for coremod candidacy XaerosWorldMap_1.14.1.33_Forge_1.7.10.jar
[15:25:40] [main/TRACE] [FML/]: Found FMLCorePluginContainsFMLMod marker in XaerosWorldMap_1.14.1.33_Forge_1.7.10.jar, it will be examined later for regular @Mod instances
[15:25:40] [main/DEBUG] [FML/]: Instantiating coremod class XaeroWorldMapPlugin
[15:25:40] [main/DEBUG] [FML/]: The coremod xaero.map.core.XaeroWorldMapPlugin requested minecraft version 1.7.10 and minecraft is 1.7.10. It will be loaded.
[15:25:40] [main/DEBUG] [FML/]: Enqueued coremod XaeroWorldMapPlugin
[15:25:40] [main/INFO] [LaunchWrapper/]: Loading tweak class name cpw.mods.fml.common.launcher.FMLInjectionAndSortingTweaker
[15:25:40] [main/INFO] [LaunchWrapper/]: Loading tweak class name org.spongepowered.asm.launch.MixinTweaker
[15:25:40] [main/DEBUG] [mixin/]: MixinService [LaunchWrapper] was successfully booted in sun.misc.Launcher$AppClassLoader@55f96302
[15:25:40] [main/INFO] [mixin/]: SpongePowered MIXIN Subsystem Version=0.8.7 Source=file:/F:/载具包临时/test/%5BClient%5DBFMC-Client%20Update%202026-2-16/%5BClient%5DBFMC-Client%20Update%202026-2-16/.minecraft/mods/!+unimixins-all-1.7.10-0.1.23.jar Service=LaunchWrapper Env=CLIENT
[15:25:40] [main/DEBUG] [mixin/]: Adding new mixin transformer proxy #1
[15:25:40] [main/DEBUG] [mixin/]: Initialising Mixin Platform Manager
[15:25:40] [main/DEBUG] [mixin/]: Adding mixin platform agents for container ContainerHandleURI(file:/F:/载具包临时/test/%5BClient%5DBFMC-Client%20Update%202026-2-16/%5BClient%5DBFMC-Client%20Update%202026-2-16/.minecraft/mods/!+unimixins-all-1.7.10-0.1.23.jar)
[15:25:40] [main/DEBUG] [mixin/]: Instancing new MixinPlatformAgentFMLLegacy for ContainerHandleURI(file:/F:/载具包临时/test/%5BClient%5DBFMC-Client%20Update%202026-2-16/%5BClient%5DBFMC-Client%20Update%202026-2-16/.minecraft/mods/!+unimixins-all-1.7.10-0.1.23.jar)
[15:25:40] [main/DEBUG] [mixin/]: ForceLoadAsMod was specified for !+unimixins-all-1.7.10-0.1.23.jar, attempting force-load
[15:25:40] [main/DEBUG] [mixin/]: Adding !+unimixins-all-1.7.10-0.1.23.jar to reparseable coremod collection
[15:25:40] [main/DEBUG] [mixin/]: !+unimixins-all-1.7.10-0.1.23.jar has core plugin io.github.legacymoddingmc.unimixins.all.AllCore. Injecting it into FML for co-initialisation:
[15:25:40] [main/DEBUG] [FML/]: Instantiating coremod class AllCore
[15:25:40] [main/DEBUG] [mixin/]: Preparing mixins for MixinEnvironment[PREINIT]
[15:25:40] [main/DEBUG] [unimixins/]: Name of jar containing MixinCore: !+unimixins-all-1.7.10-0.1.23.jar
[15:25:40] [main/DEBUG] [unimixins/]: Name of jar containing MixinTweaker: !+unimixins-all-1.7.10-0.1.23.jar
[15:25:40] [main/INFO] [MixinBooter/]: MixinBootstrap Initializing...
[15:25:40] [main/DEBUG] [mixin/]: Registering new injector for @Inject with org.spongepowered.asm.mixin.injection.struct.CallbackInjectionInfo
[15:25:40] [main/DEBUG] [mixin/]: Registering new injector for @ModifyArg with org.spongepowered.asm.mixin.injection.struct.ModifyArgInjectionInfo
[15:25:40] [main/DEBUG] [mixin/]: Registering new injector for @ModifyArgs with org.spongepowered.asm.mixin.injection.struct.ModifyArgsInjectionInfo
[15:25:40] [main/DEBUG] [mixin/]: Registering new injector for @Redirect with org.spongepowered.asm.mixin.injection.struct.RedirectInjectionInfo
[15:25:40] [main/DEBUG] [mixin/]: Registering new injector for @ModifyVariable with org.spongepowered.asm.mixin.injection.struct.ModifyVariableInjectionInfo
[15:25:40] [main/DEBUG] [mixin/]: Registering new injector for @ModifyConstant with org.spongepowered.asm.mixin.injection.struct.ModifyConstantInjectionInfo
[15:25:40] [main/DEBUG] [mixin/]: Registering new injector for @ModifyExpressionValue with io.github.tox1cozz.mixinextras.injector.ModifyExpressionValueInjectionInfo
[15:25:40] [main/DEBUG] [mixin/]: Registering new injector for @ModifyReceiver with io.github.tox1cozz.mixinextras.injector.ModifyReceiverInjectionInfo
[15:25:40] [main/DEBUG] [mixin/]: Registering new injector for @ModifyReturnValue with io.github.tox1cozz.mixinextras.injector.ModifyReturnValueInjectionInfo
[15:25:40] [main/DEBUG] [mixin/]: Registering new injector for @WrapWithCondition with io.github.tox1cozz.mixinextras.injector.WrapWithConditionInjectionInfo
[15:25:40] [main/INFO] [mixin/]: Compatibility level set to JAVA_8
[15:25:40] [main/DEBUG] [mixin/]: Checking for additional mixins for MixinEnvironment[PREINIT]
[15:25:40] [main/DEBUG] [mixin/]: Selecting config mixin.mixinbooterlegacy.json
[15:25:40] [main/DEBUG] [mixin/]: Preparing mixin.mixinbooterlegacy.json (1)
[15:25:40] [main/DEBUG] [org.spongepowered.asm.service.mojang.MixinServiceLaunchWrapper/]: Rebuilding transformer delegation list:
[15:25:40] [main/DEBUG] [org.spongepowered.asm.service.mojang.MixinServiceLaunchWrapper/]:   Adding:    cpw.mods.fml.common.asm.transformers.PatchingTransformer
[15:25:40] [main/DEBUG] [org.spongepowered.asm.service.mojang.MixinServiceLaunchWrapper/]:   Excluding: org.spongepowered.asm.mixin.transformer.Proxy
[15:25:40] [main/DEBUG] [org.spongepowered.asm.service.mojang.MixinServiceLaunchWrapper/]: Transformer delegation list created with 1 entries
[15:25:40] [main/TRACE] [mixin/]: Added class metadata for cpw/mods/fml/common/LoadController to metadata cache
[15:25:40] [main/TRACE] [mixin/]: Added class metadata for cpw/mods/fml/common/discovery/ASMDataTable$ASMData to metadata cache
[15:25:40] [main/TRACE] [mixin/]: Added class metadata for java/lang/invoke/MethodHandles$Lookup to metadata cache
[15:25:40] [main/INFO] [GasStation Core Plugin/]: Initializing GasStationCore
[15:25:40] [main/DEBUG] [GTNHMixins/]: Initializing GTNHMixins Core
[15:25:40] [main/DEBUG] [unimixins-gtnhmixins/]: Initializing MixinExtras
[15:25:40] [main/TRACE] [unimixins-gtnhmixins/]: Generating class com.gtnewhorizon.mixinextras.MixinExtrasBootstrap
[15:25:40] [main/TRACE] [unimixins-gtnhmixins/]: Generating class com.gtnewhorizon.mixinextras.injector.ModifyExpressionValueInjectionInfo
[15:25:40] [main/TRACE] [unimixins-gtnhmixins/]: Generating class com.gtnewhorizon.mixinextras.injector.ModifyExpressionValue
[15:25:40] [main/TRACE] [unimixins-gtnhmixins/]: Generating class com.gtnewhorizon.mixinextras.injector.ModifyExpressionValueInjector
[15:25:40] [main/DEBUG] [mixin/]: Registering new injector for @ModifyExpressionValue with com.gtnewhorizon.mixinextras.injector.ModifyExpressionValueInjectionInfo
[15:25:40] [main/TRACE] [unimixins-gtnhmixins/]: Generating class com.gtnewhorizon.mixinextras.injector.ModifyReceiverInjectionInfo
[15:25:40] [main/TRACE] [unimixins-gtnhmixins/]: Generating class com.gtnewhorizon.mixinextras.injector.ModifyReceiver
[15:25:40] [main/TRACE] [unimixins-gtnhmixins/]: Generating class com.gtnewhorizon.mixinextras.injector.ModifyReceiverInjector
[15:25:40] [main/DEBUG] [mixin/]: Registering new injector for @ModifyReceiver with com.gtnewhorizon.mixinextras.injector.ModifyReceiverInjectionInfo
[15:25:40] [main/TRACE] [unimixins-gtnhmixins/]: Generating class com.gtnewhorizon.mixinextras.injector.ModifyReturnValueInjectionInfo
[15:25:40] [main/TRACE] [unimixins-gtnhmixins/]: Generating class com.gtnewhorizon.mixinextras.injector.ModifyReturnValue
[15:25:40] [main/TRACE] [unimixins-gtnhmixins/]: Generating class com.gtnewhorizon.mixinextras.injector.ModifyReturnValueInjector
[15:25:40] [main/DEBUG] [mixin/]: Registering new injector for @ModifyReturnValue with com.gtnewhorizon.mixinextras.injector.ModifyReturnValueInjectionInfo
[15:25:40] [main/TRACE] [unimixins-gtnhmixins/]: Generating class com.gtnewhorizon.mixinextras.injector.wrapoperation.WrapOperationInjectionInfo
[15:25:40] [main/TRACE] [unimixins-gtnhmixins/]: Generating class com.gtnewhorizon.mixinextras.injector.wrapoperation.WrapOperation
[15:25:40] [main/TRACE] [unimixins-gtnhmixins/]: Generating class com.gtnewhorizon.mixinextras.injector.wrapoperation.WrapOperationInjector
[15:25:40] [main/DEBUG] [mixin/]: Registering new injector for @WrapOperation with com.gtnewhorizon.mixinextras.injector.wrapoperation.WrapOperationInjectionInfo
[15:25:40] [main/TRACE] [unimixins-gtnhmixins/]: Generating class com.gtnewhorizon.mixinextras.injector.WrapWithConditionInjectionInfo
[15:25:40] [main/TRACE] [unimixins-gtnhmixins/]: Generating class com.gtnewhorizon.mixinextras.injector.WrapWithCondition
[15:25:40] [main/TRACE] [unimixins-gtnhmixins/]: Generating class com.gtnewhorizon.mixinextras.injector.WrapWithConditionInjector
[15:25:40] [main/DEBUG] [mixin/]: Registering new injector for @WrapWithCondition with com.gtnewhorizon.mixinextras.injector.WrapWithConditionInjectionInfo
[15:25:40] [main/TRACE] [unimixins-gtnhmixins/]: Generating class com.gtnewhorizon.mixinextras.injector.wrapoperation.WrapOperationApplicatorExtension
[15:25:40] [main/DEBUG] [FML/]: The coremod io.github.legacymoddingmc.unimixins.all.AllCore requested minecraft version 1.7.10 and minecraft is 1.7.10. It will be loaded.
[15:25:40] [main/INFO] [unimixins/]: Instantiating AllCore
[15:25:40] [main/INFO] [unimixins/]: Instantiating CompatCore
[15:25:40] [main/INFO] [unimixins-mixinextras/]: Instantiating MixinExtrasCore
[15:25:40] [main/DEBUG] [unimixins/]: Resolved real package prefix to: org/spongepowered/asm/lib/
[15:25:40] [main/DEBUG] [MixinExtras|Service/]: com.llamalad7.mixinextras.service.MixinExtrasServiceImpl(version=0.5.0) is taking over from null
[15:25:40] [main/DEBUG] [FML/]: Added access transformer class io.github.legacymoddingmc.unimixins.all.AllCore$CombinedAccessTransformer to enqueued access transformers
[15:25:40] [main/DEBUG] [FML/]: Enqueued coremod AllCore
[15:25:40] [main/DEBUG] [mixin/]: MixinPlatformAgentFMLLegacy accepted container ContainerHandleURI(file:/F:/载具包临时/test/%5BClient%5DBFMC-Client%20Update%202026-2-16/%5BClient%5DBFMC-Client%20Update%202026-2-16/.minecraft/mods/!+unimixins-all-1.7.10-0.1.23.jar)
[15:25:40] [main/DEBUG] [mixin/]: Instancing new MixinPlatformAgentLiteLoaderLegacy for ContainerHandleURI(file:/F:/载具包临时/test/%5BClient%5DBFMC-Client%20Update%202026-2-16/%5BClient%5DBFMC-Client%20Update%202026-2-16/.minecraft/mods/!+unimixins-all-1.7.10-0.1.23.jar)
[15:25:40] [main/DEBUG] [mixin/]: MixinPlatformAgentLiteLoaderLegacy rejected container ContainerHandleURI(file:/F:/载具包临时/test/%5BClient%5DBFMC-Client%20Update%202026-2-16/%5BClient%5DBFMC-Client%20Update%202026-2-16/.minecraft/mods/!+unimixins-all-1.7.10-0.1.23.jar)
[15:25:40] [main/DEBUG] [mixin/]: Instancing new MixinPlatformAgentDefault for ContainerHandleURI(file:/F:/载具包临时/test/%5BClient%5DBFMC-Client%20Update%202026-2-16/%5BClient%5DBFMC-Client%20Update%202026-2-16/.minecraft/mods/!+unimixins-all-1.7.10-0.1.23.jar)
[15:25:40] [main/DEBUG] [mixin/]: MixinPlatformAgentDefault accepted container ContainerHandleURI(file:/F:/载具包临时/test/%5BClient%5DBFMC-Client%20Update%202026-2-16/%5BClient%5DBFMC-Client%20Update%202026-2-16/.minecraft/mods/!+unimixins-all-1.7.10-0.1.23.jar)
[15:25:40] [main/DEBUG] [org.spongepowered.asm.service.mojang.MixinServiceLaunchWrapper/]: Scanning file:/F:/%e8%bd%bd%e5%85%b7%e5%8c%85%e4%b8%b4%e6%97%b6/test/%5bClient%5dBFMC-Client%20Update%202026-2-16/%5bClient%5dBFMC-Client%20Update%202026-2-16/.minecraft/libraries/net/minecraftforge/forge/1.7.10-10.13.4.1614-1.7.10/forge-1.7.10-10.13.4.1614-1.7.10.jar for mixin tweaker
[15:25:40] [main/DEBUG] [org.spongepowered.asm.service.mojang.MixinServiceLaunchWrapper/]: Scanning file:/F:/%e8%bd%bd%e5%85%b7%e5%8c%85%e4%b8%b4%e6%97%b6/test/%5bClient%5dBFMC-Client%20Update%202026-2-16/%5bClient%5dBFMC-Client%20Update%202026-2-16/.minecraft/libraries/net/minecraft/launchwrapper/1.12/launchwrapper-1.12.jar for mixin tweaker
[15:25:40] [main/DEBUG] [org.spongepowered.asm.service.mojang.MixinServiceLaunchWrapper/]: Scanning file:/F:/%e8%bd%bd%e5%85%b7%e5%8c%85%e4%b8%b4%e6%97%b6/test/%5bClient%5dBFMC-Client%20Update%202026-2-16/%5bClient%5dBFMC-Client%20Update%202026-2-16/.minecraft/libraries/org/ow2/asm/asm-all/5.0.3/asm-all-5.0.3.jar for mixin tweaker
[15:25:40] [main/DEBUG] [org.spongepowered.asm.service.mojang.MixinServiceLaunchWrapper/]: Scanning file:/F:/%e8%bd%bd%e5%85%b7%e5%8c%85%e4%b8%b4%e6%97%b6/test/%5bClient%5dBFMC-Client%20Update%202026-2-16/%5bClient%5dBFMC-Client%20Update%202026-2-16/.minecraft/libraries/com/typesafe/akka/akka-actor_2.11/2.3.3/akka-actor_2.11-2.3.3.jar for mixin tweaker
[15:25:40] [main/DEBUG] [org.spongepowered.asm.service.mojang.MixinServiceLaunchWrapper/]: Scanning file:/F:/%e8%bd%bd%e5%85%b7%e5%8c%85%e4%b8%b4%e6%97%b6/test/%5bClient%5dBFMC-Client%20Update%202026-2-16/%5bClient%5dBFMC-Client%20Update%202026-2-16/.minecraft/libraries/com/typesafe/config/1.2.1/config-1.2.1.jar for mixin tweaker
[15:25:40] [main/DEBUG] [org.spongepowered.asm.service.mojang.MixinServiceLaunchWrapper/]: Scanning file:/F:/%e8%bd%bd%e5%85%b7%e5%8c%85%e4%b8%b4%e6%97%b6/test/%5bClient%5dBFMC-Client%20Update%202026-2-16/%5bClient%5dBFMC-Client%20Update%202026-2-16/.minecraft/libraries/org/scala-lang/scala-actors-migration_2.11/1.1.0/scala-actors-migration_2.11-1.1.0.jar for mixin tweaker
[15:25:40] [main/DEBUG] [org.spongepowered.asm.service.mojang.MixinServiceLaunchWrapper/]: Scanning file:/F:/%e8%bd%bd%e5%85%b7%e5%8c%85%e4%b8%b4%e6%97%b6/test/%5bClient%5dBFMC-Client%20Update%202026-2-16/%5bClient%5dBFMC-Client%20Update%202026-2-16/.minecraft/libraries/org/scala-lang/scala-compiler/2.11.1/scala-compiler-2.11.1.jar for mixin tweaker
[15:25:40] [main/DEBUG] [org.spongepowered.asm.service.mojang.MixinServiceLaunchWrapper/]: Scanning file:/F:/%e8%bd%bd%e5%85%b7%e5%8c%85%e4%b8%b4%e6%97%b6/test/%5bClient%5dBFMC-Client%20Update%202026-2-16/%5bClient%5dBFMC-Client%20Update%202026-2-16/.minecraft/libraries/org/scala-lang/plugins/scala-continuations-library_2.11/1.0.2/scala-continuations-library_2.11-1.0.2.jar for mixin tweaker
[15:25:40] [main/DEBUG] [org.spongepowered.asm.service.mojang.MixinServiceLaunchWrapper/]: Scanning file:/F:/%e8%bd%bd%e5%85%b7%e5%8c%85%e4%b8%b4%e6%97%b6/test/%5bClient%5dBFMC-Client%20Update%202026-2-16/%5bClient%5dBFMC-Client%20Update%202026-2-16/.minecraft/libraries/org/scala-lang/plugins/scala-continuations-plugin_2.11.1/1.0.2/scala-continuations-plugin_2.11.1-1.0.2.jar for mixin tweaker
[15:25:40] [main/DEBUG] [org.spongepowered.asm.service.mojang.MixinServiceLaunchWrapper/]: Scanning file:/F:/%e8%bd%bd%e5%85%b7%e5%8c%85%e4%b8%b4%e6%97%b6/test/%5bClient%5dBFMC-Client%20Update%202026-2-16/%5bClient%5dBFMC-Client%20Update%202026-2-16/.minecraft/libraries/org/scala-lang/scala-library/2.11.1/scala-library-2.11.1.jar for mixin tweaker
[15:25:40] [main/DEBUG] [org.spongepowered.asm.service.mojang.MixinServiceLaunchWrapper/]: Scanning file:/F:/%e8%bd%bd%e5%85%b7%e5%8c%85%e4%b8%b4%e6%97%b6/test/%5bClient%5dBFMC-Client%20Update%202026-2-16/%5bClient%5dBFMC-Client%20Update%202026-2-16/.minecraft/libraries/org/scala-lang/scala-parser-combinators_2.11/1.0.1/scala-parser-combinators_2.11-1.0.1.jar for mixin tweaker
[15:25:40] [main/DEBUG] [org.spongepowered.asm.service.mojang.MixinServiceLaunchWrapper/]: Scanning file:/F:/%e8%bd%bd%e5%85%b7%e5%8c%85%e4%b8%b4%e6%97%b6/test/%5bClient%5dBFMC-Client%20Update%202026-2-16/%5bClient%5dBFMC-Client%20Update%202026-2-16/.minecraft/libraries/org/scala-lang/scala-reflect/2.11.1/scala-reflect-2.11.1.jar for mixin tweaker
[15:25:40] [main/DEBUG] [org.spongepowered.asm.service.mojang.MixinServiceLaunchWrapper/]: Scanning file:/F:/%e8%bd%bd%e5%85%b7%e5%8c%85%e4%b8%b4%e6%97%b6/test/%5bClient%5dBFMC-Client%20Update%202026-2-16/%5bClient%5dBFMC-Client%20Update%202026-2-16/.minecraft/libraries/org/scala-lang/scala-swing_2.11/1.0.1/scala-swing_2.11-1.0.1.jar for mixin tweaker
[15:25:40] [main/DEBUG] [org.spongepowered.asm.service.mojang.MixinServiceLaunchWrapper/]: Scanning file:/F:/%e8%bd%bd%e5%85%b7%e5%8c%85%e4%b8%b4%e6%97%b6/test/%5bClient%5dBFMC-Client%20Update%202026-2-16/%5bClient%5dBFMC-Client%20Update%202026-2-16/.minecraft/libraries/org/scala-lang/scala-xml_2.11/1.0.2/scala-xml_2.11-1.0.2.jar for mixin tweaker
[15:25:40] [main/DEBUG] [org.spongepowered.asm.service.mojang.MixinServiceLaunchWrapper/]: Scanning file:/F:/%e8%bd%bd%e5%85%b7%e5%8c%85%e4%b8%b4%e6%97%b6/test/%5bClient%5dBFMC-Client%20Update%202026-2-16/%5bClient%5dBFMC-Client%20Update%202026-2-16/.minecraft/libraries/lzma/lzma/0.0.1/lzma-0.0.1.jar for mixin tweaker
[15:25:40] [main/DEBUG] [org.spongepowered.asm.service.mojang.MixinServiceLaunchWrapper/]: Scanning file:/F:/%e8%bd%bd%e5%85%b7%e5%8c%85%e4%b8%b4%e6%97%b6/test/%5bClient%5dBFMC-Client%20Update%202026-2-16/%5bClient%5dBFMC-Client%20Update%202026-2-16/.minecraft/libraries/net/sf/jopt-simple/jopt-simple/4.5/jopt-simple-4.5.jar for mixin tweaker
[15:25:40] [main/DEBUG] [org.spongepowered.asm.service.mojang.MixinServiceLaunchWrapper/]: Scanning file:/F:/%e8%bd%bd%e5%85%b7%e5%8c%85%e4%b8%b4%e6%97%b6/test/%5bClient%5dBFMC-Client%20Update%202026-2-16/%5bClient%5dBFMC-Client%20Update%202026-2-16/.minecraft/libraries/com/google/guava/guava/17.0/guava-17.0.jar for mixin tweaker
[15:25:40] [main/DEBUG] [org.spongepowered.asm.service.mojang.MixinServiceLaunchWrapper/]: Scanning file:/F:/%e8%bd%bd%e5%85%b7%e5%8c%85%e4%b8%b4%e6%97%b6/test/%5bClient%5dBFMC-Client%20Update%202026-2-16/%5bClient%5dBFMC-Client%20Update%202026-2-16/.minecraft/libraries/org/apache/commons/commons-lang3/3.3.2/commons-lang3-3.3.2.jar for mixin tweaker
[15:25:40] [main/DEBUG] [org.spongepowered.asm.service.mojang.MixinServiceLaunchWrapper/]: Scanning file:/F:/%e8%bd%bd%e5%85%b7%e5%8c%85%e4%b8%b4%e6%97%b6/test/%5bClient%5dBFMC-Client%20Update%202026-2-16/%5bClient%5dBFMC-Client%20Update%202026-2-16/.minecraft/libraries/com/mojang/netty/1.6/netty-1.6.jar for mixin tweaker
[15:25:40] [main/DEBUG] [org.spongepowered.asm.service.mojang.MixinServiceLaunchWrapper/]: Scanning file:/F:/%e8%bd%bd%e5%85%b7%e5%8c%85%e4%b8%b4%e6%97%b6/test/%5bClient%5dBFMC-Client%20Update%202026-2-16/%5bClient%5dBFMC-Client%20Update%202026-2-16/.minecraft/libraries/com/mojang/realms/1.3.5/realms-1.3.5.jar for mixin tweaker
[15:25:40] [main/DEBUG] [org.spongepowered.asm.service.mojang.MixinServiceLaunchWrapper/]: Scanning file:/F:/%e8%bd%bd%e5%85%b7%e5%8c%85%e4%b8%b4%e6%97%b6/test/%5bClient%5dBFMC-Client%20Update%202026-2-16/%5bClient%5dBFMC-Client%20Update%202026-2-16/.minecraft/libraries/org/apache/commons/commons-compress/1.8.1/commons-compress-1.8.1.jar for mixin tweaker
[15:25:40] [main/DEBUG] [org.spongepowered.asm.service.mojang.MixinServiceLaunchWrapper/]: Scanning file:/F:/%e8%bd%bd%e5%85%b7%e5%8c%85%e4%b8%b4%e6%97%b6/test/%5bClient%5dBFMC-Client%20Update%202026-2-16/%5bClient%5dBFMC-Client%20Update%202026-2-16/.minecraft/libraries/org/apache/httpcomponents/httpclient/4.3.3/httpclient-4.3.3.jar for mixin tweaker
[15:25:40] [main/DEBUG] [org.spongepowered.asm.service.mojang.MixinServiceLaunchWrapper/]: Scanning file:/F:/%e8%bd%bd%e5%85%b7%e5%8c%85%e4%b8%b4%e6%97%b6/test/%5bClient%5dBFMC-Client%20Update%202026-2-16/%5bClient%5dBFMC-Client%20Update%202026-2-16/.minecraft/libraries/commons-logging/commons-logging/1.1.3/commons-logging-1.1.3.jar for mixin tweaker
[15:25:40] [main/DEBUG] [org.spongepowered.asm.service.mojang.MixinServiceLaunchWrapper/]: Scanning file:/F:/%e8%bd%bd%e5%85%b7%e5%8c%85%e4%b8%b4%e6%97%b6/test/%5bClient%5dBFMC-Client%20Update%202026-2-16/%5bClient%5dBFMC-Client%20Update%202026-2-16/.minecraft/libraries/org/apache/httpcomponents/httpcore/4.3.2/httpcore-4.3.2.jar for mixin tweaker
[15:25:40] [main/DEBUG] [org.spongepowered.asm.service.mojang.MixinServiceLaunchWrapper/]: Scanning file:/F:/%e8%bd%bd%e5%85%b7%e5%8c%85%e4%b8%b4%e6%97%b6/test/%5bClient%5dBFMC-Client%20Update%202026-2-16/%5bClient%5dBFMC-Client%20Update%202026-2-16/.minecraft/libraries/java3d/vecmath/1.3.1/vecmath-1.3.1.jar for mixin tweaker
[15:25:40] [main/DEBUG] [org.spongepowered.asm.service.mojang.MixinServiceLaunchWrapper/]: Scanning file:/F:/%e8%bd%bd%e5%85%b7%e5%8c%85%e4%b8%b4%e6%97%b6/test/%5bClient%5dBFMC-Client%20Update%202026-2-16/%5bClient%5dBFMC-Client%20Update%202026-2-16/.minecraft/libraries/net/sf/trove4j/trove4j/3.0.3/trove4j-3.0.3.jar for mixin tweaker
[15:25:40] [main/DEBUG] [org.spongepowered.asm.service.mojang.MixinServiceLaunchWrapper/]: Scanning file:/F:/%e8%bd%bd%e5%85%b7%e5%8c%85%e4%b8%b4%e6%97%b6/test/%5bClient%5dBFMC-Client%20Update%202026-2-16/%5bClient%5dBFMC-Client%20Update%202026-2-16/.minecraft/libraries/com/ibm/icu/icu4j-core-mojang/51.2/icu4j-core-mojang-51.2.jar for mixin tweaker
[15:25:40] [main/DEBUG] [org.spongepowered.asm.service.mojang.MixinServiceLaunchWrapper/]: Scanning file:/F:/%e8%bd%bd%e5%85%b7%e5%8c%85%e4%b8%b4%e6%97%b6/test/%5bClient%5dBFMC-Client%20Update%202026-2-16/%5bClient%5dBFMC-Client%20Update%202026-2-16/.minecraft/libraries/net/sf/jopt-simple/jopt-simple/4.5/jopt-simple-4.5.jar for mixin tweaker
[15:25:40] [main/DEBUG] [org.spongepowered.asm.service.mojang.MixinServiceLaunchWrapper/]: Scanning file:/F:/%e8%bd%bd%e5%85%b7%e5%8c%85%e4%b8%b4%e6%97%b6/test/%5bClient%5dBFMC-Client%20Update%202026-2-16/%5bClient%5dBFMC-Client%20Update%202026-2-16/.minecraft/libraries/com/paulscode/codecjorbis/20101023/codecjorbis-20101023.jar for mixin tweaker
[15:25:40] [main/DEBUG] [org.spongepowered.asm.service.mojang.MixinServiceLaunchWrapper/]: Scanning file:/F:/%e8%bd%bd%e5%85%b7%e5%8c%85%e4%b8%b4%e6%97%b6/test/%5bClient%5dBFMC-Client%20Update%202026-2-16/%5bClient%5dBFMC-Client%20Update%202026-2-16/.minecraft/libraries/com/paulscode/codecwav/20101023/codecwav-20101023.jar for mixin tweaker
[15:25:40] [main/DEBUG] [org.spongepowered.asm.service.mojang.MixinServiceLaunchWrapper/]: Scanning file:/F:/%e8%bd%bd%e5%85%b7%e5%8c%85%e4%b8%b4%e6%97%b6/test/%5bClient%5dBFMC-Client%20Update%202026-2-16/%5bClient%5dBFMC-Client%20Update%202026-2-16/.minecraft/libraries/com/paulscode/libraryjavasound/20101123/libraryjavasound-20101123.jar for mixin tweaker
[15:25:40] [main/DEBUG] [org.spongepowered.asm.service.mojang.MixinServiceLaunchWrapper/]: Scanning file:/F:/%e8%bd%bd%e5%85%b7%e5%8c%85%e4%b8%b4%e6%97%b6/test/%5bClient%5dBFMC-Client%20Update%202026-2-16/%5bClient%5dBFMC-Client%20Update%202026-2-16/.minecraft/libraries/com/paulscode/librarylwjglopenal/20100824/librarylwjglopenal-20100824.jar for mixin tweaker
[15:25:40] [main/DEBUG] [org.spongepowered.asm.service.mojang.MixinServiceLaunchWrapper/]: Scanning file:/F:/%e8%bd%bd%e5%85%b7%e5%8c%85%e4%b8%b4%e6%97%b6/test/%5bClient%5dBFMC-Client%20Update%202026-2-16/%5bClient%5dBFMC-Client%20Update%202026-2-16/.minecraft/libraries/com/paulscode/soundsystem/20120107/soundsystem-20120107.jar for mixin tweaker
[15:25:40] [main/DEBUG] [org.spongepowered.asm.service.mojang.MixinServiceLaunchWrapper/]: Scanning file:/F:/%e8%bd%bd%e5%85%b7%e5%8c%85%e4%b8%b4%e6%97%b6/test/%5bClient%5dBFMC-Client%20Update%202026-2-16/%5bClient%5dBFMC-Client%20Update%202026-2-16/.minecraft/libraries/io/netty/netty-all/4.0.10.Final/netty-all-4.0.10.Final.jar for mixin tweaker
[15:25:40] [main/DEBUG] [org.spongepowered.asm.service.mojang.MixinServiceLaunchWrapper/]: Scanning file:/F:/%e8%bd%bd%e5%85%b7%e5%8c%85%e4%b8%b4%e6%97%b6/test/%5bClient%5dBFMC-Client%20Update%202026-2-16/%5bClient%5dBFMC-Client%20Update%202026-2-16/.minecraft/libraries/com/google/guava/guava/15.0/guava-15.0.jar for mixin tweaker
[15:25:40] [main/DEBUG] [org.spongepowered.asm.service.mojang.MixinServiceLaunchWrapper/]: Scanning file:/F:/%e8%bd%bd%e5%85%b7%e5%8c%85%e4%b8%b4%e6%97%b6/test/%5bClient%5dBFMC-Client%20Update%202026-2-16/%5bClient%5dBFMC-Client%20Update%202026-2-16/.minecraft/libraries/org/apache/commons/commons-lang3/3.1/commons-lang3-3.1.jar for mixin tweaker
[15:25:40] [main/DEBUG] [org.spongepowered.asm.service.mojang.MixinServiceLaunchWrapper/]: Scanning file:/F:/%e8%bd%bd%e5%85%b7%e5%8c%85%e4%b8%b4%e6%97%b6/test/%5bClient%5dBFMC-Client%20Update%202026-2-16/%5bClient%5dBFMC-Client%20Update%202026-2-16/.minecraft/libraries/commons-io/commons-io/2.4/commons-io-2.4.jar for mixin tweaker
[15:25:40] [main/DEBUG] [org.spongepowered.asm.service.mojang.MixinServiceLaunchWrapper/]: Scanning file:/F:/%e8%bd%bd%e5%85%b7%e5%8c%85%e4%b8%b4%e6%97%b6/test/%5bClient%5dBFMC-Client%20Update%202026-2-16/%5bClient%5dBFMC-Client%20Update%202026-2-16/.minecraft/libraries/commons-codec/commons-codec/1.9/commons-codec-1.9.jar for mixin tweaker
[15:25:40] [main/DEBUG] [org.spongepowered.asm.service.mojang.MixinServiceLaunchWrapper/]: Scanning file:/F:/%e8%bd%bd%e5%85%b7%e5%8c%85%e4%b8%b4%e6%97%b6/test/%5bClient%5dBFMC-Client%20Update%202026-2-16/%5bClient%5dBFMC-Client%20Update%202026-2-16/.minecraft/libraries/net/java/jinput/jinput/2.0.5/jinput-2.0.5.jar for mixin tweaker
[15:25:40] [main/DEBUG] [org.spongepowered.asm.service.mojang.MixinServiceLaunchWrapper/]: Scanning file:/F:/%e8%bd%bd%e5%85%b7%e5%8c%85%e4%b8%b4%e6%97%b6/test/%5bClient%5dBFMC-Client%20Update%202026-2-16/%5bClient%5dBFMC-Client%20Update%202026-2-16/.minecraft/libraries/net/java/jutils/jutils/1.0.0/jutils-1.0.0.jar for mixin tweaker
[15:25:40] [main/DEBUG] [org.spongepowered.asm.service.mojang.MixinServiceLaunchWrapper/]: Scanning file:/F:/%e8%bd%bd%e5%85%b7%e5%8c%85%e4%b8%b4%e6%97%b6/test/%5bClient%5dBFMC-Client%20Update%202026-2-16/%5bClient%5dBFMC-Client%20Update%202026-2-16/.minecraft/libraries/com/google/code/gson/gson/2.2.4/gson-2.2.4.jar for mixin tweaker
[15:25:40] [main/DEBUG] [org.spongepowered.asm.service.mojang.MixinServiceLaunchWrapper/]: Scanning file:/F:/%e8%bd%bd%e5%85%b7%e5%8c%85%e4%b8%b4%e6%97%b6/test/%5bClient%5dBFMC-Client%20Update%202026-2-16/%5bClient%5dBFMC-Client%20Update%202026-2-16/.minecraft/libraries/com/mojang/authlib/1.5.21/authlib-1.5.21.jar for mixin tweaker
[15:25:40] [main/DEBUG] [org.spongepowered.asm.service.mojang.MixinServiceLaunchWrapper/]: Scanning file:/F:/%e8%bd%bd%e5%85%b7%e5%8c%85%e4%b8%b4%e6%97%b6/test/%5bClient%5dBFMC-Client%20Update%202026-2-16/%5bClient%5dBFMC-Client%20Update%202026-2-16/.minecraft/libraries/org/apache/logging/log4j/log4j-api/2.0-beta9/log4j-api-2.0-beta9.jar for mixin tweaker
[15:25:40] [main/DEBUG] [org.spongepowered.asm.service.mojang.MixinServiceLaunchWrapper/]: Scanning file:/F:/%e8%bd%bd%e5%85%b7%e5%8c%85%e4%b8%b4%e6%97%b6/test/%5bClient%5dBFMC-Client%20Update%202026-2-16/%5bClient%5dBFMC-Client%20Update%202026-2-16/.minecraft/libraries/org/apache/logging/log4j/log4j-core/2.0-beta9/log4j-core-2.0-beta9.jar for mixin tweaker
[15:25:40] [main/DEBUG] [org.spongepowered.asm.service.mojang.MixinServiceLaunchWrapper/]: Scanning file:/F:/%e8%bd%bd%e5%85%b7%e5%8c%85%e4%b8%b4%e6%97%b6/test/%5bClient%5dBFMC-Client%20Update%202026-2-16/%5bClient%5dBFMC-Client%20Update%202026-2-16/.minecraft/libraries/org/lwjgl/lwjgl/lwjgl/2.9.1/lwjgl-2.9.1.jar for mixin tweaker
[15:25:40] [main/DEBUG] [org.spongepowered.asm.service.mojang.MixinServiceLaunchWrapper/]: Scanning file:/F:/%e8%bd%bd%e5%85%b7%e5%8c%85%e4%b8%b4%e6%97%b6/test/%5bClient%5dBFMC-Client%20Update%202026-2-16/%5bClient%5dBFMC-Client%20Update%202026-2-16/.minecraft/libraries/org/lwjgl/lwjgl/lwjgl_util/2.9.1/lwjgl_util-2.9.1.jar for mixin tweaker
[15:25:40] [main/DEBUG] [org.spongepowered.asm.service.mojang.MixinServiceLaunchWrapper/]: Scanning file:/F:/%e8%bd%bd%e5%85%b7%e5%8c%85%e4%b8%b4%e6%97%b6/test/%5bClient%5dBFMC-Client%20Update%202026-2-16/%5bClient%5dBFMC-Client%20Update%202026-2-16/.minecraft/libraries/org/lwjgl/lwjgl/lwjgl-platform/2.9.1/lwjgl-platform-2.9.1-natives-windows.jar for mixin tweaker
[15:25:40] [main/DEBUG] [org.spongepowered.asm.service.mojang.MixinServiceLaunchWrapper/]: Scanning file:/F:/%e8%bd%bd%e5%85%b7%e5%8c%85%e4%b8%b4%e6%97%b6/test/%5bClient%5dBFMC-Client%20Update%202026-2-16/%5bClient%5dBFMC-Client%20Update%202026-2-16/.minecraft/libraries/net/java/jinput/jinput-platform/2.0.5/jinput-platform-2.0.5-natives-windows.jar for mixin tweaker
[15:25:40] [main/DEBUG] [org.spongepowered.asm.service.mojang.MixinServiceLaunchWrapper/]: Scanning file:/F:/%e8%bd%bd%e5%85%b7%e5%8c%85%e4%b8%b4%e6%97%b6/test/%5bClient%5dBFMC-Client%20Update%202026-2-16/%5bClient%5dBFMC-Client%20Update%202026-2-16/.minecraft/libraries/tv/twitch/twitch/5.16/twitch-5.16.jar for mixin tweaker
[15:25:40] [main/DEBUG] [org.spongepowered.asm.service.mojang.MixinServiceLaunchWrapper/]: Scanning file:/F:/%e8%bd%bd%e5%85%b7%e5%8c%85%e4%b8%b4%e6%97%b6/test/%5bClient%5dBFMC-Client%20Update%202026-2-16/%5bClient%5dBFMC-Client%20Update%202026-2-16/.minecraft/libraries/tv/twitch/twitch-platform/5.16/twitch-platform-5.16-natives-windows-64.jar for mixin tweaker
[15:25:40] [main/DEBUG] [org.spongepowered.asm.service.mojang.MixinServiceLaunchWrapper/]: Scanning file:/F:/%e8%bd%bd%e5%85%b7%e5%8c%85%e4%b8%b4%e6%97%b6/test/%5bClient%5dBFMC-Client%20Update%202026-2-16/%5bClient%5dBFMC-Client%20Update%202026-2-16/.minecraft/libraries/tv/twitch/twitch-external-platform/4.5/twitch-external-platform-4.5-natives-windows-64.jar for mixin tweaker
[15:25:40] [main/DEBUG] [org.spongepowered.asm.service.mojang.MixinServiceLaunchWrapper/]: Scanning file:/F:/%e8%bd%bd%e5%85%b7%e5%8c%85%e4%b8%b4%e6%97%b6/test/%5bClient%5dBFMC-Client%20Update%202026-2-16/%5bClient%5dBFMC-Client%20Update%202026-2-16/.minecraft/versions/1.7.10/1.7.10.jar for mixin tweaker
[15:25:40] [main/DEBUG] [org.spongepowered.asm.service.mojang.MixinServiceLaunchWrapper/]: Scanning file:/F:/载具包临时/test/%5BClient%5DBFMC-Client%20Update%202026-2-16/%5BClient%5DBFMC-Client%20Update%202026-2-16/.minecraft/mods/!+unimixins-all-1.7.10-0.1.23.jar for mixin tweaker
[15:25:40] [main/DEBUG] [org.spongepowered.asm.service.mojang.MixinServiceLaunchWrapper/]: Scanning file:/F:/载具包临时/test/%5BClient%5DBFMC-Client%20Update%202026-2-16/%5BClient%5DBFMC-Client%20Update%202026-2-16/.minecraft/mods/Angelica-1.0.0-beta54.jar for mixin tweaker
[15:25:40] [main/DEBUG] [org.spongepowered.asm.service.mojang.MixinServiceLaunchWrapper/]: Scanning file:/F:/载具包临时/test/%5BClient%5DBFMC-Client%20Update%202026-2-16/%5BClient%5DBFMC-Client%20Update%202026-2-16/.minecraft/mods/CoreTweaks-1.7.10-0.3.3.2.jar for mixin tweaker
[15:25:40] [main/DEBUG] [org.spongepowered.asm.service.mojang.MixinServiceLaunchWrapper/]: Scanning file:/F:/载具包临时/test/%5BClient%5DBFMC-Client%20Update%202026-2-16/%5BClient%5DBFMC-Client%20Update%202026-2-16/.minecraft/mods/EntityRenderDistanceExtender-1.0c.jar for mixin tweaker
[15:25:40] [main/DEBUG] [org.spongepowered.asm.service.mojang.MixinServiceLaunchWrapper/]: Scanning file:/F:/载具包临时/test/%5BClient%5DBFMC-Client%20Update%202026-2-16/%5BClient%5DBFMC-Client%20Update%202026-2-16/.minecraft/mods/GTNH-Lib-0.6.39.jar for mixin tweaker
[15:25:40] [main/DEBUG] [org.spongepowered.asm.service.mojang.MixinServiceLaunchWrapper/]: Scanning file:/F:/载具包临时/test/%5BClient%5DBFMC-Client%20Update%202026-2-16/%5BClient%5DBFMC-Client%20Update%202026-2-16/.minecraft/mods/InputFix-1.7.10-v6.jar for mixin tweaker
[15:25:40] [main/DEBUG] [org.spongepowered.asm.service.mojang.MixinServiceLaunchWrapper/]: Scanning file:/F:/载具包临时/test/%5BClient%5DBFMC-Client%20Update%202026-2-16/%5BClient%5DBFMC-Client%20Update%202026-2-16/.minecraft/mods/mchr-mixin.jar for mixin tweaker
[15:25:40] [main/DEBUG] [org.spongepowered.asm.service.mojang.MixinServiceLaunchWrapper/]: Scanning file:/F:/载具包临时/test/%5BClient%5DBFMC-Client%20Update%202026-2-16/%5BClient%5DBFMC-Client%20Update%202026-2-16/.minecraft/mods/SignPicture-1.7.10-2.8.0-universal.jar for mixin tweaker
[15:25:40] [main/DEBUG] [org.spongepowered.asm.service.mojang.MixinServiceLaunchWrapper/]: Scanning file:/F:/载具包临时/test/%5BClient%5DBFMC-Client%20Update%202026-2-16/%5BClient%5DBFMC-Client%20Update%202026-2-16/.minecraft/mods/UnicodeFontExtension.jar for mixin tweaker
[15:25:40] [main/DEBUG] [org.spongepowered.asm.service.mojang.MixinServiceLaunchWrapper/]: Scanning file:/F:/载具包临时/test/%5BClient%5DBFMC-Client%20Update%202026-2-16/%5BClient%5DBFMC-Client%20Update%202026-2-16/.minecraft/mods/UraniumPlus.jar for mixin tweaker
[15:25:40] [main/DEBUG] [org.spongepowered.asm.service.mojang.MixinServiceLaunchWrapper/]: Scanning file:/F:/载具包临时/test/%5BClient%5DBFMC-Client%20Update%202026-2-16/%5BClient%5DBFMC-Client%20Update%202026-2-16/.minecraft/mods/Xaeros_Minimap_21.10.44_Forge_1.7.10.jar for mixin tweaker
[15:25:40] [main/DEBUG] [org.spongepowered.asm.service.mojang.MixinServiceLaunchWrapper/]: Scanning file:/F:/载具包临时/test/%5BClient%5DBFMC-Client%20Update%202026-2-16/%5BClient%5DBFMC-Client%20Update%202026-2-16/.minecraft/mods/XaerosWorldMap_1.14.1.33_Forge_1.7.10.jar for mixin tweaker
[15:25:40] [main/DEBUG] [mixin/]: Adding agents for Mixin Container ContainerHandleURI(file:/F:/载具包临时/test/%5BClient%5DBFMC-Client%20Update%202026-2-16/%5BClient%5DBFMC-Client%20Update%202026-2-16/.minecraft/mods/!+unimixins-all-1.7.10-0.1.23.jar)
[15:25:40] [main/DEBUG] [mixin/]: Adding agents for Mixin Container ContainerHandleURI(file:/F:/载具包临时/test/%5BClient%5DBFMC-Client%20Update%202026-2-16/%5BClient%5DBFMC-Client%20Update%202026-2-16/.minecraft/mods/Angelica-1.0.0-beta54.jar)
[15:25:40] [main/DEBUG] [mixin/]: Adding mixin platform agents for container ContainerHandleURI(file:/F:/载具包临时/test/%5BClient%5DBFMC-Client%20Update%202026-2-16/%5BClient%5DBFMC-Client%20Update%202026-2-16/.minecraft/mods/Angelica-1.0.0-beta54.jar)
[15:25:40] [main/DEBUG] [mixin/]: Instancing new MixinPlatformAgentFMLLegacy for ContainerHandleURI(file:/F:/载具包临时/test/%5BClient%5DBFMC-Client%20Update%202026-2-16/%5BClient%5DBFMC-Client%20Update%202026-2-16/.minecraft/mods/Angelica-1.0.0-beta54.jar)
[15:25:40] [main/DEBUG] [mixin/]: ForceLoadAsMod was specified for Angelica-1.0.0-beta54.jar, attempting force-load
[15:25:40] [main/DEBUG] [mixin/]: Adding Angelica-1.0.0-beta54.jar to reparseable coremod collection
[15:25:40] [main/DEBUG] [mixin/]: Angelica-1.0.0-beta54.jar has core plugin com.gtnewhorizons.angelica.loading.AngelicaTweaker. Injecting it into FML for co-initialisation:
[15:25:40] [main/DEBUG] [FML/]: Instantiating coremod class AngelicaTweaker
[15:25:40] [main/DEBUG] [FML/]: The coremod com.gtnewhorizons.angelica.loading.AngelicaTweaker requested minecraft version 1.7.10 and minecraft is 1.7.10. It will be loaded.
[15:25:40] [main/DEBUG] [FML/]: Enqueued coremod AngelicaTweaker
[15:25:40] [main/DEBUG] [mixin/]: MixinPlatformAgentFMLLegacy accepted container ContainerHandleURI(file:/F:/载具包临时/test/%5BClient%5DBFMC-Client%20Update%202026-2-16/%5BClient%5DBFMC-Client%20Update%202026-2-16/.minecraft/mods/Angelica-1.0.0-beta54.jar)
[15:25:40] [main/DEBUG] [mixin/]: Instancing new MixinPlatformAgentLiteLoaderLegacy for ContainerHandleURI(file:/F:/载具包临时/test/%5BClient%5DBFMC-Client%20Update%202026-2-16/%5BClient%5DBFMC-Client%20Update%202026-2-16/.minecraft/mods/Angelica-1.0.0-beta54.jar)
[15:25:40] [main/DEBUG] [mixin/]: MixinPlatformAgentLiteLoaderLegacy rejected container ContainerHandleURI(file:/F:/载具包临时/test/%5BClient%5DBFMC-Client%20Update%202026-2-16/%5BClient%5DBFMC-Client%20Update%202026-2-16/.minecraft/mods/Angelica-1.0.0-beta54.jar)
[15:25:40] [main/DEBUG] [mixin/]: Instancing new MixinPlatformAgentDefault for ContainerHandleURI(file:/F:/载具包临时/test/%5BClient%5DBFMC-Client%20Update%202026-2-16/%5BClient%5DBFMC-Client%20Update%202026-2-16/.minecraft/mods/Angelica-1.0.0-beta54.jar)
[15:25:40] [main/DEBUG] [mixin/]: MixinPlatformAgentDefault accepted container ContainerHandleURI(file:/F:/载具包临时/test/%5BClient%5DBFMC-Client%20Update%202026-2-16/%5BClient%5DBFMC-Client%20Update%202026-2-16/.minecraft/mods/Angelica-1.0.0-beta54.jar)
[15:25:40] [main/DEBUG] [mixin/]: Adding agents for Mixin Container ContainerHandleURI(file:/F:/载具包临时/test/%5BClient%5DBFMC-Client%20Update%202026-2-16/%5BClient%5DBFMC-Client%20Update%202026-2-16/.minecraft/mods/CoreTweaks-1.7.10-0.3.3.2.jar)
[15:25:40] [main/DEBUG] [mixin/]: Adding mixin platform agents for container ContainerHandleURI(file:/F:/载具包临时/test/%5BClient%5DBFMC-Client%20Update%202026-2-16/%5BClient%5DBFMC-Client%20Update%202026-2-16/.minecraft/mods/CoreTweaks-1.7.10-0.3.3.2.jar)
[15:25:40] [main/DEBUG] [mixin/]: Instancing new MixinPlatformAgentFMLLegacy for ContainerHandleURI(file:/F:/载具包临时/test/%5BClient%5DBFMC-Client%20Update%202026-2-16/%5BClient%5DBFMC-Client%20Update%202026-2-16/.minecraft/mods/CoreTweaks-1.7.10-0.3.3.2.jar)
[15:25:40] [main/DEBUG] [mixin/]: ForceLoadAsMod was specified for CoreTweaks-1.7.10-0.3.3.2.jar, attempting force-load
[15:25:40] [main/DEBUG] [mixin/]: Adding CoreTweaks-1.7.10-0.3.3.2.jar to reparseable coremod collection
[15:25:40] [main/DEBUG] [mixin/]: CoreTweaks-1.7.10-0.3.3.2.jar has core plugin makamys.coretweaks.CoreTweaksPlugin. Injecting it into FML for co-initialisation:
[15:25:40] [main/DEBUG] [FML/]: Instantiating coremod class CoreTweaksPlugin
[15:25:40] [main/DEBUG] [FML/]: The coremod makamys.coretweaks.CoreTweaksPlugin requested minecraft version 1.7.10 and minecraft is 1.7.10. It will be loaded.
[15:25:40] [main/INFO] [coretweaks/]: Instantiating CoreTweaksPlugin
[15:25:40] [main/INFO] [coretweaks/]: Disabling cloud height check fix because NotFine is present.
[15:25:40] [main/INFO] [coretweaks/]: Adding transformer exclusions for 5 library packages
[15:25:40] [main/DEBUG] [coretweaks/]:   Excluding com.google.gson.
[15:25:40] [main/DEBUG] [coretweaks/]:   Excluding joptsimple.
[15:25:40] [main/DEBUG] [coretweaks/]:   Excluding io.netty.
[15:25:40] [main/DEBUG] [coretweaks/]:   Excluding gnu.trove.
[15:25:40] [main/DEBUG] [coretweaks/]:   Excluding kotlin.
[15:25:40] [main/DEBUG] [coretweaks/]: Loaded lite transformer cache with 91561 entries in 0.0962931s
[15:25:40] [main/DEBUG] [FML/]: Enqueued coremod CoreTweaksPlugin
[15:25:40] [main/DEBUG] [mixin/]: MixinPlatformAgentFMLLegacy accepted container ContainerHandleURI(file:/F:/载具包临时/test/%5BClient%5DBFMC-Client%20Update%202026-2-16/%5BClient%5DBFMC-Client%20Update%202026-2-16/.minecraft/mods/CoreTweaks-1.7.10-0.3.3.2.jar)
[15:25:40] [main/DEBUG] [mixin/]: Instancing new MixinPlatformAgentLiteLoaderLegacy for ContainerHandleURI(file:/F:/载具包临时/test/%5BClient%5DBFMC-Client%20Update%202026-2-16/%5BClient%5DBFMC-Client%20Update%202026-2-16/.minecraft/mods/CoreTweaks-1.7.10-0.3.3.2.jar)
[15:25:40] [main/DEBUG] [mixin/]: MixinPlatformAgentLiteLoaderLegacy rejected container ContainerHandleURI(file:/F:/载具包临时/test/%5BClient%5DBFMC-Client%20Update%202026-2-16/%5BClient%5DBFMC-Client%20Update%202026-2-16/.minecraft/mods/CoreTweaks-1.7.10-0.3.3.2.jar)
[15:25:40] [main/DEBUG] [mixin/]: Instancing new MixinPlatformAgentDefault for ContainerHandleURI(file:/F:/载具包临时/test/%5BClient%5DBFMC-Client%20Update%202026-2-16/%5BClient%5DBFMC-Client%20Update%202026-2-16/.minecraft/mods/CoreTweaks-1.7.10-0.3.3.2.jar)
[15:25:40] [main/DEBUG] [mixin/]: MixinPlatformAgentDefault accepted container ContainerHandleURI(file:/F:/载具包临时/test/%5BClient%5DBFMC-Client%20Update%202026-2-16/%5BClient%5DBFMC-Client%20Update%202026-2-16/.minecraft/mods/CoreTweaks-1.7.10-0.3.3.2.jar)
[15:25:40] [main/DEBUG] [mixin/]: Adding agents for Mixin Container ContainerHandleURI(file:/F:/载具包临时/test/%5BClient%5DBFMC-Client%20Update%202026-2-16/%5BClient%5DBFMC-Client%20Update%202026-2-16/.minecraft/mods/GTNH-Lib-0.6.39.jar)
[15:25:40] [main/DEBUG] [mixin/]: Adding mixin platform agents for container ContainerHandleURI(file:/F:/载具包临时/test/%5BClient%5DBFMC-Client%20Update%202026-2-16/%5BClient%5DBFMC-Client%20Update%202026-2-16/.minecraft/mods/GTNH-Lib-0.6.39.jar)
[15:25:40] [main/DEBUG] [mixin/]: Instancing new MixinPlatformAgentFMLLegacy for ContainerHandleURI(file:/F:/载具包临时/test/%5BClient%5DBFMC-Client%20Update%202026-2-16/%5BClient%5DBFMC-Client%20Update%202026-2-16/.minecraft/mods/GTNH-Lib-0.6.39.jar)
[15:25:40] [main/DEBUG] [mixin/]: ForceLoadAsMod was specified for GTNH-Lib-0.6.39.jar, attempting force-load
[15:25:40] [main/DEBUG] [mixin/]: Adding GTNH-Lib-0.6.39.jar to reparseable coremod collection
[15:25:40] [main/DEBUG] [mixin/]: GTNH-Lib-0.6.39.jar has core plugin com.gtnewhorizon.gtnhlib.core.GTNHLibCore. Injecting it into FML for co-initialisation:
[15:25:40] [main/DEBUG] [FML/]: Instantiating coremod class GTNHLibCore
[15:25:40] [main/DEBUG] [FML/]: The coremod com.gtnewhorizon.gtnhlib.core.GTNHLibCore requested minecraft version 1.7.10 and minecraft is 1.7.10. It will be loaded.
[15:25:40] [main/DEBUG] [FML/]: Enqueued coremod GTNHLibCore
[15:25:40] [main/DEBUG] [mixin/]: MixinPlatformAgentFMLLegacy accepted container ContainerHandleURI(file:/F:/载具包临时/test/%5BClient%5DBFMC-Client%20Update%202026-2-16/%5BClient%5DBFMC-Client%20Update%202026-2-16/.minecraft/mods/GTNH-Lib-0.6.39.jar)
[15:25:40] [main/DEBUG] [mixin/]: Instancing new MixinPlatformAgentLiteLoaderLegacy for ContainerHandleURI(file:/F:/载具包临时/test/%5BClient%5DBFMC-Client%20Update%202026-2-16/%5BClient%5DBFMC-Client%20Update%202026-2-16/.minecraft/mods/GTNH-Lib-0.6.39.jar)
[15:25:40] [main/DEBUG] [mixin/]: MixinPlatformAgentLiteLoaderLegacy rejected container ContainerHandleURI(file:/F:/载具包临时/test/%5BClient%5DBFMC-Client%20Update%202026-2-16/%5BClient%5DBFMC-Client%20Update%202026-2-16/.minecraft/mods/GTNH-Lib-0.6.39.jar)
[15:25:40] [main/DEBUG] [mixin/]: Instancing new MixinPlatformAgentDefault for ContainerHandleURI(file:/F:/载具包临时/test/%5BClient%5DBFMC-Client%20Update%202026-2-16/%5BClient%5DBFMC-Client%20Update%202026-2-16/.minecraft/mods/GTNH-Lib-0.6.39.jar)
[15:25:40] [main/DEBUG] [mixin/]: MixinPlatformAgentDefault accepted container ContainerHandleURI(file:/F:/载具包临时/test/%5BClient%5DBFMC-Client%20Update%202026-2-16/%5BClient%5DBFMC-Client%20Update%202026-2-16/.minecraft/mods/GTNH-Lib-0.6.39.jar)
[15:25:40] [main/DEBUG] [mixin/]: Adding agents for Mixin Container ContainerHandleURI(file:/F:/载具包临时/test/%5BClient%5DBFMC-Client%20Update%202026-2-16/%5BClient%5DBFMC-Client%20Update%202026-2-16/.minecraft/mods/mchr-mixin.jar)
[15:25:40] [main/DEBUG] [mixin/]: Adding mixin platform agents for container ContainerHandleURI(file:/F:/载具包临时/test/%5BClient%5DBFMC-Client%20Update%202026-2-16/%5BClient%5DBFMC-Client%20Update%202026-2-16/.minecraft/mods/mchr-mixin.jar)
[15:25:40] [main/DEBUG] [mixin/]: Instancing new MixinPlatformAgentFMLLegacy for ContainerHandleURI(file:/F:/载具包临时/test/%5BClient%5DBFMC-Client%20Update%202026-2-16/%5BClient%5DBFMC-Client%20Update%202026-2-16/.minecraft/mods/mchr-mixin.jar)
[15:25:40] [main/DEBUG] [mixin/]: ForceLoadAsMod was specified for mchr-mixin.jar, attempting force-load
[15:25:40] [main/DEBUG] [mixin/]: Adding mchr-mixin.jar to reparseable coremod collection
[15:25:40] [main/DEBUG] [mixin/]: mchr-mixin.jar has core plugin net.tv90.mchrmixin.MCH_Mixin_FMLCore. Injecting it into FML for co-initialisation:
[15:25:40] [main/DEBUG] [FML/]: Instantiating coremod class MCH_Mixin_FMLCore
[15:25:40] [main/WARN] [FML/]: The coremod net.tv90.mchrmixin.MCH_Mixin_FMLCore does not have a MCVersion annotation, it may cause issues with this version of Minecraft
[15:25:40] [main/DEBUG] [FML/]: Added access transformer class  to enqueued access transformers
[15:25:40] [main/DEBUG] [FML/]: Enqueued coremod MCH_Mixin_FMLCore
[15:25:40] [main/DEBUG] [mixin/]: MixinPlatformAgentFMLLegacy accepted container ContainerHandleURI(file:/F:/载具包临时/test/%5BClient%5DBFMC-Client%20Update%202026-2-16/%5BClient%5DBFMC-Client%20Update%202026-2-16/.minecraft/mods/mchr-mixin.jar)
[15:25:40] [main/DEBUG] [mixin/]: Instancing new MixinPlatformAgentLiteLoaderLegacy for ContainerHandleURI(file:/F:/载具包临时/test/%5BClient%5DBFMC-Client%20Update%202026-2-16/%5BClient%5DBFMC-Client%20Update%202026-2-16/.minecraft/mods/mchr-mixin.jar)
[15:25:40] [main/DEBUG] [mixin/]: MixinPlatformAgentLiteLoaderLegacy rejected container ContainerHandleURI(file:/F:/载具包临时/test/%5BClient%5DBFMC-Client%20Update%202026-2-16/%5BClient%5DBFMC-Client%20Update%202026-2-16/.minecraft/mods/mchr-mixin.jar)
[15:25:40] [main/DEBUG] [mixin/]: Instancing new MixinPlatformAgentDefault for ContainerHandleURI(file:/F:/载具包临时/test/%5BClient%5DBFMC-Client%20Update%202026-2-16/%5BClient%5DBFMC-Client%20Update%202026-2-16/.minecraft/mods/mchr-mixin.jar)
[15:25:40] [main/DEBUG] [mixin/]: MixinPlatformAgentDefault accepted container ContainerHandleURI(file:/F:/载具包临时/test/%5BClient%5DBFMC-Client%20Update%202026-2-16/%5BClient%5DBFMC-Client%20Update%202026-2-16/.minecraft/mods/mchr-mixin.jar)
[15:25:40] [main/WARN] [LaunchWrapper/]: Tweak class name org.spongepowered.asm.launch.MixinTweaker has already been visited -- skipping
[15:25:40] [main/WARN] [LaunchWrapper/]: Tweak class name org.spongepowered.asm.launch.MixinTweaker has already been visited -- skipping
[15:25:40] [main/WARN] [LaunchWrapper/]: Tweak class name org.spongepowered.asm.launch.MixinTweaker has already been visited -- skipping
[15:25:40] [main/WARN] [LaunchWrapper/]: Tweak class name org.spongepowered.asm.launch.MixinTweaker has already been visited -- skipping
[15:25:40] [main/INFO] [LaunchWrapper/]: Loading tweak class name cpw.mods.fml.common.launcher.FMLDeobfTweaker
[15:25:40] [main/INFO] [LaunchWrapper/]: Calling tweak class cpw.mods.fml.common.launcher.FMLInjectionAndSortingTweaker
[15:25:40] [main/INFO] [LaunchWrapper/]: Calling tweak class cpw.mods.fml.common.launcher.FMLInjectionAndSortingTweaker
[15:25:40] [main/INFO] [LaunchWrapper/]: Calling tweak class cpw.mods.fml.relauncher.CoreModManager$FMLPluginWrapper
[15:25:40] [main/DEBUG] [FML/]: Injecting coremod FMLCorePlugin {cpw.mods.fml.relauncher.FMLCorePlugin} class transformers
[15:25:40] [main/TRACE] [FML/]: Registering transformer cpw.mods.fml.common.asm.transformers.MarkerTransformer
[15:25:40] [main/TRACE] [FML/]: Registering transformer cpw.mods.fml.common.asm.transformers.SideTransformer
[15:25:40] [main/INFO] [coretweaks/]: Replacing cpw.mods.fml.common.asm.transformers.SideTransformer with 2 wrappers: [CachedTransformerWrapper, PatternConditionalTransformerWrapper]
[15:25:40] [main/TRACE] [FML/]: Registering transformer cpw.mods.fml.common.asm.transformers.EventSubscriptionTransformer
[15:25:40] [main/DEBUG] [FML/]: Injection complete
[15:25:40] [main/DEBUG] [FML/]: Running coremod plugin for FMLCorePlugin {cpw.mods.fml.relauncher.FMLCorePlugin}
[15:25:40] [main/DEBUG] [FML/]: Running coremod plugin FMLCorePlugin
[15:25:41] [main/DEBUG] [FML/]: Read 527 binary patches
[15:25:41] [main/INFO] [FML/]: Found valid fingerprint for Minecraft Forge. Certificate fingerprint e3c3d50c7c986df74c645c0ac54639741c90a557
[15:25:41] [main/INFO] [FML/]: Found valid fingerprint for Minecraft. Certificate fingerprint cd99959656f753dc28d863b46769f7f8fbaefcfc
[15:25:41] [main/DEBUG] [FML/]: Coremod plugin class FMLCorePlugin run successfully
[15:25:41] [main/INFO] [LaunchWrapper/]: Calling tweak class cpw.mods.fml.relauncher.CoreModManager$FMLPluginWrapper
[15:25:41] [main/DEBUG] [FML/]: Injecting coremod FMLForgePlugin {net.minecraftforge.classloading.FMLForgePlugin} class transformers
[15:25:41] [main/TRACE] [FML/]: Registering transformer net.minecraftforge.classloading.FluidIdTransformer
[15:25:41] [main/INFO] [coretweaks/]: Replacing net.minecraftforge.classloading.FluidIdTransformer with 2 wrappers: [CachedTransformerWrapper, PatternConditionalTransformerWrapper]
[15:25:41] [main/DEBUG] [FML/]: Injection complete
[15:25:41] [main/DEBUG] [FML/]: Running coremod plugin for FMLForgePlugin {net.minecraftforge.classloading.FMLForgePlugin}
[15:25:41] [main/DEBUG] [FML/]: Running coremod plugin FMLForgePlugin
[15:25:41] [main/DEBUG] [FML/]: Coremod plugin class FMLForgePlugin run successfully
[15:25:41] [main/INFO] [LaunchWrapper/]: Calling tweak class cpw.mods.fml.relauncher.CoreModManager$FMLPluginWrapper
[15:25:41] [main/DEBUG] [FML/]: Injecting coremod MysteriumPatchesFixLoaderZ {net.tclproject.mysteriumlib.asm.fixes.MysteriumPatchesFixLoaderZ} class transformers
[15:25:41] [main/TRACE] [FML/]: Registering transformer net.tclproject.mysteriumlib.asm.common.FirstClassTransformer
[15:25:41] [main/INFO] [STDOUT/]: [net.tclproject.mysteriumlib.asm.core.MiscUtils$SystemLogHelper:debug:80]: [DEBUG] Parsing class with fix methods net.tclproject.mysteriumlib.asm.common.BuiltinFixes
[15:25:41] [main/DEBUG] [FML/]: Injection complete
[15:25:41] [main/DEBUG] [FML/]: Running coremod plugin for MysteriumPatchesFixLoaderZ {net.tclproject.mysteriumlib.asm.fixes.MysteriumPatchesFixLoaderZ}
[15:25:41] [main/DEBUG] [FML/]: Running coremod plugin MysteriumPatchesFixLoaderZ
[15:25:41] [main/INFO] [STDOUT/]: [net.tclproject.mysteriumlib.asm.core.MiscUtils$SystemLogHelper:debug:80]: [DEBUG] Parsing class with fix methods net.tclproject.mysteriumlib.asm.fixes.MysteriumPatchesFixesZ
[15:25:41] [main/DEBUG] [FML/]: Coremod plugin class MysteriumPatchesFixLoaderZ run successfully
[15:25:41] [main/INFO] [LaunchWrapper/]: Calling tweak class cpw.mods.fml.relauncher.CoreModManager$FMLPluginWrapper
[15:25:41] [main/DEBUG] [FML/]: Injecting coremod InputFix {lain.mods.inputfix.InputFix} class transformers
[15:25:41] [main/TRACE] [FML/]: Registering transformer lain.mods.inputfix.InputFixTransformer
[15:25:41] [main/DEBUG] [FML/]: Injection complete
[15:25:41] [main/DEBUG] [FML/]: Running coremod plugin for InputFix {lain.mods.inputfix.InputFix}
[15:25:41] [main/DEBUG] [FML/]: Running coremod plugin InputFix
[15:25:41] [main/DEBUG] [FML/]: Coremod plugin class InputFix run successfully
[15:25:41] [main/INFO] [LaunchWrapper/]: Calling tweak class cpw.mods.fml.relauncher.CoreModManager$FMLPluginWrapper
[15:25:41] [main/DEBUG] [FML/]: Injecting coremod SignPictureCorePlugin {com.kamesuta.mc.signpic.asm.SignPictureCorePlugin} class transformers
[15:25:41] [main/TRACE] [FML/]: Registering transformer com.kamesuta.mc.signpic.asm.SignPictureTransformer
[15:25:41] [main/DEBUG] [FML/]: Injection complete
[15:25:41] [main/DEBUG] [FML/]: Running coremod plugin for SignPictureCorePlugin {com.kamesuta.mc.signpic.asm.SignPictureCorePlugin}
[15:25:41] [main/DEBUG] [FML/]: Running coremod plugin SignPictureCorePlugin
[15:25:41] [main/DEBUG] [FML/]: Coremod plugin class SignPictureCorePlugin run successfully
[15:25:41] [main/INFO] [LaunchWrapper/]: Calling tweak class cpw.mods.fml.relauncher.CoreModManager$FMLPluginWrapper
[15:25:41] [main/DEBUG] [FML/]: Injecting coremod CorePlugin {bre.ufex.asm.CorePlugin} class transformers
[15:25:41] [main/TRACE] [FML/]: Registering transformer bre.ufex.asm.Transformer
[15:25:41] [main/DEBUG] [FML/]: Injection complete
[15:25:41] [main/DEBUG] [FML/]: Running coremod plugin for CorePlugin {bre.ufex.asm.CorePlugin}
[15:25:41] [main/DEBUG] [FML/]: Running coremod plugin CorePlugin
[15:25:41] [main/DEBUG] [FML/]: Coremod plugin class CorePlugin run successfully
[15:25:41] [main/INFO] [LaunchWrapper/]: Calling tweak class cpw.mods.fml.relauncher.CoreModManager$FMLPluginWrapper
[15:25:41] [main/DEBUG] [FML/]: Injecting coremod UraniumPlus {cc.uraniummc.UraniumPlusCore} class transformers
[15:25:41] [main/DEBUG] [FML/]: Injection complete
[15:25:41] [main/DEBUG] [FML/]: Running coremod plugin for UraniumPlus {cc.uraniummc.UraniumPlusCore}
[15:25:41] [main/DEBUG] [FML/]: Running coremod plugin UraniumPlus
[15:25:41] [main/DEBUG] [FML/]: Coremod plugin class UraniumPlusCore run successfully
[15:25:41] [main/INFO] [LaunchWrapper/]: Calling tweak class cpw.mods.fml.relauncher.CoreModManager$FMLPluginWrapper
[15:25:41] [main/DEBUG] [FML/]: Injecting coremod XaeroMinimapPlugin {xaero.common.core.XaeroMinimapPlugin} class transformers
[15:25:41] [main/TRACE] [FML/]: Registering transformer xaero.common.core.transformer.ChunkTransformer
[15:25:41] [main/TRACE] [FML/]: Registering transformer xaero.common.core.transformer.NetHandlerPlayClientTransformer
[15:25:41] [main/TRACE] [FML/]: Registering transformer xaero.common.core.transformer.EntityPlayerTransformer
[15:25:41] [main/TRACE] [FML/]: Registering transformer xaero.common.core.transformer.AbstractClientPlayerTransformer
[15:25:41] [main/TRACE] [FML/]: Registering transformer xaero.common.core.transformer.WorldClientTransformer
[15:25:41] [main/TRACE] [FML/]: Registering transformer xaero.common.core.transformer.EntityClientPlayerMPTransformer
[15:25:41] [main/TRACE] [FML/]: Registering transformer xaero.common.core.transformer.PlayerListTransformer
[15:25:41] [main/TRACE] [FML/]: Registering transformer xaero.common.core.transformer.GuiIngameForgeTransformer
[15:25:41] [main/TRACE] [FML/]: Registering transformer xaero.common.core.transformer.ModelRendererTransformer
[15:25:41] [main/DEBUG] [FML/]: Injection complete
[15:25:41] [main/DEBUG] [FML/]: Running coremod plugin for XaeroMinimapPlugin {xaero.common.core.XaeroMinimapPlugin}
[15:25:41] [main/DEBUG] [FML/]: Running coremod plugin XaeroMinimapPlugin
[15:25:41] [main/DEBUG] [FML/]: Coremod plugin class XaeroMinimapPlugin run successfully
[15:25:41] [main/INFO] [LaunchWrapper/]: Calling tweak class cpw.mods.fml.relauncher.CoreModManager$FMLPluginWrapper
[15:25:41] [main/DEBUG] [FML/]: Injecting coremod XaeroWorldMapPlugin {xaero.map.core.XaeroWorldMapPlugin} class transformers
[15:25:41] [main/TRACE] [FML/]: Registering transformer xaero.map.core.transformer.ChunkTransformer
[15:25:41] [main/TRACE] [FML/]: Registering transformer xaero.map.core.transformer.NetHandlerPlayClientTransformer
[15:25:41] [main/TRACE] [FML/]: Registering transformer xaero.map.core.transformer.EntityPlayerTransformer
[15:25:41] [main/TRACE] [FML/]: Registering transformer xaero.map.core.transformer.AbstractClientPlayerTransformer
[15:25:41] [main/TRACE] [FML/]: Registering transformer xaero.map.core.transformer.WorldClientTransformer
[15:25:41] [main/TRACE] [FML/]: Registering transformer xaero.map.core.transformer.PlayerListTransformer
[15:25:41] [main/DEBUG] [FML/]: Injection complete
[15:25:41] [main/DEBUG] [FML/]: Running coremod plugin for XaeroWorldMapPlugin {xaero.map.core.XaeroWorldMapPlugin}
[15:25:41] [main/DEBUG] [FML/]: Running coremod plugin XaeroWorldMapPlugin
[15:25:41] [main/DEBUG] [FML/]: Coremod plugin class XaeroWorldMapPlugin run successfully
[15:25:41] [main/INFO] [LaunchWrapper/]: Calling tweak class org.spongepowered.asm.launch.MixinTweaker
[15:25:41] [main/DEBUG] [mixin/]: Processing prepare() for PlatformAgent[MixinPlatformAgentFMLLegacy:ContainerHandleURI(file:/F:/载具包临时/test/%5BClient%5DBFMC-Client%20Update%202026-2-16/%5BClient%5DBFMC-Client%20Update%202026-2-16/.minecraft/mods/!+unimixins-all-1.7.10-0.1.23.jar)]
[15:25:41] [main/DEBUG] [mixin/]: Processing prepare() for PlatformAgent[MixinPlatformAgentDefault:ContainerHandleURI(file:/F:/载具包临时/test/%5BClient%5DBFMC-Client%20Update%202026-2-16/%5BClient%5DBFMC-Client%20Update%202026-2-16/.minecraft/mods/!+unimixins-all-1.7.10-0.1.23.jar)]
[15:25:41] [main/DEBUG] [mixin/]: Registering mixin config: mixins.gtnhmixins.json source=ContainerHandleURI(file:/F:/载具包临时/test/%5BClient%5DBFMC-Client%20Update%202026-2-16/%5BClient%5DBFMC-Client%20Update%202026-2-16/.minecraft/mods/!+unimixins-all-1.7.10-0.1.23.jar)
[15:25:41] [main/DEBUG] [mixin/]: Registering mixin config: mixins.gasstation.json source=ContainerHandleURI(file:/F:/载具包临时/test/%5BClient%5DBFMC-Client%20Update%202026-2-16/%5BClient%5DBFMC-Client%20Update%202026-2-16/.minecraft/mods/!+unimixins-all-1.7.10-0.1.23.jar)
[15:25:41] [main/DEBUG] [mixin/]: Registering mixin config: mixins.gtnhmixins.json source=ContainerHandleURI(file:/F:/载具包临时/test/%5BClient%5DBFMC-Client%20Update%202026-2-16/%5BClient%5DBFMC-Client%20Update%202026-2-16/.minecraft/mods/!+unimixins-all-1.7.10-0.1.23.jar)
[15:25:41] [main/DEBUG] [mixin/]: Registering mixin config: mixingasm.mixin.json source=ContainerHandleURI(file:/F:/载具包临时/test/%5BClient%5DBFMC-Client%20Update%202026-2-16/%5BClient%5DBFMC-Client%20Update%202026-2-16/.minecraft/mods/!+unimixins-all-1.7.10-0.1.23.jar)
[15:25:41] [main/DEBUG] [mixin/]: Processing prepare() for PlatformAgent[MixinPlatformAgentFMLLegacy:ContainerHandleURI(file:/F:/载具包临时/test/%5BClient%5DBFMC-Client%20Update%202026-2-16/%5BClient%5DBFMC-Client%20Update%202026-2-16/.minecraft/mods/Angelica-1.0.0-beta54.jar)]
[15:25:41] [main/DEBUG] [mixin/]: Processing prepare() for PlatformAgent[MixinPlatformAgentDefault:ContainerHandleURI(file:/F:/载具包临时/test/%5BClient%5DBFMC-Client%20Update%202026-2-16/%5BClient%5DBFMC-Client%20Update%202026-2-16/.minecraft/mods/Angelica-1.0.0-beta54.jar)]
[15:25:41] [main/DEBUG] [mixin/]: Registering mixin config: mixins.angelica.json source=ContainerHandleURI(file:/F:/载具包临时/test/%5BClient%5DBFMC-Client%20Update%202026-2-16/%5BClient%5DBFMC-Client%20Update%202026-2-16/.minecraft/mods/Angelica-1.0.0-beta54.jar)
[15:25:41] [main/DEBUG] [mixin/]: Processing prepare() for PlatformAgent[MixinPlatformAgentFMLLegacy:ContainerHandleURI(file:/F:/载具包临时/test/%5BClient%5DBFMC-Client%20Update%202026-2-16/%5BClient%5DBFMC-Client%20Update%202026-2-16/.minecraft/mods/CoreTweaks-1.7.10-0.3.3.2.jar)]
[15:25:41] [main/DEBUG] [mixin/]: Processing prepare() for PlatformAgent[MixinPlatformAgentDefault:ContainerHandleURI(file:/F:/载具包临时/test/%5BClient%5DBFMC-Client%20Update%202026-2-16/%5BClient%5DBFMC-Client%20Update%202026-2-16/.minecraft/mods/CoreTweaks-1.7.10-0.3.3.2.jar)]
[15:25:41] [main/DEBUG] [mixin/]: Registering mixin config: coretweaks.mixin.json source=ContainerHandleURI(file:/F:/载具包临时/test/%5BClient%5DBFMC-Client%20Update%202026-2-16/%5BClient%5DBFMC-Client%20Update%202026-2-16/.minecraft/mods/CoreTweaks-1.7.10-0.3.3.2.jar)
[15:25:41] [main/DEBUG] [mixin/]: Registering mixin config: coretweaks-init.mixin.json source=ContainerHandleURI(file:/F:/载具包临时/test/%5BClient%5DBFMC-Client%20Update%202026-2-16/%5BClient%5DBFMC-Client%20Update%202026-2-16/.minecraft/mods/CoreTweaks-1.7.10-0.3.3.2.jar)
[15:25:41] [main/DEBUG] [mixin/]: Registering mixin config: coretweaks-preinit.mixin.json source=ContainerHandleURI(file:/F:/载具包临时/test/%5BClient%5DBFMC-Client%20Update%202026-2-16/%5BClient%5DBFMC-Client%20Update%202026-2-16/.minecraft/mods/CoreTweaks-1.7.10-0.3.3.2.jar)
[15:25:41] [main/DEBUG] [mixin/]: Processing prepare() for PlatformAgent[MixinPlatformAgentFMLLegacy:ContainerHandleURI(file:/F:/载具包临时/test/%5BClient%5DBFMC-Client%20Update%202026-2-16/%5BClient%5DBFMC-Client%20Update%202026-2-16/.minecraft/mods/GTNH-Lib-0.6.39.jar)]
[15:25:41] [main/DEBUG] [mixin/]: Processing prepare() for PlatformAgent[MixinPlatformAgentDefault:ContainerHandleURI(file:/F:/载具包临时/test/%5BClient%5DBFMC-Client%20Update%202026-2-16/%5BClient%5DBFMC-Client%20Update%202026-2-16/.minecraft/mods/GTNH-Lib-0.6.39.jar)]
[15:25:41] [main/DEBUG] [mixin/]: Registering mixin config: mixins.gtnhlib.json source=ContainerHandleURI(file:/F:/载具包临时/test/%5BClient%5DBFMC-Client%20Update%202026-2-16/%5BClient%5DBFMC-Client%20Update%202026-2-16/.minecraft/mods/GTNH-Lib-0.6.39.jar)
[15:25:41] [main/DEBUG] [mixin/]: Processing prepare() for PlatformAgent[MixinPlatformAgentFMLLegacy:ContainerHandleURI(file:/F:/载具包临时/test/%5BClient%5DBFMC-Client%20Update%202026-2-16/%5BClient%5DBFMC-Client%20Update%202026-2-16/.minecraft/mods/mchr-mixin.jar)]
[15:25:41] [main/DEBUG] [mixin/]: Processing prepare() for PlatformAgent[MixinPlatformAgentDefault:ContainerHandleURI(file:/F:/载具包临时/test/%5BClient%5DBFMC-Client%20Update%202026-2-16/%5BClient%5DBFMC-Client%20Update%202026-2-16/.minecraft/mods/mchr-mixin.jar)]
[15:25:41] [main/DEBUG] [mixin/]: Registering mixin config: mixins.mchrmixin.json source=ContainerHandleURI(file:/F:/载具包临时/test/%5BClient%5DBFMC-Client%20Update%202026-2-16/%5BClient%5DBFMC-Client%20Update%202026-2-16/.minecraft/mods/mchr-mixin.jar)
[15:25:41] [main/DEBUG] [mixin/]: Creating FML remapper adapter: org.spongepowered.asm.bridge.RemapperAdapterFML
[15:25:41] [main/DEBUG] [mixin/]: Checking for additional mixins for MixinEnvironment[PREINIT]
[15:25:41] [main/DEBUG] [mixin/]: Selecting config mixins.gtnhmixins.json
[15:25:41] [main/DEBUG] [mixin/]: Selecting config mixins.gasstation.json
[15:25:41] [main/DEBUG] [mixin/]: Selecting config coretweaks-preinit.mixin.json
[15:25:41] [main/DEBUG] [mixin/]: Preparing mixins.gtnhmixins.json (1)
[15:25:41] [main/DEBUG] [mixin/]: Preparing mixins.gasstation.json (0)
[15:25:41] [main/DEBUG] [mixin/]: Preparing coretweaks-preinit.mixin.json (0)
[15:25:41] [main/TRACE] [mixin/]: Added class metadata for java/util/Map$Entry to metadata cache
[15:25:41] [main/INFO] [mixin/]: Initialised Mixin FML Remapper Adapter with cpw.mods.fml.common.asm.transformers.deobf.FMLDeobfuscatingRemapper@3eb631b8
[15:25:41] [main/DEBUG] [mixin/]: Processing launch tasks for PlatformAgent[MixinPlatformAgentFMLLegacy:ContainerHandleURI(file:/F:/载具包临时/test/%5BClient%5DBFMC-Client%20Update%202026-2-16/%5BClient%5DBFMC-Client%20Update%202026-2-16/.minecraft/mods/!+unimixins-all-1.7.10-0.1.23.jar)]
[15:25:41] [main/DEBUG] [mixin/]: Processing launch tasks for PlatformAgent[MixinPlatformAgentDefault:ContainerHandleURI(file:/F:/载具包临时/test/%5BClient%5DBFMC-Client%20Update%202026-2-16/%5BClient%5DBFMC-Client%20Update%202026-2-16/.minecraft/mods/!+unimixins-all-1.7.10-0.1.23.jar)]
[15:25:41] [main/DEBUG] [org.spongepowered.asm.service.mojang.MixinServiceLaunchWrapper/]: Scanning file:/F:/%e8%bd%bd%e5%85%b7%e5%8c%85%e4%b8%b4%e6%97%b6/test/%5bClient%5dBFMC-Client%20Update%202026-2-16/%5bClient%5dBFMC-Client%20Update%202026-2-16/.minecraft/libraries/net/minecraftforge/forge/1.7.10-10.13.4.1614-1.7.10/forge-1.7.10-10.13.4.1614-1.7.10.jar for mixin tweaker
[15:25:41] [main/DEBUG] [org.spongepowered.asm.service.mojang.MixinServiceLaunchWrapper/]: Scanning file:/F:/%e8%bd%bd%e5%85%b7%e5%8c%85%e4%b8%b4%e6%97%b6/test/%5bClient%5dBFMC-Client%20Update%202026-2-16/%5bClient%5dBFMC-Client%20Update%202026-2-16/.minecraft/libraries/net/minecraft/launchwrapper/1.12/launchwrapper-1.12.jar for mixin tweaker
[15:25:41] [main/DEBUG] [org.spongepowered.asm.service.mojang.MixinServiceLaunchWrapper/]: Scanning file:/F:/%e8%bd%bd%e5%85%b7%e5%8c%85%e4%b8%b4%e6%97%b6/test/%5bClient%5dBFMC-Client%20Update%202026-2-16/%5bClient%5dBFMC-Client%20Update%202026-2-16/.minecraft/libraries/org/ow2/asm/asm-all/5.0.3/asm-all-5.0.3.jar for mixin tweaker
[15:25:41] [main/DEBUG] [org.spongepowered.asm.service.mojang.MixinServiceLaunchWrapper/]: Scanning file:/F:/%e8%bd%bd%e5%85%b7%e5%8c%85%e4%b8%b4%e6%97%b6/test/%5bClient%5dBFMC-Client%20Update%202026-2-16/%5bClient%5dBFMC-Client%20Update%202026-2-16/.minecraft/libraries/com/typesafe/akka/akka-actor_2.11/2.3.3/akka-actor_2.11-2.3.3.jar for mixin tweaker
[15:25:41] [main/DEBUG] [org.spongepowered.asm.service.mojang.MixinServiceLaunchWrapper/]: Scanning file:/F:/%e8%bd%bd%e5%85%b7%e5%8c%85%e4%b8%b4%e6%97%b6/test/%5bClient%5dBFMC-Client%20Update%202026-2-16/%5bClient%5dBFMC-Client%20Update%202026-2-16/.minecraft/libraries/com/typesafe/config/1.2.1/config-1.2.1.jar for mixin tweaker
[15:25:41] [main/DEBUG] [org.spongepowered.asm.service.mojang.MixinServiceLaunchWrapper/]: Scanning file:/F:/%e8%bd%bd%e5%85%b7%e5%8c%85%e4%b8%b4%e6%97%b6/test/%5bClient%5dBFMC-Client%20Update%202026-2-16/%5bClient%5dBFMC-Client%20Update%202026-2-16/.minecraft/libraries/org/scala-lang/scala-actors-migration_2.11/1.1.0/scala-actors-migration_2.11-1.1.0.jar for mixin tweaker
[15:25:41] [main/DEBUG] [org.spongepowered.asm.service.mojang.MixinServiceLaunchWrapper/]: Scanning file:/F:/%e8%bd%bd%e5%85%b7%e5%8c%85%e4%b8%b4%e6%97%b6/test/%5bClient%5dBFMC-Client%20Update%202026-2-16/%5bClient%5dBFMC-Client%20Update%202026-2-16/.minecraft/libraries/org/scala-lang/scala-compiler/2.11.1/scala-compiler-2.11.1.jar for mixin tweaker
[15:25:41] [main/DEBUG] [org.spongepowered.asm.service.mojang.MixinServiceLaunchWrapper/]: Scanning file:/F:/%e8%bd%bd%e5%85%b7%e5%8c%85%e4%b8%b4%e6%97%b6/test/%5bClient%5dBFMC-Client%20Update%202026-2-16/%5bClient%5dBFMC-Client%20Update%202026-2-16/.minecraft/libraries/org/scala-lang/plugins/scala-continuations-library_2.11/1.0.2/scala-continuations-library_2.11-1.0.2.jar for mixin tweaker
[15:25:41] [main/DEBUG] [org.spongepowered.asm.service.mojang.MixinServiceLaunchWrapper/]: Scanning file:/F:/%e8%bd%bd%e5%85%b7%e5%8c%85%e4%b8%b4%e6%97%b6/test/%5bClient%5dBFMC-Client%20Update%202026-2-16/%5bClient%5dBFMC-Client%20Update%202026-2-16/.minecraft/libraries/org/scala-lang/plugins/scala-continuations-plugin_2.11.1/1.0.2/scala-continuations-plugin_2.11.1-1.0.2.jar for mixin tweaker
[15:25:41] [main/DEBUG] [org.spongepowered.asm.service.mojang.MixinServiceLaunchWrapper/]: Scanning file:/F:/%e8%bd%bd%e5%85%b7%e5%8c%85%e4%b8%b4%e6%97%b6/test/%5bClient%5dBFMC-Client%20Update%202026-2-16/%5bClient%5dBFMC-Client%20Update%202026-2-16/.minecraft/libraries/org/scala-lang/scala-library/2.11.1/scala-library-2.11.1.jar for mixin tweaker
[15:25:41] [main/DEBUG] [org.spongepowered.asm.service.mojang.MixinServiceLaunchWrapper/]: Scanning file:/F:/%e8%bd%bd%e5%85%b7%e5%8c%85%e4%b8%b4%e6%97%b6/test/%5bClient%5dBFMC-Client%20Update%202026-2-16/%5bClient%5dBFMC-Client%20Update%202026-2-16/.minecraft/libraries/org/scala-lang/scala-parser-combinators_2.11/1.0.1/scala-parser-combinators_2.11-1.0.1.jar for mixin tweaker
[15:25:41] [main/DEBUG] [org.spongepowered.asm.service.mojang.MixinServiceLaunchWrapper/]: Scanning file:/F:/%e8%bd%bd%e5%85%b7%e5%8c%85%e4%b8%b4%e6%97%b6/test/%5bClient%5dBFMC-Client%20Update%202026-2-16/%5bClient%5dBFMC-Client%20Update%202026-2-16/.minecraft/libraries/org/scala-lang/scala-reflect/2.11.1/scala-reflect-2.11.1.jar for mixin tweaker
[15:25:41] [main/DEBUG] [org.spongepowered.asm.service.mojang.MixinServiceLaunchWrapper/]: Scanning file:/F:/%e8%bd%bd%e5%85%b7%e5%8c%85%e4%b8%b4%e6%97%b6/test/%5bClient%5dBFMC-Client%20Update%202026-2-16/%5bClient%5dBFMC-Client%20Update%202026-2-16/.minecraft/libraries/org/scala-lang/scala-swing_2.11/1.0.1/scala-swing_2.11-1.0.1.jar for mixin tweaker
[15:25:41] [main/DEBUG] [org.spongepowered.asm.service.mojang.MixinServiceLaunchWrapper/]: Scanning file:/F:/%e8%bd%bd%e5%85%b7%e5%8c%85%e4%b8%b4%e6%97%b6/test/%5bClient%5dBFMC-Client%20Update%202026-2-16/%5bClient%5dBFMC-Client%20Update%202026-2-16/.minecraft/libraries/org/scala-lang/scala-xml_2.11/1.0.2/scala-xml_2.11-1.0.2.jar for mixin tweaker
[15:25:41] [main/DEBUG] [org.spongepowered.asm.service.mojang.MixinServiceLaunchWrapper/]: Scanning file:/F:/%e8%bd%bd%e5%85%b7%e5%8c%85%e4%b8%b4%e6%97%b6/test/%5bClient%5dBFMC-Client%20Update%202026-2-16/%5bClient%5dBFMC-Client%20Update%202026-2-16/.minecraft/libraries/lzma/lzma/0.0.1/lzma-0.0.1.jar for mixin tweaker
[15:25:41] [main/DEBUG] [org.spongepowered.asm.service.mojang.MixinServiceLaunchWrapper/]: Scanning file:/F:/%e8%bd%bd%e5%85%b7%e5%8c%85%e4%b8%b4%e6%97%b6/test/%5bClient%5dBFMC-Client%20Update%202026-2-16/%5bClient%5dBFMC-Client%20Update%202026-2-16/.minecraft/libraries/net/sf/jopt-simple/jopt-simple/4.5/jopt-simple-4.5.jar for mixin tweaker
[15:25:41] [main/DEBUG] [org.spongepowered.asm.service.mojang.MixinServiceLaunchWrapper/]: Scanning file:/F:/%e8%bd%bd%e5%85%b7%e5%8c%85%e4%b8%b4%e6%97%b6/test/%5bClient%5dBFMC-Client%20Update%202026-2-16/%5bClient%5dBFMC-Client%20Update%202026-2-16/.minecraft/libraries/com/google/guava/guava/17.0/guava-17.0.jar for mixin tweaker
[15:25:41] [main/DEBUG] [org.spongepowered.asm.service.mojang.MixinServiceLaunchWrapper/]: Scanning file:/F:/%e8%bd%bd%e5%85%b7%e5%8c%85%e4%b8%b4%e6%97%b6/test/%5bClient%5dBFMC-Client%20Update%202026-2-16/%5bClient%5dBFMC-Client%20Update%202026-2-16/.minecraft/libraries/org/apache/commons/commons-lang3/3.3.2/commons-lang3-3.3.2.jar for mixin tweaker
[15:25:41] [main/DEBUG] [org.spongepowered.asm.service.mojang.MixinServiceLaunchWrapper/]: Scanning file:/F:/%e8%bd%bd%e5%85%b7%e5%8c%85%e4%b8%b4%e6%97%b6/test/%5bClient%5dBFMC-Client%20Update%202026-2-16/%5bClient%5dBFMC-Client%20Update%202026-2-16/.minecraft/libraries/com/mojang/netty/1.6/netty-1.6.jar for mixin tweaker
[15:25:41] [main/DEBUG] [org.spongepowered.asm.service.mojang.MixinServiceLaunchWrapper/]: Scanning file:/F:/%e8%bd%bd%e5%85%b7%e5%8c%85%e4%b8%b4%e6%97%b6/test/%5bClient%5dBFMC-Client%20Update%202026-2-16/%5bClient%5dBFMC-Client%20Update%202026-2-16/.minecraft/libraries/com/mojang/realms/1.3.5/realms-1.3.5.jar for mixin tweaker
[15:25:41] [main/DEBUG] [org.spongepowered.asm.service.mojang.MixinServiceLaunchWrapper/]: Scanning file:/F:/%e8%bd%bd%e5%85%b7%e5%8c%85%e4%b8%b4%e6%97%b6/test/%5bClient%5dBFMC-Client%20Update%202026-2-16/%5bClient%5dBFMC-Client%20Update%202026-2-16/.minecraft/libraries/org/apache/commons/commons-compress/1.8.1/commons-compress-1.8.1.jar for mixin tweaker
[15:25:41] [main/DEBUG] [org.spongepowered.asm.service.mojang.MixinServiceLaunchWrapper/]: Scanning file:/F:/%e8%bd%bd%e5%85%b7%e5%8c%85%e4%b8%b4%e6%97%b6/test/%5bClient%5dBFMC-Client%20Update%202026-2-16/%5bClient%5dBFMC-Client%20Update%202026-2-16/.minecraft/libraries/org/apache/httpcomponents/httpclient/4.3.3/httpclient-4.3.3.jar for mixin tweaker
[15:25:41] [main/DEBUG] [org.spongepowered.asm.service.mojang.MixinServiceLaunchWrapper/]: Scanning file:/F:/%e8%bd%bd%e5%85%b7%e5%8c%85%e4%b8%b4%e6%97%b6/test/%5bClient%5dBFMC-Client%20Update%202026-2-16/%5bClient%5dBFMC-Client%20Update%202026-2-16/.minecraft/libraries/commons-logging/commons-logging/1.1.3/commons-logging-1.1.3.jar for mixin tweaker
[15:25:41] [main/DEBUG] [org.spongepowered.asm.service.mojang.MixinServiceLaunchWrapper/]: Scanning file:/F:/%e8%bd%bd%e5%85%b7%e5%8c%85%e4%b8%b4%e6%97%b6/test/%5bClient%5dBFMC-Client%20Update%202026-2-16/%5bClient%5dBFMC-Client%20Update%202026-2-16/.minecraft/libraries/org/apache/httpcomponents/httpcore/4.3.2/httpcore-4.3.2.jar for mixin tweaker
[15:25:41] [main/DEBUG] [org.spongepowered.asm.service.mojang.MixinServiceLaunchWrapper/]: Scanning file:/F:/%e8%bd%bd%e5%85%b7%e5%8c%85%e4%b8%b4%e6%97%b6/test/%5bClient%5dBFMC-Client%20Update%202026-2-16/%5bClient%5dBFMC-Client%20Update%202026-2-16/.minecraft/libraries/java3d/vecmath/1.3.1/vecmath-1.3.1.jar for mixin tweaker
[15:25:41] [main/DEBUG] [org.spongepowered.asm.service.mojang.MixinServiceLaunchWrapper/]: Scanning file:/F:/%e8%bd%bd%e5%85%b7%e5%8c%85%e4%b8%b4%e6%97%b6/test/%5bClient%5dBFMC-Client%20Update%202026-2-16/%5bClient%5dBFMC-Client%20Update%202026-2-16/.minecraft/libraries/net/sf/trove4j/trove4j/3.0.3/trove4j-3.0.3.jar for mixin tweaker
[15:25:41] [main/DEBUG] [org.spongepowered.asm.service.mojang.MixinServiceLaunchWrapper/]: Scanning file:/F:/%e8%bd%bd%e5%85%b7%e5%8c%85%e4%b8%b4%e6%97%b6/test/%5bClient%5dBFMC-Client%20Update%202026-2-16/%5bClient%5dBFMC-Client%20Update%202026-2-16/.minecraft/libraries/com/ibm/icu/icu4j-core-mojang/51.2/icu4j-core-mojang-51.2.jar for mixin tweaker
[15:25:41] [main/DEBUG] [org.spongepowered.asm.service.mojang.MixinServiceLaunchWrapper/]: Scanning file:/F:/%e8%bd%bd%e5%85%b7%e5%8c%85%e4%b8%b4%e6%97%b6/test/%5bClient%5dBFMC-Client%20Update%202026-2-16/%5bClient%5dBFMC-Client%20Update%202026-2-16/.minecraft/libraries/net/sf/jopt-simple/jopt-simple/4.5/jopt-simple-4.5.jar for mixin tweaker
[15:25:41] [main/DEBUG] [org.spongepowered.asm.service.mojang.MixinServiceLaunchWrapper/]: Scanning file:/F:/%e8%bd%bd%e5%85%b7%e5%8c%85%e4%b8%b4%e6%97%b6/test/%5bClient%5dBFMC-Client%20Update%202026-2-16/%5bClient%5dBFMC-Client%20Update%202026-2-16/.minecraft/libraries/com/paulscode/codecjorbis/20101023/codecjorbis-20101023.jar for mixin tweaker
[15:25:41] [main/DEBUG] [org.spongepowered.asm.service.mojang.MixinServiceLaunchWrapper/]: Scanning file:/F:/%e8%bd%bd%e5%85%b7%e5%8c%85%e4%b8%b4%e6%97%b6/test/%5bClient%5dBFMC-Client%20Update%202026-2-16/%5bClient%5dBFMC-Client%20Update%202026-2-16/.minecraft/libraries/com/paulscode/codecwav/20101023/codecwav-20101023.jar for mixin tweaker
[15:25:41] [main/DEBUG] [org.spongepowered.asm.service.mojang.MixinServiceLaunchWrapper/]: Scanning file:/F:/%e8%bd%bd%e5%85%b7%e5%8c%85%e4%b8%b4%e6%97%b6/test/%5bClient%5dBFMC-Client%20Update%202026-2-16/%5bClient%5dBFMC-Client%20Update%202026-2-16/.minecraft/libraries/com/paulscode/libraryjavasound/20101123/libraryjavasound-20101123.jar for mixin tweaker
[15:25:41] [main/DEBUG] [org.spongepowered.asm.service.mojang.MixinServiceLaunchWrapper/]: Scanning file:/F:/%e8%bd%bd%e5%85%b7%e5%8c%85%e4%b8%b4%e6%97%b6/test/%5bClient%5dBFMC-Client%20Update%202026-2-16/%5bClient%5dBFMC-Client%20Update%202026-2-16/.minecraft/libraries/com/paulscode/librarylwjglopenal/20100824/librarylwjglopenal-20100824.jar for mixin tweaker
[15:25:41] [main/DEBUG] [org.spongepowered.asm.service.mojang.MixinServiceLaunchWrapper/]: Scanning file:/F:/%e8%bd%bd%e5%85%b7%e5%8c%85%e4%b8%b4%e6%97%b6/test/%5bClient%5dBFMC-Client%20Update%202026-2-16/%5bClient%5dBFMC-Client%20Update%202026-2-16/.minecraft/libraries/com/paulscode/soundsystem/20120107/soundsystem-20120107.jar for mixin tweaker
[15:25:41] [main/DEBUG] [org.spongepowered.asm.service.mojang.MixinServiceLaunchWrapper/]: Scanning file:/F:/%e8%bd%bd%e5%85%b7%e5%8c%85%e4%b8%b4%e6%97%b6/test/%5bClient%5dBFMC-Client%20Update%202026-2-16/%5bClient%5dBFMC-Client%20Update%202026-2-16/.minecraft/libraries/io/netty/netty-all/4.0.10.Final/netty-all-4.0.10.Final.jar for mixin tweaker
[15:25:41] [main/DEBUG] [org.spongepowered.asm.service.mojang.MixinServiceLaunchWrapper/]: Scanning file:/F:/%e8%bd%bd%e5%85%b7%e5%8c%85%e4%b8%b4%e6%97%b6/test/%5bClient%5dBFMC-Client%20Update%202026-2-16/%5bClient%5dBFMC-Client%20Update%202026-2-16/.minecraft/libraries/com/google/guava/guava/15.0/guava-15.0.jar for mixin tweaker
[15:25:41] [main/DEBUG] [org.spongepowered.asm.service.mojang.MixinServiceLaunchWrapper/]: Scanning file:/F:/%e8%bd%bd%e5%85%b7%e5%8c%85%e4%b8%b4%e6%97%b6/test/%5bClient%5dBFMC-Client%20Update%202026-2-16/%5bClient%5dBFMC-Client%20Update%202026-2-16/.minecraft/libraries/org/apache/commons/commons-lang3/3.1/commons-lang3-3.1.jar for mixin tweaker
[15:25:41] [main/DEBUG] [org.spongepowered.asm.service.mojang.MixinServiceLaunchWrapper/]: Scanning file:/F:/%e8%bd%bd%e5%85%b7%e5%8c%85%e4%b8%b4%e6%97%b6/test/%5bClient%5dBFMC-Client%20Update%202026-2-16/%5bClient%5dBFMC-Client%20Update%202026-2-16/.minecraft/libraries/commons-io/commons-io/2.4/commons-io-2.4.jar for mixin tweaker
[15:25:41] [main/DEBUG] [org.spongepowered.asm.service.mojang.MixinServiceLaunchWrapper/]: Scanning file:/F:/%e8%bd%bd%e5%85%b7%e5%8c%85%e4%b8%b4%e6%97%b6/test/%5bClient%5dBFMC-Client%20Update%202026-2-16/%5bClient%5dBFMC-Client%20Update%202026-2-16/.minecraft/libraries/commons-codec/commons-codec/1.9/commons-codec-1.9.jar for mixin tweaker
[15:25:41] [main/DEBUG] [org.spongepowered.asm.service.mojang.MixinServiceLaunchWrapper/]: Scanning file:/F:/%e8%bd%bd%e5%85%b7%e5%8c%85%e4%b8%b4%e6%97%b6/test/%5bClient%5dBFMC-Client%20Update%202026-2-16/%5bClient%5dBFMC-Client%20Update%202026-2-16/.minecraft/libraries/net/java/jinput/jinput/2.0.5/jinput-2.0.5.jar for mixin tweaker
[15:25:41] [main/DEBUG] [org.spongepowered.asm.service.mojang.MixinServiceLaunchWrapper/]: Scanning file:/F:/%e8%bd%bd%e5%85%b7%e5%8c%85%e4%b8%b4%e6%97%b6/test/%5bClient%5dBFMC-Client%20Update%202026-2-16/%5bClient%5dBFMC-Client%20Update%202026-2-16/.minecraft/libraries/net/java/jutils/jutils/1.0.0/jutils-1.0.0.jar for mixin tweaker
[15:25:41] [main/DEBUG] [org.spongepowered.asm.service.mojang.MixinServiceLaunchWrapper/]: Scanning file:/F:/%e8%bd%bd%e5%85%b7%e5%8c%85%e4%b8%b4%e6%97%b6/test/%5bClient%5dBFMC-Client%20Update%202026-2-16/%5bClient%5dBFMC-Client%20Update%202026-2-16/.minecraft/libraries/com/google/code/gson/gson/2.2.4/gson-2.2.4.jar for mixin tweaker
[15:25:41] [main/DEBUG] [org.spongepowered.asm.service.mojang.MixinServiceLaunchWrapper/]: Scanning file:/F:/%e8%bd%bd%e5%85%b7%e5%8c%85%e4%b8%b4%e6%97%b6/test/%5bClient%5dBFMC-Client%20Update%202026-2-16/%5bClient%5dBFMC-Client%20Update%202026-2-16/.minecraft/libraries/com/mojang/authlib/1.5.21/authlib-1.5.21.jar for mixin tweaker
[15:25:41] [main/DEBUG] [org.spongepowered.asm.service.mojang.MixinServiceLaunchWrapper/]: Scanning file:/F:/%e8%bd%bd%e5%85%b7%e5%8c%85%e4%b8%b4%e6%97%b6/test/%5bClient%5dBFMC-Client%20Update%202026-2-16/%5bClient%5dBFMC-Client%20Update%202026-2-16/.minecraft/libraries/org/apache/logging/log4j/log4j-api/2.0-beta9/log4j-api-2.0-beta9.jar for mixin tweaker
[15:25:41] [main/DEBUG] [org.spongepowered.asm.service.mojang.MixinServiceLaunchWrapper/]: Scanning file:/F:/%e8%bd%bd%e5%85%b7%e5%8c%85%e4%b8%b4%e6%97%b6/test/%5bClient%5dBFMC-Client%20Update%202026-2-16/%5bClient%5dBFMC-Client%20Update%202026-2-16/.minecraft/libraries/org/apache/logging/log4j/log4j-core/2.0-beta9/log4j-core-2.0-beta9.jar for mixin tweaker
[15:25:41] [main/DEBUG] [org.spongepowered.asm.service.mojang.MixinServiceLaunchWrapper/]: Scanning file:/F:/%e8%bd%bd%e5%85%b7%e5%8c%85%e4%b8%b4%e6%97%b6/test/%5bClient%5dBFMC-Client%20Update%202026-2-16/%5bClient%5dBFMC-Client%20Update%202026-2-16/.minecraft/libraries/org/lwjgl/lwjgl/lwjgl/2.9.1/lwjgl-2.9.1.jar for mixin tweaker
[15:25:41] [main/DEBUG] [org.spongepowered.asm.service.mojang.MixinServiceLaunchWrapper/]: Scanning file:/F:/%e8%bd%bd%e5%85%b7%e5%8c%85%e4%b8%b4%e6%97%b6/test/%5bClient%5dBFMC-Client%20Update%202026-2-16/%5bClient%5dBFMC-Client%20Update%202026-2-16/.minecraft/libraries/org/lwjgl/lwjgl/lwjgl_util/2.9.1/lwjgl_util-2.9.1.jar for mixin tweaker
[15:25:41] [main/DEBUG] [org.spongepowered.asm.service.mojang.MixinServiceLaunchWrapper/]: Scanning file:/F:/%e8%bd%bd%e5%85%b7%e5%8c%85%e4%b8%b4%e6%97%b6/test/%5bClient%5dBFMC-Client%20Update%202026-2-16/%5bClient%5dBFMC-Client%20Update%202026-2-16/.minecraft/libraries/org/lwjgl/lwjgl/lwjgl-platform/2.9.1/lwjgl-platform-2.9.1-natives-windows.jar for mixin tweaker
[15:25:41] [main/DEBUG] [org.spongepowered.asm.service.mojang.MixinServiceLaunchWrapper/]: Scanning file:/F:/%e8%bd%bd%e5%85%b7%e5%8c%85%e4%b8%b4%e6%97%b6/test/%5bClient%5dBFMC-Client%20Update%202026-2-16/%5bClient%5dBFMC-Client%20Update%202026-2-16/.minecraft/libraries/net/java/jinput/jinput-platform/2.0.5/jinput-platform-2.0.5-natives-windows.jar for mixin tweaker
[15:25:41] [main/DEBUG] [org.spongepowered.asm.service.mojang.MixinServiceLaunchWrapper/]: Scanning file:/F:/%e8%bd%bd%e5%85%b7%e5%8c%85%e4%b8%b4%e6%97%b6/test/%5bClient%5dBFMC-Client%20Update%202026-2-16/%5bClient%5dBFMC-Client%20Update%202026-2-16/.minecraft/libraries/tv/twitch/twitch/5.16/twitch-5.16.jar for mixin tweaker
[15:25:41] [main/DEBUG] [org.spongepowered.asm.service.mojang.MixinServiceLaunchWrapper/]: Scanning file:/F:/%e8%bd%bd%e5%85%b7%e5%8c%85%e4%b8%b4%e6%97%b6/test/%5bClient%5dBFMC-Client%20Update%202026-2-16/%5bClient%5dBFMC-Client%20Update%202026-2-16/.minecraft/libraries/tv/twitch/twitch-platform/5.16/twitch-platform-5.16-natives-windows-64.jar for mixin tweaker
[15:25:41] [main/DEBUG] [org.spongepowered.asm.service.mojang.MixinServiceLaunchWrapper/]: Scanning file:/F:/%e8%bd%bd%e5%85%b7%e5%8c%85%e4%b8%b4%e6%97%b6/test/%5bClient%5dBFMC-Client%20Update%202026-2-16/%5bClient%5dBFMC-Client%20Update%202026-2-16/.minecraft/libraries/tv/twitch/twitch-external-platform/4.5/twitch-external-platform-4.5-natives-windows-64.jar for mixin tweaker
[15:25:41] [main/DEBUG] [org.spongepowered.asm.service.mojang.MixinServiceLaunchWrapper/]: Scanning file:/F:/%e8%bd%bd%e5%85%b7%e5%8c%85%e4%b8%b4%e6%97%b6/test/%5bClient%5dBFMC-Client%20Update%202026-2-16/%5bClient%5dBFMC-Client%20Update%202026-2-16/.minecraft/versions/1.7.10/1.7.10.jar for mixin tweaker
[15:25:41] [main/DEBUG] [org.spongepowered.asm.service.mojang.MixinServiceLaunchWrapper/]: Scanning file:/F:/载具包临时/test/%5BClient%5DBFMC-Client%20Update%202026-2-16/%5BClient%5DBFMC-Client%20Update%202026-2-16/.minecraft/mods/!+unimixins-all-1.7.10-0.1.23.jar for mixin tweaker
[15:25:41] [main/DEBUG] [org.spongepowered.asm.service.mojang.MixinServiceLaunchWrapper/]: Scanning file:/F:/载具包临时/test/%5BClient%5DBFMC-Client%20Update%202026-2-16/%5BClient%5DBFMC-Client%20Update%202026-2-16/.minecraft/mods/Angelica-1.0.0-beta54.jar for mixin tweaker
[15:25:41] [main/DEBUG] [org.spongepowered.asm.service.mojang.MixinServiceLaunchWrapper/]: Scanning file:/F:/载具包临时/test/%5BClient%5DBFMC-Client%20Update%202026-2-16/%5BClient%5DBFMC-Client%20Update%202026-2-16/.minecraft/mods/CoreTweaks-1.7.10-0.3.3.2.jar for mixin tweaker
[15:25:41] [main/DEBUG] [org.spongepowered.asm.service.mojang.MixinServiceLaunchWrapper/]: Scanning file:/F:/载具包临时/test/%5BClient%5DBFMC-Client%20Update%202026-2-16/%5BClient%5DBFMC-Client%20Update%202026-2-16/.minecraft/mods/EntityRenderDistanceExtender-1.0c.jar for mixin tweaker
[15:25:41] [main/DEBUG] [org.spongepowered.asm.service.mojang.MixinServiceLaunchWrapper/]: Scanning file:/F:/载具包临时/test/%5BClient%5DBFMC-Client%20Update%202026-2-16/%5BClient%5DBFMC-Client%20Update%202026-2-16/.minecraft/mods/GTNH-Lib-0.6.39.jar for mixin tweaker
[15:25:41] [main/DEBUG] [org.spongepowered.asm.service.mojang.MixinServiceLaunchWrapper/]: Scanning file:/F:/载具包临时/test/%5BClient%5DBFMC-Client%20Update%202026-2-16/%5BClient%5DBFMC-Client%20Update%202026-2-16/.minecraft/mods/InputFix-1.7.10-v6.jar for mixin tweaker
[15:25:41] [main/DEBUG] [org.spongepowered.asm.service.mojang.MixinServiceLaunchWrapper/]: Scanning file:/F:/载具包临时/test/%5BClient%5DBFMC-Client%20Update%202026-2-16/%5BClient%5DBFMC-Client%20Update%202026-2-16/.minecraft/mods/mchr-mixin.jar for mixin tweaker
[15:25:41] [main/DEBUG] [org.spongepowered.asm.service.mojang.MixinServiceLaunchWrapper/]: Scanning file:/F:/载具包临时/test/%5BClient%5DBFMC-Client%20Update%202026-2-16/%5BClient%5DBFMC-Client%20Update%202026-2-16/.minecraft/mods/SignPicture-1.7.10-2.8.0-universal.jar for mixin tweaker
[15:25:41] [main/DEBUG] [org.spongepowered.asm.service.mojang.MixinServiceLaunchWrapper/]: Scanning file:/F:/载具包临时/test/%5BClient%5DBFMC-Client%20Update%202026-2-16/%5BClient%5DBFMC-Client%20Update%202026-2-16/.minecraft/mods/UnicodeFontExtension.jar for mixin tweaker
[15:25:41] [main/DEBUG] [org.spongepowered.asm.service.mojang.MixinServiceLaunchWrapper/]: Scanning file:/F:/载具包临时/test/%5BClient%5DBFMC-Client%20Update%202026-2-16/%5BClient%5DBFMC-Client%20Update%202026-2-16/.minecraft/mods/UraniumPlus.jar for mixin tweaker
[15:25:41] [main/DEBUG] [org.spongepowered.asm.service.mojang.MixinServiceLaunchWrapper/]: Scanning file:/F:/载具包临时/test/%5BClient%5DBFMC-Client%20Update%202026-2-16/%5BClient%5DBFMC-Client%20Update%202026-2-16/.minecraft/mods/Xaeros_Minimap_21.10.44_Forge_1.7.10.jar for mixin tweaker
[15:25:41] [main/DEBUG] [org.spongepowered.asm.service.mojang.MixinServiceLaunchWrapper/]: Scanning file:/F:/载具包临时/test/%5BClient%5DBFMC-Client%20Update%202026-2-16/%5BClient%5DBFMC-Client%20Update%202026-2-16/.minecraft/mods/XaerosWorldMap_1.14.1.33_Forge_1.7.10.jar for mixin tweaker
[15:25:41] [main/DEBUG] [mixin/]: Adding agents for Mixin Container ContainerHandleURI(file:/F:/载具包临时/test/%5BClient%5DBFMC-Client%20Update%202026-2-16/%5BClient%5DBFMC-Client%20Update%202026-2-16/.minecraft/mods/!+unimixins-all-1.7.10-0.1.23.jar)
[15:25:41] [main/DEBUG] [mixin/]: Adding agents for Mixin Container ContainerHandleURI(file:/F:/载具包临时/test/%5BClient%5DBFMC-Client%20Update%202026-2-16/%5BClient%5DBFMC-Client%20Update%202026-2-16/.minecraft/mods/Angelica-1.0.0-beta54.jar)
[15:25:41] [main/DEBUG] [mixin/]: Adding agents for Mixin Container ContainerHandleURI(file:/F:/载具包临时/test/%5BClient%5DBFMC-Client%20Update%202026-2-16/%5BClient%5DBFMC-Client%20Update%202026-2-16/.minecraft/mods/CoreTweaks-1.7.10-0.3.3.2.jar)
[15:25:41] [main/DEBUG] [mixin/]: Adding agents for Mixin Container ContainerHandleURI(file:/F:/载具包临时/test/%5BClient%5DBFMC-Client%20Update%202026-2-16/%5BClient%5DBFMC-Client%20Update%202026-2-16/.minecraft/mods/GTNH-Lib-0.6.39.jar)
[15:25:41] [main/DEBUG] [mixin/]: Adding agents for Mixin Container ContainerHandleURI(file:/F:/载具包临时/test/%5BClient%5DBFMC-Client%20Update%202026-2-16/%5BClient%5DBFMC-Client%20Update%202026-2-16/.minecraft/mods/mchr-mixin.jar)
[15:25:41] [main/DEBUG] [mixin/]: inject() running with 5 agents
[15:25:41] [main/DEBUG] [mixin/]: Processing inject() for PlatformAgent[MixinPlatformAgentFMLLegacy:ContainerHandleURI(file:/F:/载具包临时/test/%5BClient%5DBFMC-Client%20Update%202026-2-16/%5BClient%5DBFMC-Client%20Update%202026-2-16/.minecraft/mods/!+unimixins-all-1.7.10-0.1.23.jar)]
[15:25:41] [main/DEBUG] [mixin/]: FML agent is co-initiralising coremod instance AllCore {[]} for ContainerHandleURI(file:/F:/载具包临时/test/%5BClient%5DBFMC-Client%20Update%202026-2-16/%5BClient%5DBFMC-Client%20Update%202026-2-16/.minecraft/mods/!+unimixins-all-1.7.10-0.1.23.jar)
[15:25:41] [main/DEBUG] [FML/]: Injecting coremod AllCore {io.github.legacymoddingmc.unimixins.all.AllCore} class transformers
[15:25:41] [main/TRACE] [FML/]: Registering transformer io.github.legacymoddingmc.unimixins.compat.asm.EnhanceCrashReportsTransformer
[15:25:41] [main/DEBUG] [FML/]: Injection complete
[15:25:41] [main/DEBUG] [FML/]: Running coremod plugin for AllCore {io.github.legacymoddingmc.unimixins.all.AllCore}
[15:25:41] [main/DEBUG] [FML/]: Running coremod plugin AllCore
[15:25:41] [main/INFO] [GasStation Core Plugin/]: Adding mixins.mchrmixin.json mixin configuration.
[15:25:41] [main/DEBUG] [GTNHMixins/]: Searching coremodList for IEarlyMixinLoaders
[15:25:41] [main/DEBUG] [GTNHMixins/]: LoadedCoreMods [bre.ufex.asm.CorePlugin, xaero.common.core.XaeroMinimapPlugin, cpw.mods.fml.relauncher.FMLCorePlugin, com.gtnewhorizons.angelica.loading.AngelicaTweaker, org.spongepowered.asm.launch.MixinTweaker, makamys.coretweaks.CoreTweaksPlugin, net.tclproject.mysteriumlib.asm.fixes.MysteriumPatchesFixLoaderZ, com.kamesuta.mc.signpic.asm.SignPictureCorePlugin, net.minecraftforge.classloading.FMLForgePlugin, lain.mods.inputfix.InputFix, io.github.legacymoddingmc.unimixins.all.AllCore, GTNHLib Core, xaero.map.core.XaeroWorldMapPlugin, cc.uraniummc.UraniumPlusCore, cpw.mods.fml.common.launcher.FMLDeobfTweaker, net.tv90.mchrmixin.MCH_Mixin_FMLCore]
[15:25:41] [main/DEBUG] [GTNHMixins/]: Loading mixins from IEarlyMixinLoader [com.gtnewhorizons.angelica.loading.AngelicaTweaker]
[15:25:41] [main/DEBUG] [GTNHMixins/]: ITargetMods found during Phase EARLY: []
[15:25:41] [main/DEBUG] [GTNHMixins/]: ITargetMods not found during Phase EARLY: [DYNAMIC_SURROUNDINGS_ORIGINAL, IC2, BACKHAND, ARCHAICFIX, DYNAMIC_SURROUNDINGS_MIST]
[15:25:41] [main/DEBUG] [GTNHMixins/]: Not loading the following EARLY mixins: [angelica.debug.MixinProfiler, angelica.debug.MixinSplashProgress, angelica.debug.MixinTextureManager, angelica.itemrenderer.MixinItemRenderer, angelica.hudcaching.MixinGuiIngame, angelica.hudcaching.MixinGuiIngameForge, angelica.hudcaching.MixinRenderGameOverlayEvent, angelica.hudcaching.MixinEntityRenderer_HUDCaching, angelica.hudcaching.MixinFramebuffer_HUDCaching, angelica.hudcaching.MixinGuiIngame_HUDCaching, angelica.hudcaching.MixinGuiIngameForge_HUDCaching, angelica.hudcaching.MixinRenderItem, mcpatcherforge.base.MixinBlockGrass, mcpatcherforge.base.MixinBlockMycelium, mcpatcherforge.base.MixinAbstractTexture, mcpatcherforge.base.MixinTextureAtlasSprite, mcpatcherforge.base.MixinSimpleReloadableResourceManager, mcpatcherforge.base.MixinMinecraft, mcpatcherforge.renderpass.MixinEntityRenderer, mcpatcherforge.renderpass.MixinRenderBlocks, mcpatcherforge.renderpass.MixinRenderGlobal, mcpatcherforge.renderpass.MixinWorldRenderer, mcpatcherforge.cc.block.material.MixinMapColor, mcpatcherforge.cc.block.MixinBlock, mcpatcherforge.cc.block.MixinBlockDoublePlant, mcpatcherforge.cc.block.MixinBlockGrass, mcpatcherforge.cc.block.MixinBlockLeaves, mcpatcherforge.cc.block.MixinBlockLilyPad, mcpatcherforge.cc.block.MixinBlockLiquid, mcpatcherforge.cc.block.MixinBlockOldLeaf, mcpatcherforge.cc.block.MixinBlockRedstoneWire, mcpatcherforge.cc.block.MixinBlockReed, mcpatcherforge.cc.block.MixinBlockStem, mcpatcherforge.cc.block.MixinBlockTallGrass, mcpatcherforge.cc.block.MixinBlockVine, mcpatcherforge.cc.client.particle.MixinEntityAuraFX, mcpatcherforge.cc.client.particle.MixinEntityBubbleFX, mcpatcherforge.cc.client.particle.MixinEntityDropParticleFX, mcpatcherforge.cc.client.particle.MixinEntityPortalFX, mcpatcherforge.cc.client.particle.MixinEntityRainFX, mcpatcherforge.cc.client.particle.MixinEntityRedDustFX, mcpatcherforge.cc.client.particle.MixinEntitySplashFX, mcpatcherforge.cc.client.particle.MixinEntitySuspendFX, mcpatcherforge.cc.client.renderer.entity.MixinRenderWolf, mcpatcherforge.cc.client.renderer.entity.MixinRenderXPOrb, mcpatcherforge.cc.client.renderer.tileentity.MixinTileEntitySignRenderer, mcpatcherforge.cc.client.renderer.MixinEntityRenderer, mcpatcherforge.cc.client.renderer.MixinItemRenderer, mcpatcherforge.cc.client.renderer.MixinRenderBlocks, mcpatcherforge.cc.client.renderer.MixinRenderGlobal, mcpatcherforge.cc.entity.MixinEntityList, mcpatcherforge.cc.item.crafting.MixinRecipesArmorDyes, mcpatcherforge.cc.item.MixinItemArmor, mcpatcherforge.cc.item.MixinItemBlock, mcpatcherforge.cc.item.MixinItemMonsterPlacer, mcpatcherforge.cc.potion.MixinPotion, mcpatcherforge.cc.potion.MixinPotionHelper, mcpatcherforge.cc.world.MixinWorld, mcpatcherforge.cc.world.MixinWorldProvider, mcpatcherforge.cc.world.MixinWorldProviderEnd, mcpatcherforge.cc.world.MixinWorldProviderHell, mcpatcherforge.cit.client.renderer.entity.MixinRenderBiped, mcpatcherforge.cit.client.renderer.entity.MixinRenderEntityLiving, mcpatcherforge.cit.client.renderer.entity.MixinRenderItem, mcpatcherforge.cit.client.renderer.entity.MixinRenderPlayer, mcpatcherforge.cit.client.renderer.entity.MixinRenderSnowball, mcpatcherforge.cit.client.renderer.MixinItemRenderer, mcpatcherforge.cit.client.renderer.MixinRenderGlobal, mcpatcherforge.cit.entity.MixinEntityLivingBase, mcpatcherforge.cit.item.MixinItem, mcpatcherforge.cit.nbt.MixinNBTTagCompound, mcpatcherforge.cit.nbt.MixinNBTTagList, mcpatcherforge.cit.world.MixinWorld, mcpatcherforge.ctm.MixinRenderBlocks, mcpatcherforge.hd.MixinTextureClock, mcpatcherforge.hd.MixinTextureCompass, mcpatcherforge.hd.MixinTextureManager, mcpatcherforge.hd.MixinFontRenderer, mcpatcherforge.mob.MixinRender, mcpatcherforge.mob.MixinRenderEnderman, mcpatcherforge.mob.MixinRenderFish, mcpatcherforge.mob.MixinRenderLiving, mcpatcherforge.mob.MixinRenderMooshroom, mcpatcherforge.mob.MixinRenderSheep, mcpatcherforge.mob.MixinRenderSnowMan, mcpatcherforge.mob.MixinRenderSpider, mcpatcherforge.mob.MixinRenderWolf, mcpatcherforge.mob.MixinEntityLivingBase, mcpatcherforge.sky.MixinEffectRenderer, mcpatcherforge.sky.MixinRenderGlobal, mcpatcherforge.ctm_cc.MixinRenderBlocksNoCTM, mcpatcherforge.ctm_cc.MixinRenderBlocksNoCC, mcpatcherforge.ctm_cc.MixinRenderBlocks, shaders.MixinItemRendererBackhand, angelica.textures.ic2.MixinRenderLiquidCell]
[15:25:41] [main/DEBUG] [GTNHMixins/]: Loading [mixins.angelica.early.json] angelica.startup.MixinInitGLStateManager
[15:25:41] [main/DEBUG] [GTNHMixins/]: Loading [mixins.angelica.early.json] angelica.MixinActiveRenderInfo
[15:25:41] [main/DEBUG] [GTNHMixins/]: Loading [mixins.angelica.early.json] angelica.MixinEntityRenderer
[15:25:41] [main/DEBUG] [GTNHMixins/]: Loading [mixins.angelica.early.json] angelica.MixinGameSettings
[15:25:41] [main/DEBUG] [GTNHMixins/]: Loading [mixins.angelica.early.json] angelica.MixinMinecraft
[15:25:41] [main/DEBUG] [GTNHMixins/]: Loading [mixins.angelica.early.json] angelica.MixinMinecraftServer
[15:25:41] [main/DEBUG] [GTNHMixins/]: Loading [mixins.angelica.early.json] angelica.optimizations.MixinRendererLivingEntity
[15:25:41] [main/DEBUG] [GTNHMixins/]: Loading [mixins.angelica.early.json] angelica.MixinFMLClientHandler
[15:25:41] [main/DEBUG] [GTNHMixins/]: Loading [mixins.angelica.early.json] angelica.bugfixes.MixinRenderGlobal_DestroyBlock
[15:25:41] [main/DEBUG] [GTNHMixins/]: Loading [mixins.angelica.early.json] angelica.vbo.MixinGLAllocation
[15:25:41] [main/DEBUG] [GTNHMixins/]: Loading [mixins.angelica.early.json] angelica.vbo.MixinModelRenderer
[15:25:41] [main/DEBUG] [GTNHMixins/]: Loading [mixins.angelica.early.json] angelica.vbo.MixinRenderGlobal
[15:25:41] [main/DEBUG] [GTNHMixins/]: Loading [mixins.angelica.early.json] angelica.vbo.MixinWavefrontObject
[15:25:41] [main/DEBUG] [GTNHMixins/]: Loading [mixins.angelica.early.json] angelica.fontrenderer.MixinGuiIngameForge
[15:25:41] [main/DEBUG] [GTNHMixins/]: Loading [mixins.angelica.early.json] angelica.fontrenderer.MixinFontRenderer
[15:25:41] [main/DEBUG] [GTNHMixins/]: Loading [mixins.angelica.early.json] angelica.dynamiclights.MixinEntityRenderer
[15:25:41] [main/DEBUG] [GTNHMixins/]: Loading [mixins.angelica.early.json] angelica.dynamiclights.MixinEntity
[15:25:41] [main/DEBUG] [GTNHMixins/]: Loading [mixins.angelica.early.json] angelica.dynamiclights.MixinWorld
[15:25:41] [main/DEBUG] [GTNHMixins/]: Loading [mixins.angelica.early.json] angelica.dynamiclights.MixinItemRenderer
[15:25:41] [main/DEBUG] [GTNHMixins/]: Loading [mixins.angelica.early.json] angelica.bugfixes.MixinRenderBlockFluid
[15:25:41] [main/DEBUG] [GTNHMixins/]: Loading [mixins.angelica.early.json] angelica.optimizations.MixinRenderGlobal_ItemRenderDist
[15:25:41] [main/DEBUG] [GTNHMixins/]: Loading [mixins.angelica.early.json] angelica.archaic.MixinSplashProgress$3
[15:25:41] [main/DEBUG] [GTNHMixins/]: Loading [mixins.angelica.early.json] angelica.archaic.AccessorSplashProgress
[15:25:41] [main/DEBUG] [GTNHMixins/]: Loading [mixins.angelica.early.json] angelica.archaic.MixinBlockFence
[15:25:41] [main/DEBUG] [GTNHMixins/]: Loading [mixins.angelica.early.json] angelica.archaic.MixinFMLClientHandler
[15:25:41] [main/DEBUG] [GTNHMixins/]: Loading [mixins.angelica.early.json] angelica.archaic.MixinGuiIngameForge
[15:25:41] [main/DEBUG] [GTNHMixins/]: Loading [mixins.angelica.early.json] angelica.archaic.MixinNetHandlerPlayClient
[15:25:41] [main/DEBUG] [GTNHMixins/]: Loading [mixins.angelica.early.json] angelica.archaic.MixinThreadDownloadImageData
[15:25:41] [main/DEBUG] [GTNHMixins/]: Loading [mixins.angelica.early.json] shaders.startup.MixinGameSettings
[15:25:41] [main/DEBUG] [GTNHMixins/]: Loading [mixins.angelica.early.json] shaders.startup.MixinMinecraft
[15:25:41] [main/DEBUG] [GTNHMixins/]: Loading [mixins.angelica.early.json] shaders.startup.MixinInitRenderer
[15:25:41] [main/DEBUG] [GTNHMixins/]: Loading [mixins.angelica.early.json] shaders.startup.MixinAbstractTexture
[15:25:41] [main/DEBUG] [GTNHMixins/]: Loading [mixins.angelica.early.json] shaders.startup.MixinTextureAtlasSprite
[15:25:41] [main/DEBUG] [GTNHMixins/]: Loading [mixins.angelica.early.json] shaders.startup.MixinTextureMap
[15:25:41] [main/DEBUG] [GTNHMixins/]: Loading [mixins.angelica.early.json] sodium.MixinBlock
[15:25:41] [main/DEBUG] [GTNHMixins/]: Loading [mixins.angelica.early.json] sodium.MixinBlockFluidBase
[15:25:41] [main/DEBUG] [GTNHMixins/]: Loading [mixins.angelica.early.json] sodium.AccessorBiomeColorEvent
[15:25:41] [main/DEBUG] [GTNHMixins/]: Loading [mixins.angelica.early.json] sodium.MixinBiomeGenBase
[15:25:41] [main/DEBUG] [GTNHMixins/]: Loading [mixins.angelica.early.json] sodium.MixinChunk
[15:25:41] [main/DEBUG] [GTNHMixins/]: Loading [mixins.angelica.early.json] sodium.MixinChunkProviderServer
[15:25:41] [main/DEBUG] [GTNHMixins/]: Loading [mixins.angelica.early.json] sodium.MixinClientRegistry
[15:25:41] [main/DEBUG] [GTNHMixins/]: Loading [mixins.angelica.early.json] sodium.MixinEntity_RenderDist
[15:25:41] [main/DEBUG] [GTNHMixins/]: Loading [mixins.angelica.early.json] sodium.MixinEntityItem_RenderDist
[15:25:41] [main/DEBUG] [GTNHMixins/]: Loading [mixins.angelica.early.json] sodium.MixinRenderManager
[15:25:41] [main/DEBUG] [GTNHMixins/]: Loading [mixins.angelica.early.json] sodium.MixinEntityRenderer
[15:25:41] [main/DEBUG] [GTNHMixins/]: Loading [mixins.angelica.early.json] sodium.MixinFMLClientHandler
[15:25:41] [main/DEBUG] [GTNHMixins/]: Loading [mixins.angelica.early.json] sodium.MixinForgeHooksClient
[15:25:41] [main/DEBUG] [GTNHMixins/]: Loading [mixins.angelica.early.json] sodium.MixinGameSettings
[15:25:41] [main/DEBUG] [GTNHMixins/]: Loading [mixins.angelica.early.json] sodium.MixinFrustrum
[15:25:41] [main/DEBUG] [GTNHMixins/]: Loading [mixins.angelica.early.json] sodium.MixinMinecraft
[15:25:41] [main/DEBUG] [GTNHMixins/]: Loading [mixins.angelica.early.json] sodium.MixinRenderBlocks
[15:25:41] [main/DEBUG] [GTNHMixins/]: Loading [mixins.angelica.early.json] sodium.MixinRenderGlobal
[15:25:41] [main/DEBUG] [GTNHMixins/]: Loading [mixins.angelica.early.json] sodium.MixinWorldClient
[15:25:41] [main/DEBUG] [GTNHMixins/]: Loading [mixins.angelica.early.json] sodium.MixinTileEntity
[15:25:41] [main/DEBUG] [GTNHMixins/]: Loading [mixins.angelica.early.json] sodium.MixinTileEntityMobSpawner
[15:25:41] [main/DEBUG] [GTNHMixins/]: Loading [mixins.angelica.early.json] sodium.MixinEffectRenderer
[15:25:41] [main/DEBUG] [GTNHMixins/]: Loading [mixins.angelica.early.json] sodium.MixinTileEntityRendererDispatcher
[15:25:41] [main/DEBUG] [GTNHMixins/]: Loading [mixins.angelica.early.json] sodium.MixinLongHashMap
[15:25:41] [main/DEBUG] [GTNHMixins/]: Loading [mixins.angelica.early.json] sodium.MixinRenderingRegistry
[15:25:41] [main/DEBUG] [GTNHMixins/]: Loading [mixins.angelica.early.json] sodium.MixinPlayerManager
[15:25:41] [main/DEBUG] [GTNHMixins/]: Loading [mixins.angelica.early.json] shaders.MixinEntityRenderer
[15:25:41] [main/DEBUG] [GTNHMixins/]: Loading [mixins.angelica.early.json] shaders.MixinGuiIngameForge
[15:25:41] [main/DEBUG] [GTNHMixins/]: Loading [mixins.angelica.early.json] shaders.MixinFramebuffer
[15:25:41] [main/DEBUG] [GTNHMixins/]: Loading [mixins.angelica.early.json] shaders.MixinItem
[15:25:41] [main/DEBUG] [GTNHMixins/]: Loading [mixins.angelica.early.json] shaders.MixinLocale
[15:25:41] [main/DEBUG] [GTNHMixins/]: Loading [mixins.angelica.early.json] shaders.MixinOpenGlHelper
[15:25:41] [main/DEBUG] [GTNHMixins/]: Loading [mixins.angelica.early.json] shaders.MixinRender
[15:25:41] [main/DEBUG] [GTNHMixins/]: Loading [mixins.angelica.early.json] shaders.MixinRendererLivingEntity
[15:25:41] [main/DEBUG] [GTNHMixins/]: Loading [mixins.angelica.early.json] shaders.MixinRenderGlobal
[15:25:41] [main/DEBUG] [GTNHMixins/]: Loading [mixins.angelica.early.json] shaders.MixinTileEntityBeaconRenderer
[15:25:41] [main/DEBUG] [GTNHMixins/]: Loading [mixins.angelica.early.json] shaders.MixinItemRenderer
[15:25:41] [main/DEBUG] [GTNHMixins/]: Loading [mixins.angelica.early.json] angelica.textures.MixinTextureAtlasSprite
[15:25:41] [main/DEBUG] [GTNHMixins/]: Loading [mixins.angelica.early.json] angelica.textures.MixinTextureUtil
[15:25:41] [main/DEBUG] [GTNHMixins/]: Loading [mixins.angelica.early.json] angelica.zoom.MixinEntityRenderer_Zoom
[15:25:41] [main/DEBUG] [GTNHMixins/]: Loading [mixins.angelica.early.json] angelica.zoom.MixinMinecraft_Zoom
[15:25:41] [main/DEBUG] [GTNHMixins/]: Loading [mixins.angelica.early.json] angelica.zoom.MixinMouseFilter
[15:25:41] [main/DEBUG] [GTNHMixins/]: Loading [mixins.angelica.early.json] angelica.lighting.MixinWorld_FixLightUpdateLag
[15:25:41] [main/DEBUG] [GTNHMixins/]: Loading [mixins.angelica.early.json] angelica.animation.MixinTextureAtlasSprite
[15:25:41] [main/DEBUG] [GTNHMixins/]: Loading [mixins.angelica.early.json] angelica.animation.MixinTextureMap
[15:25:41] [main/DEBUG] [GTNHMixins/]: Loading [mixins.angelica.early.json] angelica.animation.MixinBlockFire
[15:25:41] [main/DEBUG] [GTNHMixins/]: Loading [mixins.angelica.early.json] angelica.animation.MixinMinecraftForgeClient
[15:25:41] [main/DEBUG] [GTNHMixins/]: Loading [mixins.angelica.early.json] angelica.animation.MixinChunkCache
[15:25:41] [main/DEBUG] [GTNHMixins/]: Loading [mixins.angelica.early.json] angelica.animation.MixinRenderBlocks
[15:25:41] [main/DEBUG] [GTNHMixins/]: Loading [mixins.angelica.early.json] angelica.animation.MixinRenderBlockFluid
[15:25:41] [main/DEBUG] [GTNHMixins/]: Loading [mixins.angelica.early.json] angelica.animation.MixinWorldRenderer
[15:25:41] [main/DEBUG] [GTNHMixins/]: Loading [mixins.angelica.early.json] angelica.animation.MixinRenderItem
[15:25:41] [main/DEBUG] [GTNHMixins/]: Loading [mixins.angelica.early.json] angelica.bugfixes.MixinScaledResolution_UnicodeFix
[15:25:41] [main/DEBUG] [GTNHMixins/]: Loading [mixins.angelica.early.json] angelica.textures.MixinTextureUtil_OptimizeMipmap
[15:25:41] [main/DEBUG] [GTNHMixins/]: Loading [mixins.angelica.early.json] notfine.clouds.MixinEntityRenderer
[15:25:41] [main/DEBUG] [GTNHMixins/]: Loading [mixins.angelica.early.json] notfine.clouds.MixinGameSettings
[15:25:41] [main/DEBUG] [GTNHMixins/]: Loading [mixins.angelica.early.json] notfine.clouds.MixinWorldType
[15:25:41] [main/DEBUG] [GTNHMixins/]: Loading [mixins.angelica.early.json] notfine.fix.MixinRenderItem
[15:25:41] [main/DEBUG] [GTNHMixins/]: Loading [mixins.angelica.early.json] notfine.gui.MixinGuiSlot
[15:25:41] [main/DEBUG] [GTNHMixins/]: Loading [mixins.angelica.early.json] notfine.glint.MixinRenderBiped
[15:25:41] [main/DEBUG] [GTNHMixins/]: Loading [mixins.angelica.early.json] notfine.glint.MixinRenderPlayer
[15:25:41] [main/DEBUG] [GTNHMixins/]: Loading [mixins.angelica.early.json] notfine.optimization.MixinRenderItemFrame
[15:25:41] [main/DEBUG] [GTNHMixins/]: Loading [mixins.angelica.early.json] notfine.leaves.MixinBlockLeaves
[15:25:41] [main/DEBUG] [GTNHMixins/]: Loading [mixins.angelica.early.json] notfine.leaves.MixinBlockLeavesBase
[15:25:41] [main/DEBUG] [GTNHMixins/]: Loading [mixins.angelica.early.json] notfine.particles.MixinBlockEnchantmentTable
[15:25:41] [main/DEBUG] [GTNHMixins/]: Loading [mixins.angelica.early.json] notfine.particles.MixinEffectRenderer
[15:25:41] [main/DEBUG] [GTNHMixins/]: Loading [mixins.angelica.early.json] notfine.particles.MixinWorldClient
[15:25:41] [main/DEBUG] [GTNHMixins/]: Loading [mixins.angelica.early.json] notfine.renderer.MixinRenderGlobal
[15:25:41] [main/DEBUG] [GTNHMixins/]: Loading [mixins.angelica.early.json] notfine.toggle.MixinEntityRenderer
[15:25:41] [main/DEBUG] [GTNHMixins/]: Loading [mixins.angelica.early.json] notfine.toggle.MixinGuiIngame
[15:25:41] [main/DEBUG] [GTNHMixins/]: Loading [mixins.angelica.early.json] notfine.toggle.MixinRender
[15:25:41] [main/DEBUG] [GTNHMixins/]: Loading [mixins.angelica.early.json] notfine.toggle.MixinRenderItem
[15:25:41] [main/DEBUG] [GTNHMixins/]: Loading [mixins.angelica.early.json] notfine.interpolatedtexturemap.MixinTextureMap
[15:25:41] [main/DEBUG] [GTNHMixins/]: Loading [mixins.angelica.early.json] notfine.faceculling.MixinBlock
[15:25:41] [main/DEBUG] [GTNHMixins/]: Loading [mixins.angelica.early.json] notfine.faceculling.MixinBlockCactus
[15:25:41] [main/DEBUG] [GTNHMixins/]: Loading [mixins.angelica.early.json] notfine.faceculling.MixinBlockCarpet
[15:25:41] [main/DEBUG] [GTNHMixins/]: Loading [mixins.angelica.early.json] notfine.faceculling.MixinBlockEnchantmentTable
[15:25:41] [main/DEBUG] [GTNHMixins/]: Loading [mixins.angelica.early.json] notfine.faceculling.MixinBlockFarmland
[15:25:41] [main/DEBUG] [GTNHMixins/]: Loading [mixins.angelica.early.json] notfine.faceculling.MixinBlockSlab
[15:25:41] [main/DEBUG] [GTNHMixins/]: Loading [mixins.angelica.early.json] notfine.faceculling.MixinBlockSnow
[15:25:41] [main/DEBUG] [GTNHMixins/]: Loading [mixins.angelica.early.json] notfine.faceculling.MixinBlockStairs
[15:25:41] [main/DEBUG] [GTNHMixins/]: Loading [mixins.angelica.early.json] notfine.faceculling.MixinRenderBlocks
[15:25:41] [main/DEBUG] [GTNHMixins/]: Loading [mixins.angelica.early.json] notfine.toggle.MixinEntityRenderer$RenderRainSnow
[15:25:41] [main/DEBUG] [GTNHMixins/]: Loading [mixins.angelica.early.json] notfine.glint.MixinItemRenderer
[15:25:41] [main/DEBUG] [GTNHMixins/]: Loading [mixins.angelica.early.json] notfine.glint.MixinRenderItem
[15:25:41] [main/DEBUG] [GTNHMixins/]: Loading [mixins.angelica.early.json] mcpatcherforge.ctm_cc.MixinTextureMap
[15:25:41] [main/DEBUG] [GTNHMixins/]: Loading [mixins.angelica.early.json] angelica.models.MixinBlock
[15:25:41] [main/DEBUG] [GTNHMixins/]: Loading [mixins.angelica.early.json] angelica.models.MixinBlockOldLeaf
[15:25:41] [main/DEBUG] [GTNHMixins/]: Loading mixins from IEarlyMixinLoader [com.gtnewhorizon.gtnhlib.core.GTNHLibCore]
[15:25:41] [main/DEBUG] [mixin/]: Checking for additional mixins for MixinEnvironment[PREINIT]
[15:25:41] [main/DEBUG] [GTNHMixins/]: ITargetMods found during Phase EARLY: []
[15:25:41] [main/DEBUG] [GTNHMixins/]: ITargetMods not found during Phase EARLY: []
[15:25:41] [main/DEBUG] [GTNHMixins/]: Not loading the following EARLY mixins: [debug.MixinDynamicTexture, debug.MixinTextureAtlasSprite]
[15:25:41] [main/DEBUG] [GTNHMixins/]: Loading [mixins.gtnhlib.early.json] MixinTessellator
[15:25:41] [main/DEBUG] [GTNHMixins/]: Loading [mixins.gtnhlib.early.json] MixinWavefrontObject
[15:25:41] [main/DEBUG] [GTNHMixins/]: Loading [mixins.gtnhlib.early.json] fml.MixinGuiModList
[15:25:41] [main/DEBUG] [GTNHMixins/]: Loading [mixins.gtnhlib.early.json] fml.EventBusAccessor
[15:25:41] [main/DEBUG] [GTNHMixins/]: Loading [mixins.gtnhlib.early.json] fml.EnumHolderAccessor
[15:25:41] [main/DEBUG] [GTNHMixins/]: Loading [mixins.gtnhlib.early.json] MixinGuiScreen
[15:25:41] [main/DEBUG] [GTNHMixins/]: Loading [mixins.gtnhlib.early.json] MixinEntityLivingBase
[15:25:41] [main/DEBUG] [GTNHMixins/]: Loading [mixins.gtnhlib.early.json] MixinMinecraftServer
[15:25:41] [main/DEBUG] [GTNHMixins/]: Loading [mixins.gtnhlib.early.json] MixinGameRules
[15:25:41] [main/DEBUG] [FML/]: Coremod plugin class AllCore run successfully
[15:25:41] [main/DEBUG] [mixin/]: Processing inject() for PlatformAgent[MixinPlatformAgentDefault:ContainerHandleURI(file:/F:/载具包临时/test/%5BClient%5DBFMC-Client%20Update%202026-2-16/%5BClient%5DBFMC-Client%20Update%202026-2-16/.minecraft/mods/!+unimixins-all-1.7.10-0.1.23.jar)]
[15:25:41] [main/DEBUG] [mixin/]: Processing inject() for PlatformAgent[MixinPlatformAgentFMLLegacy:ContainerHandleURI(file:/F:/载具包临时/test/%5BClient%5DBFMC-Client%20Update%202026-2-16/%5BClient%5DBFMC-Client%20Update%202026-2-16/.minecraft/mods/Angelica-1.0.0-beta54.jar)]
[15:25:41] [main/DEBUG] [mixin/]: FML agent is co-initiralising coremod instance AngelicaTweaker {[]} for ContainerHandleURI(file:/F:/载具包临时/test/%5BClient%5DBFMC-Client%20Update%202026-2-16/%5BClient%5DBFMC-Client%20Update%202026-2-16/.minecraft/mods/Angelica-1.0.0-beta54.jar)
[15:25:41] [main/DEBUG] [FML/]: Injecting coremod AngelicaTweaker {com.gtnewhorizons.angelica.loading.AngelicaTweaker} class transformers
[15:25:41] [main/DEBUG] [mixin/]: Checking for additional mixins for MixinEnvironment[PREINIT]
[15:25:41] [main/DEBUG] [GTNHMixins/]: ITargetMods found: []
[15:25:41] [main/DEBUG] [GTNHMixins/]: ITargetMods not found: []
[15:25:41] [main/DEBUG] [GTNHMixins/]: Not loading the following transformers: [jss.notfine.asm.RenderBlocksTransformer, jss.notfine.asm.WorldRendererTransformer]
[15:25:41] [main/TRACE] [FML/]: Registering transformer com.gtnewhorizons.angelica.transform.compat.transformers.specific.StacksOnStacksTransformer
[15:25:41] [main/TRACE] [FML/]: Registering transformer com.gtnewhorizons.angelica.transform.compat.transformers.specific.ImmersiveEngineeringTransformer
[15:25:41] [main/TRACE] [FML/]: Registering transformer com.gtnewhorizons.angelica.transform.compat.GenericCompatTransformer
[15:25:41] [main/DEBUG] [FML/]: Injection complete
[15:25:41] [main/DEBUG] [FML/]: Running coremod plugin for AngelicaTweaker {com.gtnewhorizons.angelica.loading.AngelicaTweaker}
[15:25:41] [main/DEBUG] [FML/]: Running coremod plugin AngelicaTweaker
[15:25:41] [main/DEBUG] [FML/]: Coremod plugin class AngelicaTweaker run successfully
[15:25:41] [main/DEBUG] [mixin/]: Processing inject() for PlatformAgent[MixinPlatformAgentDefault:ContainerHandleURI(file:/F:/载具包临时/test/%5BClient%5DBFMC-Client%20Update%202026-2-16/%5BClient%5DBFMC-Client%20Update%202026-2-16/.minecraft/mods/Angelica-1.0.0-beta54.jar)]
[15:25:41] [main/DEBUG] [mixin/]: Processing inject() for PlatformAgent[MixinPlatformAgentFMLLegacy:ContainerHandleURI(file:/F:/载具包临时/test/%5BClient%5DBFMC-Client%20Update%202026-2-16/%5BClient%5DBFMC-Client%20Update%202026-2-16/.minecraft/mods/CoreTweaks-1.7.10-0.3.3.2.jar)]
[15:25:41] [main/DEBUG] [mixin/]: FML agent is co-initiralising coremod instance CoreTweaksPlugin {[]} for ContainerHandleURI(file:/F:/载具包临时/test/%5BClient%5DBFMC-Client%20Update%202026-2-16/%5BClient%5DBFMC-Client%20Update%202026-2-16/.minecraft/mods/CoreTweaks-1.7.10-0.3.3.2.jar)
[15:25:41] [main/DEBUG] [FML/]: Injecting coremod CoreTweaksPlugin {makamys.coretweaks.CoreTweaksPlugin} class transformers
[15:25:41] [main/TRACE] [FML/]: Registering transformer makamys.coretweaks.asm.ModDiscovererTransformer
[15:25:41] [main/TRACE] [FML/]: Registering transformer makamys.coretweaks.asm.FMLLogTransformer
[15:25:41] [main/DEBUG] [FML/]: Injection complete
[15:25:41] [main/DEBUG] [FML/]: Running coremod plugin for CoreTweaksPlugin {makamys.coretweaks.CoreTweaksPlugin}
[15:25:41] [main/DEBUG] [FML/]: Running coremod plugin CoreTweaksPlugin
[15:25:41] [main/DEBUG] [FML/]: Coremod plugin class CoreTweaksPlugin run successfully
[15:25:41] [main/DEBUG] [mixin/]: Processing inject() for PlatformAgent[MixinPlatformAgentDefault:ContainerHandleURI(file:/F:/载具包临时/test/%5BClient%5DBFMC-Client%20Update%202026-2-16/%5BClient%5DBFMC-Client%20Update%202026-2-16/.minecraft/mods/CoreTweaks-1.7.10-0.3.3.2.jar)]
[15:25:41] [main/DEBUG] [mixin/]: Processing inject() for PlatformAgent[MixinPlatformAgentFMLLegacy:ContainerHandleURI(file:/F:/载具包临时/test/%5BClient%5DBFMC-Client%20Update%202026-2-16/%5BClient%5DBFMC-Client%20Update%202026-2-16/.minecraft/mods/GTNH-Lib-0.6.39.jar)]
[15:25:41] [main/DEBUG] [mixin/]: FML agent is co-initiralising coremod instance GTNHLibCore {[]} for ContainerHandleURI(file:/F:/载具包临时/test/%5BClient%5DBFMC-Client%20Update%202026-2-16/%5BClient%5DBFMC-Client%20Update%202026-2-16/.minecraft/mods/GTNH-Lib-0.6.39.jar)
[15:25:41] [main/DEBUG] [FML/]: Injecting coremod GTNHLibCore {com.gtnewhorizon.gtnhlib.core.GTNHLibCore} class transformers
[15:25:41] [main/TRACE] [FML/]: Registering transformer com.gtnewhorizon.gtnhlib.core.transformer.EventBusSubTransformer
[15:25:41] [main/DEBUG] [FML/]: Injection complete
[15:25:41] [main/DEBUG] [FML/]: Running coremod plugin for GTNHLibCore {com.gtnewhorizon.gtnhlib.core.GTNHLibCore}
[15:25:41] [main/DEBUG] [FML/]: Running coremod plugin GTNHLibCore
[15:25:41] [main/DEBUG] [FML/]: Coremod plugin class GTNHLibCore run successfully
[15:25:41] [main/DEBUG] [mixin/]: Processing inject() for PlatformAgent[MixinPlatformAgentDefault:ContainerHandleURI(file:/F:/载具包临时/test/%5BClient%5DBFMC-Client%20Update%202026-2-16/%5BClient%5DBFMC-Client%20Update%202026-2-16/.minecraft/mods/GTNH-Lib-0.6.39.jar)]
[15:25:41] [main/DEBUG] [mixin/]: Processing inject() for PlatformAgent[MixinPlatformAgentFMLLegacy:ContainerHandleURI(file:/F:/载具包临时/test/%5BClient%5DBFMC-Client%20Update%202026-2-16/%5BClient%5DBFMC-Client%20Update%202026-2-16/.minecraft/mods/mchr-mixin.jar)]
[15:25:41] [main/DEBUG] [mixin/]: FML agent is co-initiralising coremod instance MCH_Mixin_FMLCore {[]} for ContainerHandleURI(file:/F:/载具包临时/test/%5BClient%5DBFMC-Client%20Update%202026-2-16/%5BClient%5DBFMC-Client%20Update%202026-2-16/.minecraft/mods/mchr-mixin.jar)
[15:25:41] [main/DEBUG] [FML/]: Injecting coremod MCH_Mixin_FMLCore {net.tv90.mchrmixin.MCH_Mixin_FMLCore} class transformers
[15:25:41] [main/DEBUG] [FML/]: Injection complete
[15:25:41] [main/DEBUG] [FML/]: Running coremod plugin for MCH_Mixin_FMLCore {net.tv90.mchrmixin.MCH_Mixin_FMLCore}
[15:25:41] [main/DEBUG] [FML/]: Running coremod plugin MCH_Mixin_FMLCore
[15:25:41] [main/DEBUG] [FML/]: Coremod plugin class MCH_Mixin_FMLCore run successfully
[15:25:41] [main/DEBUG] [mixin/]: Processing inject() for PlatformAgent[MixinPlatformAgentDefault:ContainerHandleURI(file:/F:/载具包临时/test/%5BClient%5DBFMC-Client%20Update%202026-2-16/%5BClient%5DBFMC-Client%20Update%202026-2-16/.minecraft/mods/mchr-mixin.jar)]
[15:25:41] [main/INFO] [LaunchWrapper/]: Calling tweak class cpw.mods.fml.common.launcher.FMLDeobfTweaker
[15:25:41] [main/INFO] [coretweaks/]: Replacing cpw.mods.fml.common.asm.transformers.DeobfuscationTransformer with 1 wrapper: [CachedTransformerWrapper]
[15:25:41] [main/DEBUG] [FML/]: Loaded 57 rules from AccessTransformer config file fml_at.cfg
[15:25:41] [main/DEBUG] [FML/]: Loaded 89 rules from AccessTransformer config file forge_at.cfg
[15:25:41] [main/DEBUG] [unimixins/]: FML log level was already ALL, doing nothing
[15:25:41] [main/ERROR] [LaunchWrapper/]: A critical problem occurred registering the ASM transformer class 
java.lang.ClassNotFoundException: 
	at net.minecraft.launchwrapper.LaunchClassLoader.findClass(LaunchClassLoader.java:191) ~[launchwrapper-1.12.jar:?]
	at java.lang.ClassLoader.loadClass(Unknown Source) ~[?:1.8.0_301]
	at java.lang.ClassLoader.loadClass(Unknown Source) ~[?:1.8.0_301]
	at net.minecraft.launchwrapper.LaunchClassLoader.registerTransformer(LaunchClassLoader.java:88) [launchwrapper-1.12.jar:?]
	at cpw.mods.fml.common.launcher.FMLDeobfTweaker.injectIntoClassLoader(FMLDeobfTweaker.java:32) [forge-1.7.10-10.13.4.1614-1.7.10.jar:?]
	at net.minecraft.launchwrapper.Launch.launch(Launch.java:115) [launchwrapper-1.12.jar:?]
	at net.minecraft.launchwrapper.Launch.main(Launch.java:28) [launchwrapper-1.12.jar:?]
Caused by: java.lang.NullPointerException
	at net.minecraft.launchwrapper.LaunchClassLoader.findClass(LaunchClassLoader.java:182) ~[launchwrapper-1.12.jar:?]
	... 6 more
[15:25:41] [main/DEBUG] [FML/]: Loaded 60 rules from AccessTransformer mod jar file F:\载具包临时\test\[Client]BFMC-Client Update 2026-2-16\[Client]BFMC-Client Update 2026-2-16\.minecraft\mods\Angelica-1.0.0-beta54.jar!META-INF/archaicfix_at.cfg

[15:25:41] [main/DEBUG] [FML/]: Loaded 18 rules from AccessTransformer mod jar file F:\载具包临时\test\[Client]BFMC-Client Update 2026-2-16\[Client]BFMC-Client Update 2026-2-16\.minecraft\mods\Angelica-1.0.0-beta54.jar!META-INF/mcpatcherforge_at.cfg

[15:25:41] [main/DEBUG] [FML/]: Loaded 8 rules from AccessTransformer mod jar file F:\载具包临时\test\[Client]BFMC-Client Update 2026-2-16\[Client]BFMC-Client Update 2026-2-16\.minecraft\mods\Angelica-1.0.0-beta54.jar!META-INF/notfine_at.cfg

[15:25:41] [main/DEBUG] [FML/]: Loaded 1 rules from AccessTransformer mod jar file F:\载具包临时\test\[Client]BFMC-Client Update 2026-2-16\[Client]BFMC-Client Update 2026-2-16\.minecraft\mods\CoreTweaks-1.7.10-0.3.3.2.jar!META-INF/coretweaks_at.cfg

[15:25:41] [main/DEBUG] [FML/]: Loaded 20 rules from AccessTransformer mod jar file F:\载具包临时\test\[Client]BFMC-Client Update 2026-2-16\[Client]BFMC-Client Update 2026-2-16\.minecraft\mods\GTNH-Lib-0.6.39.jar!META-INF/gtnhlib_at.cfg

[15:25:41] [main/DEBUG] [FML/]: Loaded 23 rules from AccessTransformer mod jar file F:\载具包临时\test\[Client]BFMC-Client Update 2026-2-16\[Client]BFMC-Client Update 2026-2-16\.minecraft\mods\HBM-NTM-[1.0.27_X5649].jar!META-INF/HBM_at.cfg

[15:25:41] [main/DEBUG] [FML/]: Loaded 20 rules from AccessTransformer mod jar file F:\载具包临时\test\[Client]BFMC-Client Update 2026-2-16\[Client]BFMC-Client Update 2026-2-16\.minecraft\mods\UnicodeFontExtension.jar!META-INF/UnicodeFontExtension_at.cfg

[15:25:41] [main/DEBUG] [FML/]: Loaded 68 rules from AccessTransformer mod jar file F:\载具包临时\test\[Client]BFMC-Client Update 2026-2-16\[Client]BFMC-Client Update 2026-2-16\.minecraft\mods\Angelica-1.0.0-beta54.jar!META-INF/angelica_at.cfg

[15:25:41] [main/DEBUG] [FML/]: Loaded 19 rules from AccessTransformer mod jar file F:\载具包临时\test\[Client]BFMC-Client Update 2026-2-16\[Client]BFMC-Client Update 2026-2-16\.minecraft\mods\CustomMainMenu.jar!META-INF/CustomMainMenu_At.cfg

[15:25:41] [main/DEBUG] [mixin/]: Adding new mixin transformer proxy #2
[15:25:41] [main/DEBUG] [FML/]: Validating minecraft
[15:25:41] [main/INFO] [STDOUT/]: [net.tclproject.mysteriumlib.asm.core.MiscUtils$SystemLogHelper:debug:80]: [DEBUG] Injecting fixes into class cpw.mods.fml.common.Loader.
[15:25:41] [main/INFO] [STDOUT/]: [net.tclproject.mysteriumlib.asm.core.MiscUtils$SystemLogHelper:debug:80]: [DEBUG] Fixed method cpw.mods.fml.common.Loader#injectData([Ljava/lang/Object;)
[15:25:41] [main/DEBUG] [mixin/]: Preparing mixins for MixinEnvironment[INIT]
[15:25:41] [main/DEBUG] [mixin/]: Selecting config coretweaks-init.mixin.json
[15:25:41] [main/DEBUG] [mixin/]: Preparing coretweaks-init.mixin.json (0)
[15:25:41] [main/INFO] [STDOUT/]: [net.tclproject.mysteriumlib.asm.core.MiscUtils$SystemLogHelper:debug:80]: [DEBUG] Methods dictionary loaded in 1 ms
[15:25:41] [main/DEBUG] [FML/]: Minecraft validated, launching...
[15:25:41] [main/INFO] [LaunchWrapper/]: Loading tweak class name cpw.mods.fml.common.launcher.TerminalTweaker
[15:25:41] [main/INFO] [LaunchWrapper/]: Loading tweak class name org.spongepowered.asm.mixin.EnvironmentStateTweaker
[15:25:41] [main/INFO] [LaunchWrapper/]: Loading tweak class name com.gtnewhorizons.angelica.loading.MixinCompatHackTweaker
[15:25:41] [main/WARN] [LaunchWrapper/]: Tweak class name com.gtnewhorizons.angelica.loading.MixinCompatHackTweaker has already been visited -- skipping
[15:25:41] [main/INFO] [LaunchWrapper/]: Loading tweak class name com.gtnewhorizon.gtnhlib.core.MixinCompatHackTweaker
[15:25:41] [main/WARN] [LaunchWrapper/]: Tweak class name com.gtnewhorizon.gtnhlib.core.MixinCompatHackTweaker has already been visited -- skipping
[15:25:41] [main/INFO] [LaunchWrapper/]: Calling tweak class cpw.mods.fml.common.launcher.TerminalTweaker
[15:25:41] [main/INFO] [coretweaks/]: Replacing cpw.mods.fml.common.asm.transformers.TerminalTransformer with 1 wrapper: [CachedTransformerWrapper]
[15:25:41] [main/INFO] [LaunchWrapper/]: Calling tweak class org.spongepowered.asm.mixin.EnvironmentStateTweaker
[15:25:41] [main/INFO] [LaunchWrapper/]: Calling tweak class com.gtnewhorizons.angelica.loading.MixinCompatHackTweaker
[15:25:41] [main/INFO] [Angelica/]: Disabling Optifine, Fastcraft, BetterFPS, and other incompatible mods (if present)
[15:25:41] [main/INFO] [MixinExtras|Service/]: Initializing MixinExtras via com.llamalad7.mixinextras.service.MixinExtrasServiceImpl(version=0.5.0).
[15:25:41] [main/DEBUG] [mixin/]: Registering new injector for @SugarWrapper with com.llamalad7.mixinextras.sugar.impl.SugarWrapperInjectionInfo
[15:25:41] [main/DEBUG] [mixin/]: Registering new injector for @FactoryRedirectWrapper with com.llamalad7.mixinextras.wrapper.factory.FactoryRedirectWrapperInjectionInfo
[15:25:41] [main/DEBUG] [mixin/]: Registering new injector for @ExpressionInjectorWrapper with com.llamalad7.mixinextras.expression.impl.wrapper.ExpressionInjectorWrapperInjectionInfo
[15:25:41] [main/DEBUG] [mixin/]: Mixing LoadControllerMixin from mixin.mixinbooterlegacy.json into cpw.mods.fml.common.LoadController
[15:25:41] [main/DEBUG] [org.spongepowered.asm.service.mojang.MixinServiceLaunchWrapper/]: Found name transformer: cpw.mods.fml.common.asm.transformers.DeobfuscationTransformer$$CoreTweaksProxy
[15:25:41] [main/DEBUG] [org.spongepowered.asm.service.mojang.MixinServiceLaunchWrapper/]: Rebuilding transformer delegation list:
[15:25:41] [main/DEBUG] [org.spongepowered.asm.service.mojang.MixinServiceLaunchWrapper/]: Found name transformer: cpw.mods.fml.common.asm.transformers.DeobfuscationTransformer$$CoreTweaksProxy
[15:25:41] [main/DEBUG] [org.spongepowered.asm.service.mojang.MixinServiceLaunchWrapper/]:   Adding:    cpw.mods.fml.common.asm.transformers.PatchingTransformer
[15:25:41] [main/DEBUG] [org.spongepowered.asm.service.mojang.MixinServiceLaunchWrapper/]:   Excluding: org.spongepowered.asm.mixin.transformer.Proxy
[15:25:41] [main/DEBUG] [org.spongepowered.asm.service.mojang.MixinServiceLaunchWrapper/]:   Adding:    io.github.legacymoddingmc.unimixins.gtnhmixins.asm.LegacyGTNHMixinExtrasGenerator
[15:25:41] [main/DEBUG] [org.spongepowered.asm.service.mojang.MixinServiceLaunchWrapper/]:   Adding:    io.github.legacymoddingmc.unimixins.compat.asm.ASMRemapperTransformer
[15:25:41] [main/DEBUG] [org.spongepowered.asm.service.mojang.MixinServiceLaunchWrapper/]:   Adding:    cpw.mods.fml.common.asm.transformers.MarkerTransformer
[15:25:41] [main/DEBUG] [org.spongepowered.asm.service.mojang.MixinServiceLaunchWrapper/]:   Adding:    cpw.mods.fml.common.asm.transformers.SideTransformer$$CoreTweaksProxy
[15:25:41] [main/DEBUG] [org.spongepowered.asm.service.mojang.MixinServiceLaunchWrapper/]:   Excluding: cpw.mods.fml.common.asm.transformers.EventSubscriptionTransformer
[15:25:41] [main/DEBUG] [org.spongepowered.asm.service.mojang.MixinServiceLaunchWrapper/]:   Adding:    net.minecraftforge.classloading.FluidIdTransformer$$CoreTweaksProxy
[15:25:41] [main/DEBUG] [org.spongepowered.asm.service.mojang.MixinServiceLaunchWrapper/]:   Adding:    net.tclproject.mysteriumlib.asm.common.FirstClassTransformer
[15:25:41] [main/DEBUG] [org.spongepowered.asm.service.mojang.MixinServiceLaunchWrapper/]:   Adding:    lain.mods.inputfix.InputFixTransformer
[15:25:41] [main/DEBUG] [org.spongepowered.asm.service.mojang.MixinServiceLaunchWrapper/]:   Adding:    com.kamesuta.mc.signpic.asm.SignPictureTransformer
[15:25:41] [main/DEBUG] [org.spongepowered.asm.service.mojang.MixinServiceLaunchWrapper/]:   Adding:    bre.ufex.asm.Transformer
[15:25:41] [main/DEBUG] [org.spongepowered.asm.service.mojang.MixinServiceLaunchWrapper/]:   Adding:    xaero.common.core.transformer.ChunkTransformer
[15:25:41] [main/DEBUG] [org.spongepowered.asm.service.mojang.MixinServiceLaunchWrapper/]:   Adding:    xaero.common.core.transformer.NetHandlerPlayClientTransformer
[15:25:41] [main/DEBUG] [org.spongepowered.asm.service.mojang.MixinServiceLaunchWrapper/]:   Adding:    xaero.common.core.transformer.EntityPlayerTransformer
[15:25:41] [main/DEBUG] [org.spongepowered.asm.service.mojang.MixinServiceLaunchWrapper/]:   Adding:    xaero.common.core.transformer.AbstractClientPlayerTransformer
[15:25:41] [main/DEBUG] [org.spongepowered.asm.service.mojang.MixinServiceLaunchWrapper/]:   Adding:    xaero.common.core.transformer.WorldClientTransformer
[15:25:41] [main/DEBUG] [org.spongepowered.asm.service.mojang.MixinServiceLaunchWrapper/]:   Adding:    xaero.common.core.transformer.EntityClientPlayerMPTransformer
[15:25:41] [main/DEBUG] [org.spongepowered.asm.service.mojang.MixinServiceLaunchWrapper/]:   Adding:    xaero.common.core.transformer.PlayerListTransformer
[15:25:41] [main/DEBUG] [org.spongepowered.asm.service.mojang.MixinServiceLaunchWrapper/]:   Adding:    xaero.common.core.transformer.GuiIngameForgeTransformer
[15:25:41] [main/DEBUG] [org.spongepowered.asm.service.mojang.MixinServiceLaunchWrapper/]:   Adding:    xaero.common.core.transformer.ModelRendererTransformer
[15:25:41] [main/DEBUG] [org.spongepowered.asm.service.mojang.MixinServiceLaunchWrapper/]:   Adding:    xaero.map.core.transformer.ChunkTransformer
[15:25:41] [main/DEBUG] [org.spongepowered.asm.service.mojang.MixinServiceLaunchWrapper/]:   Adding:    xaero.map.core.transformer.NetHandlerPlayClientTransformer
[15:25:41] [main/DEBUG] [org.spongepowered.asm.service.mojang.MixinServiceLaunchWrapper/]:   Adding:    xaero.map.core.transformer.EntityPlayerTransformer
[15:25:41] [main/DEBUG] [org.spongepowered.asm.service.mojang.MixinServiceLaunchWrapper/]:   Adding:    xaero.map.core.transformer.AbstractClientPlayerTransformer
[15:25:41] [main/DEBUG] [org.spongepowered.asm.service.mojang.MixinServiceLaunchWrapper/]:   Adding:    xaero.map.core.transformer.WorldClientTransformer
[15:25:41] [main/DEBUG] [org.spongepowered.asm.service.mojang.MixinServiceLaunchWrapper/]:   Adding:    xaero.map.core.transformer.PlayerListTransformer
[15:25:41] [main/DEBUG] [org.spongepowered.asm.service.mojang.MixinServiceLaunchWrapper/]:   Adding:    io.github.legacymoddingmc.unimixins.compat.asm.EnhanceCrashReportsTransformer
[15:25:41] [main/DEBUG] [org.spongepowered.asm.service.mojang.MixinServiceLaunchWrapper/]:   Adding:    com.gtnewhorizons.angelica.transform.compat.transformers.specific.StacksOnStacksTransformer
[15:25:41] [main/DEBUG] [org.spongepowered.asm.service.mojang.MixinServiceLaunchWrapper/]:   Adding:    com.gtnewhorizons.angelica.transform.compat.transformers.specific.ImmersiveEngineeringTransformer
[15:25:41] [main/DEBUG] [org.spongepowered.asm.service.mojang.MixinServiceLaunchWrapper/]:   Adding:    com.gtnewhorizons.angelica.transform.compat.GenericCompatTransformer
[15:25:41] [main/DEBUG] [org.spongepowered.asm.service.mojang.MixinServiceLaunchWrapper/]:   Adding:    makamys.coretweaks.asm.ModDiscovererTransformer
[15:25:41] [main/DEBUG] [org.spongepowered.asm.service.mojang.MixinServiceLaunchWrapper/]:   Adding:    makamys.coretweaks.asm.FMLLogTransformer
[15:25:41] [main/DEBUG] [org.spongepowered.asm.service.mojang.MixinServiceLaunchWrapper/]:   Adding:    com.gtnewhorizon.gtnhlib.core.transformer.EventBusSubTransformer
[15:25:41] [main/DEBUG] [org.spongepowered.asm.service.mojang.MixinServiceLaunchWrapper/]:   Adding:    cpw.mods.fml.common.asm.transformers.DeobfuscationTransformer$$CoreTweaksProxy
[15:25:41] [main/DEBUG] [org.spongepowered.asm.service.mojang.MixinServiceLaunchWrapper/]:   Adding:    cpw.mods.fml.common.asm.transformers.AccessTransformer
[15:25:41] [main/DEBUG] [org.spongepowered.asm.service.mojang.MixinServiceLaunchWrapper/]:   Adding:    net.minecraftforge.transformers.ForgeAccessTransformer
[15:25:41] [main/DEBUG] [org.spongepowered.asm.service.mojang.MixinServiceLaunchWrapper/]:   Adding:    io.github.legacymoddingmc.unimixins.all.AllCore$CombinedAccessTransformer
[15:25:41] [main/DEBUG] [org.spongepowered.asm.service.mojang.MixinServiceLaunchWrapper/]:   Adding:    cpw.mods.fml.common.asm.transformers.ModAccessTransformer
[15:25:41] [main/DEBUG] [org.spongepowered.asm.service.mojang.MixinServiceLaunchWrapper/]:   Adding:    cpw.mods.fml.common.asm.transformers.ItemStackTransformer
[15:25:41] [main/DEBUG] [org.spongepowered.asm.service.mojang.MixinServiceLaunchWrapper/]:   Excluding: org.spongepowered.asm.mixin.transformer.Proxy
[15:25:41] [main/DEBUG] [org.spongepowered.asm.service.mojang.MixinServiceLaunchWrapper/]:   Adding:    net.tclproject.mysteriumlib.asm.common.CustomClassTransformer
[15:25:41] [main/DEBUG] [org.spongepowered.asm.service.mojang.MixinServiceLaunchWrapper/]:   Excluding: cpw.mods.fml.common.asm.transformers.TerminalTransformer$$CoreTweaksProxy
[15:25:41] [main/DEBUG] [org.spongepowered.asm.service.mojang.MixinServiceLaunchWrapper/]: Transformer delegation list created with 39 entries
[15:25:41] [main/TRACE] [mixin/]: Added class metadata for cpw/mods/fml/common/LoaderState to metadata cache
[15:25:41] [main/TRACE] [mixin/]: Added class metadata for io/github/tox1cozz/mixinbooterlegacy/MixinBooterLegacyPlugin to metadata cache
[15:25:41] [main/TRACE] [mixin/]: Added class metadata for org/apache/logging/log4j/Logger to metadata cache
[15:25:41] [main/TRACE] [mixin/]: Added class metadata for java/lang/Class to metadata cache
[15:25:41] [main/TRACE] [mixin/]: Added class metadata for cpw/mods/fml/common/discovery/ASMDataTable to metadata cache
[15:25:41] [main/TRACE] [mixin/]: Added class metadata for java/util/Set to metadata cache
[15:25:41] [main/TRACE] [mixin/]: Added class metadata for java/util/Iterator to metadata cache
[15:25:41] [main/TRACE] [mixin/]: Added class metadata for cpw/mods/fml/common/discovery/ModCandidate to metadata cache
[15:25:41] [main/TRACE] [mixin/]: Added class metadata for cpw/mods/fml/common/ModClassLoader to metadata cache
[15:25:41] [main/TRACE] [mixin/]: Added class metadata for java/lang/String to metadata cache
[15:25:41] [main/TRACE] [mixin/]: Added class metadata for org/spongepowered/asm/launch/MixinInitialisationError to metadata cache
[15:25:41] [main/TRACE] [mixin/]: Added class metadata for org/spongepowered/asm/mixin/throwables/MixinError to metadata cache
[15:25:41] [main/TRACE] [mixin/]: Added class metadata for java/lang/Error to metadata cache
[15:25:41] [main/TRACE] [mixin/]: Added class metadata for java/lang/Throwable to metadata cache
[15:25:41] [main/TRACE] [mixin/]: Added class metadata for java/io/Serializable to metadata cache
[15:25:41] [main/TRACE] [mixin/]: Added class metadata for io/github/tox1cozz/mixinbooterlegacy/ILateMixinLoader to metadata cache
[15:25:41] [main/TRACE] [mixin/]: Added class metadata for java/util/List to metadata cache
[15:25:41] [main/TRACE] [mixin/]: Added class metadata for org/spongepowered/asm/mixin/Mixins to metadata cache
[15:25:41] [main/TRACE] [mixin/]: Added class metadata for net/minecraft/launchwrapper/Launch to metadata cache
[15:25:41] [main/TRACE] [mixin/]: Added class metadata for com/google/common/util/concurrent/Runnables to metadata cache
[15:25:41] [main/TRACE] [mixin/]: Added class metadata for java/util/Map to metadata cache
[15:25:41] [main/TRACE] [mixin/]: Added class metadata for java/lang/Runnable to metadata cache
[15:25:41] [main/INFO] [STDOUT/]: [net.tclproject.mysteriumlib.asm.core.MiscUtils$SystemLogHelper:debug:80]: [DEBUG] Injecting fixes into class cpw.mods.fml.common.Loader.
[15:25:41] [main/TRACE] [mixin/]: Added class metadata for cpw/mods/fml/common/Loader to metadata cache
[15:25:41] [main/TRACE] [mixin/]: Added class metadata for cpw/mods/fml/common/ModContainer to metadata cache
[15:25:41] [main/TRACE] [mixin/]: Added class metadata for java/lang/reflect/Field to metadata cache
[15:25:41] [main/TRACE] [mixin/]: Added class metadata for java/lang/reflect/AccessibleObject to metadata cache
[15:25:41] [main/TRACE] [mixin/]: Added class metadata for net/minecraft/launchwrapper/LaunchClassLoader to metadata cache
[15:25:41] [main/TRACE] [mixin/]: Added class metadata for java/util/Collection to metadata cache
[15:25:41] [main/TRACE] [mixin/]: Added class metadata for java/lang/invoke/LambdaMetafactory to metadata cache
[15:25:41] [main/TRACE] [mixin/]: Added class metadata for java/util/stream/Stream to metadata cache
[15:25:41] [main/TRACE] [mixin/]: Added class metadata for java/util/Optional to metadata cache
[15:25:41] [main/TRACE] [mixin/]: Added class metadata for java/lang/reflect/Method to metadata cache
[15:25:41] [main/TRACE] [mixin/]: Added class metadata for java/lang/reflect/Executable to metadata cache
[15:25:41] [main/TRACE] [mixin/]: Added class metadata for org/spongepowered/asm/mixin/MixinEnvironment to metadata cache
[15:25:41] [main/DEBUG] [mixin/]: Mixing LateMixinOrchestrationMixin from mixins.gtnhmixins.json into cpw.mods.fml.common.LoadController
[15:25:41] [main/TRACE] [mixin/]: Added class metadata for com/gtnewhorizon/gtnhmixins/GTNHMixins to metadata cache
[15:25:41] [main/TRACE] [mixin/]: Added class metadata for java/util/HashSet to metadata cache
[15:25:41] [main/TRACE] [mixin/]: Added class metadata for java/util/AbstractSet to metadata cache
[15:25:41] [main/TRACE] [mixin/]: Added class metadata for java/util/AbstractCollection to metadata cache
[15:25:41] [main/TRACE] [mixin/]: Added class metadata for java/lang/Iterable to metadata cache
[15:25:41] [main/TRACE] [mixin/]: Added class metadata for java/lang/Cloneable to metadata cache
[15:25:41] [main/TRACE] [mixin/]: Added class metadata for java/util/Collections to metadata cache
[15:25:41] [main/TRACE] [mixin/]: Added class metadata for com/gtnewhorizon/gtnhmixins/ILateMixinLoader to metadata cache
[15:25:41] [main/TRACE] [mixin/]: Added class metadata for org/spongepowered/asm/mixin/transformer/Config to metadata cache
[15:25:41] [main/TRACE] [mixin/]: Added class metadata for com/gtnewhorizon/gtnhmixins/Reflection to metadata cache
[15:25:41] [main/TRACE] [mixin/]: Added class metadata for java/util/ArrayList to metadata cache
[15:25:41] [main/TRACE] [mixin/]: Added class metadata for java/util/AbstractList to metadata cache
[15:25:41] [main/TRACE] [mixin/]: Added class metadata for java/util/RandomAccess to metadata cache
[15:25:41] [main/TRACE] [mixin/]: Added class metadata for org/apache/commons/lang3/reflect/FieldUtils to metadata cache
[15:25:41] [main/TRACE] [mixin/]: Added class metadata for java/lang/Boolean to metadata cache
[15:25:42] [main/TRACE] [mixin/]: Added class metadata for java/lang/NoSuchMethodException to metadata cache
[15:25:42] [main/TRACE] [mixin/]: Added class metadata for org/spongepowered/asm/mixin/injection/callback/CallbackInfo to metadata cache
[15:25:42] [main/TRACE] [mixin/]: Added class metadata for io/github/tox1cozz/mixinbooterlegacy/LateMixin to metadata cache
[15:25:42] [main/TRACE] [mixin/]: Added class metadata for org/spongepowered/asm/mixin/transformer/Proxy to metadata cache
[15:25:42] [main/TRACE] [mixin/]: Added class metadata for java/util/function/Predicate to metadata cache
[15:25:42] [main/TRACE] [mixin/]: Added class metadata for net/minecraft/launchwrapper/IClassTransformer to metadata cache
[15:25:42] [main/TRACE] [mixin/]: Added class metadata for com/gtnewhorizon/gtnhmixins/LateMixin to metadata cache
[15:25:42] [main/TRACE] [mixin/]: Added class metadata for java/lang/ClassNotFoundException to metadata cache
[15:25:42] [main/TRACE] [mixin/]: Added class metadata for java/lang/Exception to metadata cache
[15:25:42] [main/DEBUG] [mixin/]: mixin.mixinbooterlegacy.json:LoadControllerMixin from mod (unknown)->@Inject::beforeConstructing(Lcpw/mods/fml/common/LoaderState;[Ljava/lang/Object;Lorg/spongepowered/asm/mixin/injection/callback/CallbackInfo;)V doesn't use it's CallbackInfo
[15:25:42] [main/DEBUG] [mixin/]: mixin.mixinbooterlegacy.json:LoadControllerMixin from mod (unknown)->@Inject::beforeConstructing(Lcpw/mods/fml/common/LoaderState;[Ljava/lang/Object;Lorg/spongepowered/asm/mixin/injection/callback/CallbackInfo;)V has 0 override(s) in child classes
[15:25:42] [main/DEBUG] [mixin/]: mixin.mixinbooterlegacy.json:LoadControllerMixin from mod (unknown)->@Inject::beforeConstructing(Lcpw/mods/fml/common/LoaderState;[Ljava/lang/Object;Lorg/spongepowered/asm/mixin/injection/callback/CallbackInfo;)V won't be passed a CallbackInfo as a result
[15:25:42] [main/DEBUG] [mixin/]: mixins.gtnhmixins.json:LateMixinOrchestrationMixin from mod (unknown)->@Inject::beforeConstructing(Lcpw/mods/fml/common/LoaderState;[Ljava/lang/Object;Lorg/spongepowered/asm/mixin/injection/callback/CallbackInfo;)V doesn't use it's CallbackInfo
[15:25:42] [main/DEBUG] [mixin/]: mixins.gtnhmixins.json:LateMixinOrchestrationMixin from mod (unknown)->@Inject::beforeConstructing(Lcpw/mods/fml/common/LoaderState;[Ljava/lang/Object;Lorg/spongepowered/asm/mixin/injection/callback/CallbackInfo;)V has 0 override(s) in child classes
[15:25:42] [main/DEBUG] [mixin/]: mixins.gtnhmixins.json:LateMixinOrchestrationMixin from mod (unknown)->@Inject::beforeConstructing(Lcpw/mods/fml/common/LoaderState;[Ljava/lang/Object;Lorg/spongepowered/asm/mixin/injection/callback/CallbackInfo;)V won't be passed a CallbackInfo as a result
[15:25:42] [main/TRACE] [mixin/]: Added class metadata for java/lang/ReflectiveOperationException to metadata cache
[15:25:42] [main/INFO] [coretweaks/]: Transforming ModDiscoverer to skip known libraries
[15:25:42] [main/INFO] [LaunchWrapper/]: Calling tweak class com.gtnewhorizon.gtnhlib.core.MixinCompatHackTweaker
[15:25:42] [main/DEBUG] [mixin/]: Adding new mixin transformer proxy #3
[15:25:42] [main/DEBUG] [mixin/]: Ending MixinEnvironment[INIT], applied 1 mixins
[15:25:42] [main/DEBUG] [mixin/]: Preparing mixins for MixinEnvironment[DEFAULT]
[15:25:42] [main/DEBUG] [mixin/]: Selecting config mixingasm.mixin.json
[15:25:42] [main/DEBUG] [mixingasm/]: Dynamic transformer inclusion pattern list: []
[15:25:42] [main/DEBUG] [mixingasm/]: Copying assets/mixingasm/default_config/mixingasm/transformer_inclusion_list_default.txt -> F:\载具包临时\test\[Client]BFMC-Client Update 2026-2-16\[Client]BFMC-Client Update 2026-2-16\.minecraft\config\mixingasm\transformer_inclusion_list_default.txt
[15:25:42] [main/DEBUG] [mixingasm/]:       Trusting transformer cpw.mods.fml.common.asm.transformers.PatchingTransformer
[15:25:42] [main/DEBUG] [mixingasm/]:       Trusting transformer org.spongepowered.asm.mixin.transformer.Proxy
[15:25:42] [main/DEBUG] [mixingasm/]:       Trusting transformer io.github.legacymoddingmc.unimixins.gtnhmixins.asm.LegacyGTNHMixinExtrasGenerator
[15:25:42] [main/DEBUG] [mixingasm/]:   Not trusting transformer io.github.legacymoddingmc.unimixins.compat.asm.ASMRemapperTransformer
[15:25:42] [main/DEBUG] [mixingasm/]:       Trusting transformer cpw.mods.fml.common.asm.transformers.MarkerTransformer
[15:25:42] [main/DEBUG] [mixingasm/]:       Trusting transformer cpw.mods.fml.common.asm.transformers.SideTransformer$$CoreTweaksProxy
[15:25:42] [main/DEBUG] [mixingasm/]:       Trusting transformer cpw.mods.fml.common.asm.transformers.EventSubscriptionTransformer
[15:25:42] [main/DEBUG] [mixingasm/]:       Trusting transformer net.minecraftforge.classloading.FluidIdTransformer$$CoreTweaksProxy
[15:25:42] [main/DEBUG] [mixingasm/]:   Not trusting transformer net.tclproject.mysteriumlib.asm.common.FirstClassTransformer
[15:25:42] [main/DEBUG] [mixingasm/]:   Not trusting transformer lain.mods.inputfix.InputFixTransformer
[15:25:42] [main/DEBUG] [mixingasm/]:   Not trusting transformer com.kamesuta.mc.signpic.asm.SignPictureTransformer
[15:25:42] [main/DEBUG] [mixingasm/]:   Not trusting transformer bre.ufex.asm.Transformer
[15:25:42] [main/DEBUG] [mixingasm/]:   Not trusting transformer xaero.common.core.transformer.ChunkTransformer
[15:25:42] [main/DEBUG] [mixingasm/]:   Not trusting transformer xaero.common.core.transformer.NetHandlerPlayClientTransformer
[15:25:42] [main/DEBUG] [mixingasm/]:   Not trusting transformer xaero.common.core.transformer.EntityPlayerTransformer
[15:25:42] [main/DEBUG] [mixingasm/]:   Not trusting transformer xaero.common.core.transformer.AbstractClientPlayerTransformer
[15:25:42] [main/DEBUG] [mixingasm/]:   Not trusting transformer xaero.common.core.transformer.WorldClientTransformer
[15:25:42] [main/DEBUG] [mixingasm/]:   Not trusting transformer xaero.common.core.transformer.EntityClientPlayerMPTransformer
[15:25:42] [main/DEBUG] [mixingasm/]:   Not trusting transformer xaero.common.core.transformer.PlayerListTransformer
[15:25:42] [main/DEBUG] [mixingasm/]:   Not trusting transformer xaero.common.core.transformer.GuiIngameForgeTransformer
[15:25:42] [main/DEBUG] [mixingasm/]:   Not trusting transformer xaero.common.core.transformer.ModelRendererTransformer
[15:25:42] [main/DEBUG] [mixingasm/]:   Not trusting transformer xaero.map.core.transformer.ChunkTransformer
[15:25:42] [main/DEBUG] [mixingasm/]:   Not trusting transformer xaero.map.core.transformer.NetHandlerPlayClientTransformer
[15:25:42] [main/DEBUG] [mixingasm/]:   Not trusting transformer xaero.map.core.transformer.EntityPlayerTransformer
[15:25:42] [main/DEBUG] [mixingasm/]:   Not trusting transformer xaero.map.core.transformer.AbstractClientPlayerTransformer
[15:25:42] [main/DEBUG] [mixingasm/]:   Not trusting transformer xaero.map.core.transformer.WorldClientTransformer
[15:25:42] [main/DEBUG] [mixingasm/]:   Not trusting transformer xaero.map.core.transformer.PlayerListTransformer
[15:25:42] [main/DEBUG] [mixingasm/]:   Not trusting transformer io.github.legacymoddingmc.unimixins.compat.asm.EnhanceCrashReportsTransformer
[15:25:42] [main/DEBUG] [mixingasm/]:   Not trusting transformer com.gtnewhorizons.angelica.transform.compat.transformers.specific.StacksOnStacksTransformer
[15:25:42] [main/DEBUG] [mixingasm/]:   Not trusting transformer com.gtnewhorizons.angelica.transform.compat.transformers.specific.ImmersiveEngineeringTransformer
[15:25:42] [main/DEBUG] [mixingasm/]:   Not trusting transformer com.gtnewhorizons.angelica.transform.compat.GenericCompatTransformer
[15:25:42] [main/DEBUG] [mixingasm/]:   Not trusting transformer makamys.coretweaks.asm.ModDiscovererTransformer
[15:25:42] [main/DEBUG] [mixingasm/]:   Not trusting transformer makamys.coretweaks.asm.FMLLogTransformer
[15:25:42] [main/DEBUG] [mixingasm/]:   Not trusting transformer com.gtnewhorizon.gtnhlib.core.transformer.EventBusSubTransformer
[15:25:42] [main/DEBUG] [mixingasm/]:       Trusting transformer cpw.mods.fml.common.asm.transformers.DeobfuscationTransformer$$CoreTweaksProxy
[15:25:42] [main/DEBUG] [mixingasm/]:       Trusting transformer cpw.mods.fml.common.asm.transformers.AccessTransformer
[15:25:42] [main/DEBUG] [mixingasm/]:       Trusting transformer net.minecraftforge.transformers.ForgeAccessTransformer
[15:25:42] [main/DEBUG] [mixingasm/]:   Not trusting transformer io.github.legacymoddingmc.unimixins.all.AllCore.CombinedAccessTransformer
[15:25:42] [main/DEBUG] [mixingasm/]:       Trusting transformer cpw.mods.fml.common.asm.transformers.ModAccessTransformer
[15:25:42] [main/DEBUG] [mixingasm/]:       Trusting transformer cpw.mods.fml.common.asm.transformers.ItemStackTransformer
[15:25:42] [main/DEBUG] [mixingasm/]:       Trusting transformer org.spongepowered.asm.mixin.transformer.Proxy
[15:25:42] [main/DEBUG] [mixingasm/]:   Not trusting transformer net.tclproject.mysteriumlib.asm.common.CustomClassTransformer
[15:25:42] [main/DEBUG] [mixingasm/]:       Trusting transformer cpw.mods.fml.common.asm.transformers.TerminalTransformer$$CoreTweaksProxy
[15:25:42] [main/DEBUG] [mixingasm/]:       Trusting transformer org.spongepowered.asm.mixin.transformer.Proxy
[15:25:42] [main/DEBUG] [mixingasm/]:   Not trusting transformer com.gtnewhorizons.angelica.transform.RedirectorTransformer
[15:25:42] [main/DEBUG] [mixingasm/]: Excluding transformers: [io.github.legacymoddingmc.unimixins.compat.asm.ASMRemapperTransformer, net.tclproject.mysteriumlib.asm.common.FirstClassTransformer, lain.mods.inputfix.InputFixTransformer, com.kamesuta.mc.signpic.asm.SignPictureTransformer, bre.ufex.asm.Transformer, xaero.common.core.transformer.ChunkTransformer, xaero.common.core.transformer.NetHandlerPlayClientTransformer, xaero.common.core.transformer.EntityPlayerTransformer, xaero.common.core.transformer.AbstractClientPlayerTransformer, xaero.common.core.transformer.WorldClientTransformer, xaero.common.core.transformer.EntityClientPlayerMPTransformer, xaero.common.core.transformer.PlayerListTransformer, xaero.common.core.transformer.GuiIngameForgeTransformer, xaero.common.core.transformer.ModelRendererTransformer, xaero.map.core.transformer.ChunkTransformer, xaero.map.core.transformer.NetHandlerPlayClientTransformer, xaero.map.core.transformer.EntityPlayerTransformer, xaero.map.core.transformer.AbstractClientPlayerTransformer, xaero.map.core.transformer.WorldClientTransformer, xaero.map.core.transformer.PlayerListTransformer, io.github.legacymoddingmc.unimixins.compat.asm.EnhanceCrashReportsTransformer, com.gtnewhorizons.angelica.transform.compat.transformers.specific.StacksOnStacksTransformer, com.gtnewhorizons.angelica.transform.compat.transformers.specific.ImmersiveEngineeringTransformer, com.gtnewhorizons.angelica.transform.compat.GenericCompatTransformer, makamys.coretweaks.asm.ModDiscovererTransformer, makamys.coretweaks.asm.FMLLogTransformer, com.gtnewhorizon.gtnhlib.core.transformer.EventBusSubTransformer, io.github.legacymoddingmc.unimixins.all.AllCore.CombinedAccessTransformer, net.tclproject.mysteriumlib.asm.common.CustomClassTransformer, com.gtnewhorizons.angelica.transform.RedirectorTransformer]
[15:25:42] [main/DEBUG] [mixin/]: Selecting config mixins.angelica.json
[15:25:42] [main/DEBUG] [mixin/]: Selecting config coretweaks.mixin.json
[15:25:42] [main/DEBUG] [mixin/]: Selecting config mixins.gtnhlib.json
[15:25:42] [main/DEBUG] [mixin/]: Selecting config mixins.mchrmixin.json
[15:25:42] [main/DEBUG] [mixin/]: Selecting config mixins.angelica.early.json
[15:25:42] [main/DEBUG] [mixin/]: Selecting config mixins.gtnhlib.early.json
[15:25:42] [main/DEBUG] [mixin/]: Preparing mixingasm.mixin.json (0)
[15:25:42] [main/DEBUG] [mixin/]: Preparing mixins.angelica.json (0)
[15:25:42] [main/DEBUG] [mixin/]: Preparing coretweaks.mixin.json (0)
[15:25:42] [main/DEBUG] [mixin/]: Preparing mixins.gtnhlib.json (0)
[15:25:42] [main/DEBUG] [mixin/]: Preparing mixins.mchrmixin.json (2)
[15:25:42] [main/DEBUG] [org.spongepowered.asm.service.mojang.MixinServiceLaunchWrapper/]: Rebuilding transformer delegation list:
[15:25:42] [main/DEBUG] [org.spongepowered.asm.service.mojang.MixinServiceLaunchWrapper/]: Found name transformer: cpw.mods.fml.common.asm.transformers.DeobfuscationTransformer$$CoreTweaksProxy
[15:25:42] [main/DEBUG] [org.spongepowered.asm.service.mojang.MixinServiceLaunchWrapper/]:   Adding:    cpw.mods.fml.common.asm.transformers.PatchingTransformer
[15:25:42] [main/DEBUG] [org.spongepowered.asm.service.mojang.MixinServiceLaunchWrapper/]:   Excluding: org.spongepowered.asm.mixin.transformer.Proxy
[15:25:42] [main/DEBUG] [org.spongepowered.asm.service.mojang.MixinServiceLaunchWrapper/]:   Adding:    io.github.legacymoddingmc.unimixins.gtnhmixins.asm.LegacyGTNHMixinExtrasGenerator
[15:25:42] [main/DEBUG] [org.spongepowered.asm.service.mojang.MixinServiceLaunchWrapper/]:   Excluding: io.github.legacymoddingmc.unimixins.compat.asm.ASMRemapperTransformer
[15:25:42] [main/DEBUG] [org.spongepowered.asm.service.mojang.MixinServiceLaunchWrapper/]:   Adding:    cpw.mods.fml.common.asm.transformers.MarkerTransformer
[15:25:42] [main/DEBUG] [org.spongepowered.asm.service.mojang.MixinServiceLaunchWrapper/]:   Adding:    cpw.mods.fml.common.asm.transformers.SideTransformer$$CoreTweaksProxy
[15:25:42] [main/DEBUG] [org.spongepowered.asm.service.mojang.MixinServiceLaunchWrapper/]:   Excluding: cpw.mods.fml.common.asm.transformers.EventSubscriptionTransformer
[15:25:42] [main/DEBUG] [org.spongepowered.asm.service.mojang.MixinServiceLaunchWrapper/]:   Adding:    net.minecraftforge.classloading.FluidIdTransformer$$CoreTweaksProxy
[15:25:42] [main/DEBUG] [org.spongepowered.asm.service.mojang.MixinServiceLaunchWrapper/]:   Excluding: net.tclproject.mysteriumlib.asm.common.FirstClassTransformer
[15:25:42] [main/DEBUG] [org.spongepowered.asm.service.mojang.MixinServiceLaunchWrapper/]:   Excluding: lain.mods.inputfix.InputFixTransformer
[15:25:42] [main/DEBUG] [org.spongepowered.asm.service.mojang.MixinServiceLaunchWrapper/]:   Excluding: com.kamesuta.mc.signpic.asm.SignPictureTransformer
[15:25:42] [main/DEBUG] [org.spongepowered.asm.service.mojang.MixinServiceLaunchWrapper/]:   Excluding: bre.ufex.asm.Transformer
[15:25:42] [main/DEBUG] [org.spongepowered.asm.service.mojang.MixinServiceLaunchWrapper/]:   Excluding: xaero.common.core.transformer.ChunkTransformer
[15:25:42] [main/DEBUG] [org.spongepowered.asm.service.mojang.MixinServiceLaunchWrapper/]:   Excluding: xaero.common.core.transformer.NetHandlerPlayClientTransformer
[15:25:42] [main/DEBUG] [org.spongepowered.asm.service.mojang.MixinServiceLaunchWrapper/]:   Excluding: xaero.common.core.transformer.EntityPlayerTransformer
[15:25:42] [main/DEBUG] [org.spongepowered.asm.service.mojang.MixinServiceLaunchWrapper/]:   Excluding: xaero.common.core.transformer.AbstractClientPlayerTransformer
[15:25:42] [main/DEBUG] [org.spongepowered.asm.service.mojang.MixinServiceLaunchWrapper/]:   Excluding: xaero.common.core.transformer.WorldClientTransformer
[15:25:42] [main/DEBUG] [org.spongepowered.asm.service.mojang.MixinServiceLaunchWrapper/]:   Excluding: xaero.common.core.transformer.EntityClientPlayerMPTransformer
[15:25:42] [main/DEBUG] [org.spongepowered.asm.service.mojang.MixinServiceLaunchWrapper/]:   Excluding: xaero.common.core.transformer.PlayerListTransformer
[15:25:42] [main/DEBUG] [org.spongepowered.asm.service.mojang.MixinServiceLaunchWrapper/]:   Excluding: xaero.common.core.transformer.GuiIngameForgeTransformer
[15:25:42] [main/DEBUG] [org.spongepowered.asm.service.mojang.MixinServiceLaunchWrapper/]:   Excluding: xaero.common.core.transformer.ModelRendererTransformer
[15:25:42] [main/DEBUG] [org.spongepowered.asm.service.mojang.MixinServiceLaunchWrapper/]:   Excluding: xaero.map.core.transformer.ChunkTransformer
[15:25:42] [main/DEBUG] [org.spongepowered.asm.service.mojang.MixinServiceLaunchWrapper/]:   Excluding: xaero.map.core.transformer.NetHandlerPlayClientTransformer
[15:25:42] [main/DEBUG] [org.spongepowered.asm.service.mojang.MixinServiceLaunchWrapper/]:   Excluding: xaero.map.core.transformer.EntityPlayerTransformer
[15:25:42] [main/DEBUG] [org.spongepowered.asm.service.mojang.MixinServiceLaunchWrapper/]:   Excluding: xaero.map.core.transformer.AbstractClientPlayerTransformer
[15:25:42] [main/DEBUG] [org.spongepowered.asm.service.mojang.MixinServiceLaunchWrapper/]:   Excluding: xaero.map.core.transformer.WorldClientTransformer
[15:25:42] [main/DEBUG] [org.spongepowered.asm.service.mojang.MixinServiceLaunchWrapper/]:   Excluding: xaero.map.core.transformer.PlayerListTransformer
[15:25:42] [main/DEBUG] [org.spongepowered.asm.service.mojang.MixinServiceLaunchWrapper/]:   Excluding: io.github.legacymoddingmc.unimixins.compat.asm.EnhanceCrashReportsTransformer
[15:25:42] [main/DEBUG] [org.spongepowered.asm.service.mojang.MixinServiceLaunchWrapper/]:   Excluding: com.gtnewhorizons.angelica.transform.compat.transformers.specific.StacksOnStacksTransformer
[15:25:42] [main/DEBUG] [org.spongepowered.asm.service.mojang.MixinServiceLaunchWrapper/]:   Excluding: com.gtnewhorizons.angelica.transform.compat.transformers.specific.ImmersiveEngineeringTransformer
[15:25:42] [main/DEBUG] [org.spongepowered.asm.service.mojang.MixinServiceLaunchWrapper/]:   Excluding: com.gtnewhorizons.angelica.transform.compat.GenericCompatTransformer
[15:25:42] [main/DEBUG] [org.spongepowered.asm.service.mojang.MixinServiceLaunchWrapper/]:   Excluding: makamys.coretweaks.asm.ModDiscovererTransformer
[15:25:42] [main/DEBUG] [org.spongepowered.asm.service.mojang.MixinServiceLaunchWrapper/]:   Excluding: makamys.coretweaks.asm.FMLLogTransformer
[15:25:42] [main/DEBUG] [org.spongepowered.asm.service.mojang.MixinServiceLaunchWrapper/]:   Excluding: com.gtnewhorizon.gtnhlib.core.transformer.EventBusSubTransformer
[15:25:42] [main/DEBUG] [org.spongepowered.asm.service.mojang.MixinServiceLaunchWrapper/]:   Adding:    cpw.mods.fml.common.asm.transformers.DeobfuscationTransformer$$CoreTweaksProxy
[15:25:42] [main/DEBUG] [org.spongepowered.asm.service.mojang.MixinServiceLaunchWrapper/]:   Adding:    cpw.mods.fml.common.asm.transformers.AccessTransformer
[15:25:42] [main/DEBUG] [org.spongepowered.asm.service.mojang.MixinServiceLaunchWrapper/]:   Adding:    net.minecraftforge.transformers.ForgeAccessTransformer
[15:25:42] [main/DEBUG] [org.spongepowered.asm.service.mojang.MixinServiceLaunchWrapper/]:   Adding:    io.github.legacymoddingmc.unimixins.all.AllCore$CombinedAccessTransformer
[15:25:42] [main/DEBUG] [org.spongepowered.asm.service.mojang.MixinServiceLaunchWrapper/]:   Adding:    cpw.mods.fml.common.asm.transformers.ModAccessTransformer
[15:25:42] [main/DEBUG] [org.spongepowered.asm.service.mojang.MixinServiceLaunchWrapper/]:   Adding:    cpw.mods.fml.common.asm.transformers.ItemStackTransformer
[15:25:42] [main/DEBUG] [org.spongepowered.asm.service.mojang.MixinServiceLaunchWrapper/]:   Excluding: org.spongepowered.asm.mixin.transformer.Proxy
[15:25:42] [main/DEBUG] [org.spongepowered.asm.service.mojang.MixinServiceLaunchWrapper/]:   Excluding: net.tclproject.mysteriumlib.asm.common.CustomClassTransformer
[15:25:42] [main/DEBUG] [org.spongepowered.asm.service.mojang.MixinServiceLaunchWrapper/]:   Excluding: cpw.mods.fml.common.asm.transformers.TerminalTransformer$$CoreTweaksProxy
[15:25:42] [main/DEBUG] [org.spongepowered.asm.service.mojang.MixinServiceLaunchWrapper/]:   Excluding: org.spongepowered.asm.mixin.transformer.Proxy
[15:25:42] [main/DEBUG] [org.spongepowered.asm.service.mojang.MixinServiceLaunchWrapper/]:   Excluding: com.gtnewhorizons.angelica.transform.RedirectorTransformer
[15:25:42] [main/DEBUG] [org.spongepowered.asm.service.mojang.MixinServiceLaunchWrapper/]: Transformer delegation list created with 11 entries
[15:25:42] [main/TRACE] [mixin/]: Added class metadata for net/minecraft/network/NetHandlerPlayServer to metadata cache
[15:25:42] [main/TRACE] [mixin/]: Added class metadata for net/minecraft/client/renderer/entity/RenderManager to metadata cache
[15:25:42] [main/DEBUG] [mixin/]: Preparing mixins.angelica.early.json (122)
[15:25:42] [main/TRACE] [mixin/]: Added class metadata for net/minecraft/client/renderer/OpenGlHelper to metadata cache
[15:25:42] [main/TRACE] [mixin/]: Added class metadata for net/minecraft/client/renderer/ActiveRenderInfo to metadata cache
[15:25:42] [main/TRACE] [mixin/]: Added class metadata for net/minecraft/client/renderer/EntityRenderer to metadata cache
[15:25:42] [main/TRACE] [mixin/]: Added class metadata for net/minecraft/client/settings/GameSettings to metadata cache
[15:25:42] [main/TRACE] [mixin/]: Added class metadata for net/minecraft/client/Minecraft to metadata cache
[15:25:42] [main/TRACE] [mixin/]: Added class metadata for net/minecraft/server/MinecraftServer to metadata cache
[15:25:42] [main/TRACE] [mixin/]: Added class metadata for net/minecraft/client/renderer/entity/RendererLivingEntity to metadata cache
[15:25:42] [main/TRACE] [mixin/]: Added class metadata for cpw/mods/fml/client/FMLClientHandler to metadata cache
[15:25:42] [main/TRACE] [mixin/]: Added class metadata for net/minecraft/client/renderer/RenderGlobal to metadata cache
[15:25:42] [main/TRACE] [mixin/]: Added class metadata for net/minecraft/client/renderer/GLAllocation to metadata cache
[15:25:42] [main/TRACE] [mixin/]: Added class metadata for net/minecraft/client/model/ModelRenderer to metadata cache
[15:25:42] [main/TRACE] [mixin/]: Added class metadata for net/minecraftforge/client/model/obj/WavefrontObject to metadata cache
[15:25:42] [main/TRACE] [mixin/]: Added class metadata for net/minecraftforge/client/GuiIngameForge to metadata cache
[15:25:42] [main/TRACE] [mixin/]: Added class metadata for net/minecraft/client/gui/FontRenderer to metadata cache
[15:25:42] [main/TRACE] [mixin/]: Added class metadata for net/minecraft/entity/Entity to metadata cache
[15:25:42] [main/TRACE] [mixin/]: Added class metadata for net/minecraft/world/World to metadata cache
[15:25:42] [main/TRACE] [mixin/]: Added class metadata for net/minecraft/client/renderer/ItemRenderer to metadata cache
[15:25:42] [main/TRACE] [mixin/]: Added class metadata for net/minecraftforge/fluids/RenderBlockFluid to metadata cache
[15:25:42] [main/TRACE] [mixin/]: Added class metadata for cpw/mods/fml/client/SplashProgress$3 to metadata cache
[15:25:42] [main/TRACE] [mixin/]: Added class metadata for cpw/mods/fml/client/SplashProgress to metadata cache
[15:25:42] [main/TRACE] [mixin/]: Added class metadata for net/minecraft/block/BlockFence to metadata cache
[15:25:42] [main/TRACE] [mixin/]: Added class metadata for net/minecraft/client/network/NetHandlerPlayClient to metadata cache
[15:25:42] [main/TRACE] [mixin/]: Added class metadata for net/minecraft/client/renderer/ThreadDownloadImageData to metadata cache
[15:25:42] [main/TRACE] [mixin/]: Added class metadata for net/minecraft/client/renderer/texture/AbstractTexture to metadata cache
[15:25:42] [main/TRACE] [mixin/]: Added class metadata for net/minecraft/client/renderer/texture/TextureAtlasSprite to metadata cache
[15:25:42] [main/TRACE] [mixin/]: Added class metadata for net/minecraft/client/renderer/texture/TextureMap to metadata cache
[15:25:42] [main/TRACE] [mixin/]: Added class metadata for net/minecraft/block/Block to metadata cache
[15:25:42] [main/TRACE] [mixin/]: Added class metadata for net/minecraftforge/fluids/BlockFluidBase to metadata cache
[15:25:42] [main/TRACE] [mixin/]: Added class metadata for net/minecraftforge/event/terraingen/BiomeEvent$BiomeColor to metadata cache
[15:25:42] [main/TRACE] [mixin/]: Added class metadata for net/minecraft/world/biome/BiomeGenBase to metadata cache
[15:25:42] [main/TRACE] [mixin/]: Added class metadata for net/minecraft/world/chunk/Chunk to metadata cache
[15:25:42] [main/TRACE] [mixin/]: Added class metadata for net/minecraft/world/gen/ChunkProviderServer to metadata cache
[15:25:42] [main/TRACE] [mixin/]: Added class metadata for cpw/mods/fml/client/registry/ClientRegistry to metadata cache
[15:25:42] [main/TRACE] [mixin/]: Added class metadata for net/minecraft/entity/item/EntityItem to metadata cache
[15:25:42] [main/TRACE] [mixin/]: Added class metadata for net/minecraftforge/client/ForgeHooksClient to metadata cache
[15:25:42] [main/TRACE] [mixin/]: Added class metadata for net/minecraft/client/renderer/culling/Frustrum to metadata cache
[15:25:42] [main/TRACE] [mixin/]: Added class metadata for net/minecraft/client/renderer/RenderBlocks to metadata cache
[15:25:42] [main/TRACE] [mixin/]: Added class metadata for net/minecraft/client/multiplayer/WorldClient to metadata cache
[15:25:42] [main/TRACE] [mixin/]: Added class metadata for net/minecraft/tileentity/TileEntity to metadata cache
[15:25:42] [main/TRACE] [mixin/]: Added class metadata for net/minecraft/tileentity/TileEntityMobSpawner to metadata cache
[15:25:42] [main/TRACE] [mixin/]: Added class metadata for net/minecraft/client/particle/EffectRenderer to metadata cache
[15:25:42] [main/TRACE] [mixin/]: Added class metadata for net/minecraft/client/renderer/tileentity/TileEntityRendererDispatcher to metadata cache
[15:25:42] [main/TRACE] [mixin/]: Added class metadata for net/minecraft/util/LongHashMap to metadata cache
[15:25:42] [main/TRACE] [mixin/]: Added class metadata for cpw/mods/fml/client/registry/RenderingRegistry to metadata cache
[15:25:42] [main/TRACE] [mixin/]: Added class metadata for net/minecraft/server/management/PlayerManager to metadata cache
[15:25:42] [main/TRACE] [mixin/]: Added class metadata for net/minecraft/client/shader/Framebuffer to metadata cache
[15:25:42] [main/TRACE] [mixin/]: Added class metadata for net/minecraft/item/Item to metadata cache
[15:25:42] [main/TRACE] [mixin/]: Added class metadata for net/minecraft/client/resources/Locale to metadata cache
[15:25:42] [main/TRACE] [mixin/]: Added class metadata for net/minecraft/client/renderer/entity/Render to metadata cache
[15:25:42] [main/TRACE] [mixin/]: Added class metadata for net/minecraft/client/renderer/tileentity/TileEntityBeaconRenderer to metadata cache
[15:25:42] [main/TRACE] [mixin/]: Added class metadata for net/minecraft/client/renderer/texture/TextureUtil to metadata cache
[15:25:42] [main/TRACE] [mixin/]: Added class metadata for net/minecraft/util/MouseFilter to metadata cache
[15:25:42] [main/TRACE] [mixin/]: Added class metadata for net/minecraft/block/BlockFire to metadata cache
[15:25:42] [main/TRACE] [mixin/]: Added class metadata for net/minecraftforge/client/MinecraftForgeClient to metadata cache
[15:25:42] [main/TRACE] [mixin/]: Added class metadata for net/minecraft/world/ChunkCache to metadata cache
[15:25:42] [main/TRACE] [mixin/]: Added class metadata for net/minecraft/client/renderer/WorldRenderer to metadata cache
[15:25:42] [main/TRACE] [mixin/]: Added class metadata for net/minecraft/client/renderer/entity/RenderItem to metadata cache
[15:25:42] [main/TRACE] [mixin/]: Added class metadata for net/minecraft/client/gui/ScaledResolution to metadata cache
[15:25:42] [main/TRACE] [mixin/]: Added class metadata for net/minecraft/world/WorldType to metadata cache
[15:25:42] [main/TRACE] [mixin/]: Added class metadata for net/minecraft/client/gui/GuiSlot to metadata cache
[15:25:42] [main/TRACE] [mixin/]: Added class metadata for net/minecraft/client/renderer/entity/RenderBiped to metadata cache
[15:25:42] [main/TRACE] [mixin/]: Added class metadata for net/minecraft/client/renderer/entity/RenderPlayer to metadata cache
[15:25:42] [main/TRACE] [mixin/]: Added class metadata for net/minecraft/client/renderer/tileentity/RenderItemFrame to metadata cache
[15:25:42] [main/TRACE] [mixin/]: Added class metadata for net/minecraft/block/BlockLeaves to metadata cache
[15:25:42] [main/TRACE] [mixin/]: Added class metadata for net/minecraft/block/BlockLeavesBase to metadata cache
[15:25:42] [main/TRACE] [mixin/]: Added class metadata for net/minecraft/block/BlockEnchantmentTable to metadata cache
[15:25:42] [main/TRACE] [mixin/]: Added class metadata for net/minecraft/client/gui/GuiIngame to metadata cache
[15:25:42] [main/TRACE] [mixin/]: Added class metadata for net/minecraft/block/BlockCactus to metadata cache
[15:25:42] [main/TRACE] [mixin/]: Added class metadata for net/minecraft/block/BlockCarpet to metadata cache
[15:25:42] [main/TRACE] [mixin/]: Added class metadata for net/minecraft/block/BlockFarmland to metadata cache
[15:25:42] [main/TRACE] [mixin/]: Added class metadata for net/minecraft/block/BlockSlab to metadata cache
[15:25:42] [main/TRACE] [mixin/]: Added class metadata for net/minecraft/block/BlockSnow to metadata cache
[15:25:42] [main/TRACE] [mixin/]: Added class metadata for net/minecraft/block/BlockStairs to metadata cache
[15:25:42] [main/TRACE] [mixin/]: Added class metadata for net/minecraft/block/BlockOldLeaf to metadata cache
[15:25:42] [main/DEBUG] [mixin/]: Preparing mixins.gtnhlib.early.json (9)
[15:25:42] [main/TRACE] [mixin/]: Added class metadata for net/minecraft/client/renderer/Tessellator to metadata cache
[15:25:42] [main/TRACE] [mixin/]: Added class metadata for cpw/mods/fml/client/GuiModList to metadata cache
[15:25:42] [main/TRACE] [mixin/]: Added class metadata for cpw/mods/fml/common/eventhandler/EventBus to metadata cache
[15:25:42] [main/TRACE] [mixin/]: Added class metadata for cpw/mods/fml/common/discovery/asm/ModAnnotation$EnumHolder to metadata cache
[15:25:42] [main/TRACE] [mixin/]: Added class metadata for net/minecraft/client/gui/GuiScreen to metadata cache
[15:25:42] [main/TRACE] [mixin/]: Added class metadata for net/minecraft/entity/EntityLivingBase to metadata cache
[15:25:42] [main/TRACE] [mixin/]: Added class metadata for net/minecraft/world/GameRules to metadata cache
[15:25:42] [main/TRACE] [coretweaks/]: Couldn't find BugfixModClassTransformer. This is not an error unless FoamFix is actually present.
[15:25:42] [main/TRACE] [mixin/]: Added class metadata for cpw/mods/fml/common/discovery/JarDiscoverer to metadata cache
[15:25:42] [main/TRACE] [mixin/]: Added class metadata for net/minecraftforge/common/ForgeHooks to metadata cache
[15:25:42] [main/TRACE] [mixin/]: Added class metadata for net/minecraft/client/entity/EntityPlayerSP to metadata cache
[15:25:42] [main/TRACE] [mixin/]: Added class metadata for net/minecraft/client/gui/GuiListExtended to metadata cache
[15:25:42] [main/TRACE] [mixin/]: Added class metadata for net/minecraft/world/WorldServer to metadata cache
[15:25:42] [main/TRACE] [mixin/]: Added class metadata for net/minecraft/client/resources/FolderResourcePack to metadata cache
[15:25:42] [main/TRACE] [mixin/]: Added class metadata for net/minecraft/client/resources/DefaultResourcePack to metadata cache
[15:25:42] [main/TRACE] [mixin/]: Added class metadata for net/minecraft/network/NetworkSystem$1 to metadata cache
[15:25:42] [main/TRACE] [mixin/]: Added class metadata for net/minecraft/network/NetworkManager$2 to metadata cache
[15:25:42] [main/TRACE] [mixin/]: Added class metadata for net/minecraft/client/network/OldServerPinger$2 to metadata cache
[15:25:42] [main/TRACE] [mixin/]: Added class metadata for net/minecraft/world/storage/MapStorage to metadata cache
[15:25:42] [main/TRACE] [mixin/]: Added class metadata for net/minecraft/entity/DataWatcher to metadata cache
[15:25:42] [main/TRACE] [mixin/]: Added class metadata for makamys/coretweaks/optimization/JarDiscovererCache$CachedModInfo to metadata cache
[15:25:42] [main/TRACE] [mixin/]: Added class metadata for org/spongepowered/asm/mixin/injection/At$Shift to metadata cache
[15:25:42] [main/TRACE] [mixin/]: Added class metadata for io/netty/channel/ChannelInitializer to metadata cache
[15:25:42] [main/TRACE] [mixin/]: Added class metadata for cpw/mods/fml/client/SplashProgress$SplashFontRenderer to metadata cache
[15:25:42] [main/TRACE] [mixin/]: Added class metadata for com/gtnewhorizons/angelica/glsm/ThreadedBlockData$Getter to metadata cache
[15:25:42] [main/TRACE] [mixin/]: Added class metadata for net/minecraftforge/event/terraingen/BiomeEvent$GetWaterColor to metadata cache
[15:25:42] [main/TRACE] [mixin/]: Added class metadata for net/minecraftforge/event/terraingen/BiomeEvent$GetGrassColor to metadata cache
[15:25:42] [main/TRACE] [mixin/]: Added class metadata for net/minecraftforge/event/terraingen/BiomeEvent$GetFoliageColor to metadata cache
[15:25:42] [main/TRACE] [mixin/]: Added class metadata for me/jellysquid/mods/sodium/client/gui/SodiumGameOptions$EntityRenderDistance to metadata cache
[15:25:42] [main/TRACE] [mixin/]: Added class metadata for me/jellysquid/mods/sodium/client/gui/SodiumGameOptions$QualitySettings to metadata cache
[15:25:42] [main/TRACE] [mixin/]: Added class metadata for me/jellysquid/mods/sodium/client/gui/SodiumGameOptions$PerformanceSettings to metadata cache
[15:25:42] [main/TRACE] [mixin/]: Added class metadata for net/minecraft/world/WorldSettings$GameType to metadata cache
[15:25:42] [main/TRACE] [mixin/]: Added class metadata for me/jellysquid/mods/sodium/client/gui/SodiumGameOptions$AdvancedSettings to metadata cache
[15:25:42] [main/TRACE] [mixin/]: Added class metadata for net/coderbot/iris/uniforms/SystemTimeUniforms$FrameCounter to metadata cache
[15:25:42] [main/TRACE] [mixin/]: Added class metadata for net/coderbot/iris/uniforms/SystemTimeUniforms$Timer to metadata cache
[15:25:42] [main/TRACE] [mixin/]: Added class metadata for net/minecraftforge/client/IItemRenderer$ItemRenderType to metadata cache
[15:25:42] [main/TRACE] [mixin/]: Added class metadata for jss/notfine/core/Settings$NotFineOption to metadata cache
[15:25:42] [main/TRACE] [mixin/]: Added class metadata for net/minecraft/block/BlockContainer to metadata cache
[15:25:42] [main/TRACE] [mixin/]: Added class metadata for net/minecraft/client/gui/Gui to metadata cache
[15:25:42] [main/DEBUG] [mixin/]: Prepared 133 mixins in 0.251 sec (1.9ms avg) (30ms load, 107ms transform, 0ms plugin)
[15:25:42] [main/INFO] [LaunchWrapper/]: Launching wrapped minecraft {net.minecraft.client.main.Main}
[15:25:42] [main/DEBUG] [mixin/]: Mixing angelica.MixinMinecraft from mixins.angelica.early.json into net.minecraft.client.Minecraft
[15:25:42] [main/TRACE] [mixin/]: Added class metadata for org/lwjgl/opengl/GL11 to metadata cache
[15:25:42] [main/TRACE] [mixin/]: Added class metadata for com/gtnewhorizons/angelica/config/AngelicaConfig to metadata cache
[15:25:42] [main/TRACE] [mixin/]: Added class metadata for java/lang/System to metadata cache
[15:25:42] [main/TRACE] [mixin/]: Added class metadata for java/lang/Thread to metadata cache
[15:25:42] [main/TRACE] [mixin/]: Added class metadata for com/gtnewhorizons/angelica/AngelicaMod to metadata cache
[15:25:42] [main/TRACE] [mixin/]: Added class metadata for com/gtnewhorizons/angelica/proxy/CommonProxy to metadata cache
[15:25:42] [main/TRACE] [mixin/]: Added class metadata for java/lang/Integer to metadata cache
[15:25:42] [main/TRACE] [mixin/]: Added class metadata for com/llamalad7/mixinextras/injector/wrapoperation/Operation to metadata cache
[15:25:42] [main/TRACE] [mixin/]: Added class metadata for org/lwjgl/input/Keyboard to metadata cache
[15:25:42] [main/TRACE] [mixin/]: Added class metadata for com/gtnewhorizons/angelica/mixins/interfaces/IGameSettingsExt to metadata cache
[15:25:42] [main/DEBUG] [mixin/]: Mixing shaders.startup.MixinMinecraft from mixins.angelica.early.json into net.minecraft.client.Minecraft
[15:25:42] [main/TRACE] [mixin/]: Added class metadata for com/gtnewhorizons/angelica/glsm/GLStateManager to metadata cache
[15:25:42] [main/TRACE] [mixin/]: Added class metadata for net/coderbot/iris/Iris to metadata cache
[15:25:42] [main/DEBUG] [mixin/]: Mixing sodium.MixinMinecraft from mixins.angelica.early.json into net.minecraft.client.Minecraft
[15:25:42] [main/TRACE] [mixin/]: Added class metadata for com/gtnewhorizons/angelica/mixins/interfaces/IRenderGlobalExt to metadata cache
[15:25:42] [main/TRACE] [mixin/]: Added class metadata for me/jellysquid/mods/sodium/client/SodiumClientMod to metadata cache
[15:25:42] [main/TRACE] [mixin/]: Added class metadata for me/jellysquid/mods/sodium/client/gui/SodiumGameOptions to metadata cache
[15:25:42] [main/TRACE] [mixin/]: Added class metadata for me/jellysquid/mods/sodium/client/gui/options/named/GraphicsQuality to metadata cache
[15:25:42] [main/DEBUG] [mixin/]: Mixing angelica.zoom.MixinMinecraft_Zoom from mixins.angelica.early.json into net.minecraft.client.Minecraft
[15:25:42] [main/TRACE] [mixin/]: Added class metadata for com/gtnewhorizons/angelica/zoom/Zoom to metadata cache
[15:25:42] [main/TRACE] [mixin/]: Added class metadata for net/minecraft/client/settings/KeyBinding to metadata cache
[15:25:42] [main/DEBUG] [mixin/]: Mixing tweak.crashhandler.MixinMinecraft from coretweaks.mixin.json into net.minecraft.client.Minecraft
[15:25:42] [main/TRACE] [mixin/]: Added class metadata for net/minecraft/crash/CrashReport to metadata cache
[15:25:42] [main/TRACE] [mixin/]: Added class metadata for java/lang/RuntimeException to metadata cache
[15:25:42] [main/TRACE] [mixin/]: Added class metadata for makamys/coretweaks/CoreTweaks to metadata cache
[15:25:42] [main/TRACE] [mixin/]: Added class metadata for makamys/coretweaks/tweak/crashhandler/CrashHandler to metadata cache
[15:25:42] [main/TRACE] [mixin/]: Added class metadata for net/minecraft/util/ReportedException to metadata cache
[15:25:42] [main/TRACE] [mixin/]: Added class metadata for net/minecraft/client/gui/GuiMemoryErrorScreen to metadata cache
[15:25:42] [main/TRACE] [mixin/]: Added class metadata for makamys/coretweaks/tweak/crashhandler/GuiFatalErrorScreen to metadata cache
[15:25:42] [main/TRACE] [mixin/]: Added class metadata for org/apache/logging/log4j/LogManager to metadata cache
[15:25:42] [main/TRACE] [mixin/]: Added class metadata for net/minecraft/profiler/IPlayerUsage to metadata cache
[15:25:42] [main/DEBUG] [mixin/]: mixins.angelica.early.json:angelica.MixinMinecraft from mod angelica->@Inject::angelica$injectLightingFixPostRenderTick(Lorg/spongepowered/asm/mixin/injection/callback/CallbackInfo;)V doesn't use it's CallbackInfo
[15:25:42] [main/DEBUG] [mixin/]: mixins.angelica.early.json:angelica.MixinMinecraft from mod angelica->@Inject::angelica$injectLightingFixPostRenderTick(Lorg/spongepowered/asm/mixin/injection/callback/CallbackInfo;)V has 0 override(s) in child classes
[15:25:42] [main/DEBUG] [mixin/]: mixins.angelica.early.json:angelica.MixinMinecraft from mod angelica->@Inject::angelica$injectLightingFixPostRenderTick(Lorg/spongepowered/asm/mixin/injection/callback/CallbackInfo;)V won't be passed a CallbackInfo as a result
[15:25:42] [main/DEBUG] [mixin/]: mixins.angelica.early.json:angelica.MixinMinecraft from mod angelica->@Inject::angelica$limitFPS(Lorg/spongepowered/asm/mixin/injection/callback/CallbackInfo;)V doesn't use it's CallbackInfo
[15:25:42] [main/DEBUG] [mixin/]: mixins.angelica.early.json:angelica.MixinMinecraft from mod angelica->@Inject::angelica$limitFPS(Lorg/spongepowered/asm/mixin/injection/callback/CallbackInfo;)V has 0 override(s) in child classes
[15:25:42] [main/DEBUG] [mixin/]: mixins.angelica.early.json:angelica.MixinMinecraft from mod angelica->@Inject::angelica$limitFPS(Lorg/spongepowered/asm/mixin/injection/callback/CallbackInfo;)V won't be passed a CallbackInfo as a result
[15:25:42] [main/DEBUG] [mixin/]: mixins.angelica.early.json:angelica.MixinMinecraft from mod angelica->@Inject::angelica$trackFrametimes(Lorg/spongepowered/asm/mixin/injection/callback/CallbackInfo;)V doesn't use it's CallbackInfo
[15:25:42] [main/DEBUG] [mixin/]: mixins.angelica.early.json:angelica.MixinMinecraft from mod angelica->@Inject::angelica$trackFrametimes(Lorg/spongepowered/asm/mixin/injection/callback/CallbackInfo;)V has 0 override(s) in child classes
[15:25:42] [main/DEBUG] [mixin/]: mixins.angelica.early.json:angelica.MixinMinecraft from mod angelica->@Inject::angelica$trackFrametimes(Lorg/spongepowered/asm/mixin/injection/callback/CallbackInfo;)V won't be passed a CallbackInfo as a result
[15:25:42] [main/DEBUG] [mixin/]: mixins.angelica.early.json:angelica.MixinMinecraft from mod angelica->@Inject::angelica$setShowFpsGraph(Lorg/spongepowered/asm/mixin/injection/callback/CallbackInfo;)V doesn't use it's CallbackInfo
[15:25:42] [main/DEBUG] [mixin/]: mixins.angelica.early.json:angelica.MixinMinecraft from mod angelica->@Inject::angelica$setShowFpsGraph(Lorg/spongepowered/asm/mixin/injection/callback/CallbackInfo;)V has 0 override(s) in child classes
[15:25:42] [main/DEBUG] [mixin/]: mixins.angelica.early.json:angelica.MixinMinecraft from mod angelica->@Inject::angelica$setShowFpsGraph(Lorg/spongepowered/asm/mixin/injection/callback/CallbackInfo;)V won't be passed a CallbackInfo as a result
[15:25:42] [main/DEBUG] [mixin/]: mixins.angelica.early.json:shaders.startup.MixinMinecraft from mod angelica->@Inject::angelica$shadersOnLoadingComplete(Lorg/spongepowered/asm/mixin/injection/callback/CallbackInfo;)V doesn't use it's CallbackInfo
[15:25:42] [main/DEBUG] [mixin/]: mixins.angelica.early.json:shaders.startup.MixinMinecraft from mod angelica->@Inject::angelica$shadersOnLoadingComplete(Lorg/spongepowered/asm/mixin/injection/callback/CallbackInfo;)V has 0 override(s) in child classes
[15:25:42] [main/DEBUG] [mixin/]: mixins.angelica.early.json:shaders.startup.MixinMinecraft from mod angelica->@Inject::angelica$shadersOnLoadingComplete(Lorg/spongepowered/asm/mixin/injection/callback/CallbackInfo;)V won't be passed a CallbackInfo as a result
[15:25:42] [main/DEBUG] [mixin/]: mixins.angelica.early.json:sodium.MixinMinecraft from mod angelica->@Inject::sodium$resize(IILorg/spongepowered/asm/mixin/injection/callback/CallbackInfo;)V doesn't use it's CallbackInfo
[15:25:42] [main/DEBUG] [mixin/]: mixins.angelica.early.json:sodium.MixinMinecraft from mod angelica->@Inject::sodium$resize(IILorg/spongepowered/asm/mixin/injection/callback/CallbackInfo;)V has 0 override(s) in child classes
[15:25:42] [main/DEBUG] [mixin/]: mixins.angelica.early.json:sodium.MixinMinecraft from mod angelica->@Inject::sodium$resize(IILorg/spongepowered/asm/mixin/injection/callback/CallbackInfo;)V won't be passed a CallbackInfo as a result
[15:25:42] [main/TRACE] [mixin/]: Added class metadata for net/minecraft/client/gui/GuiGameOver to metadata cache
[15:25:42] [main/TRACE] [mixin/]: Added class metadata for net/minecraft/client/gui/GuiMainMenu to metadata cache
[15:25:42] [main/INFO] [signpic/]: Patching GuiScreen.handleInput (class: bdw)
[15:25:42] [main/DEBUG] [mixin/]: Mixing MixinGuiScreen from mixins.gtnhlib.early.json into net.minecraft.client.gui.GuiScreen
[15:25:42] [main/TRACE] [mixin/]: Added class metadata for com/gtnewhorizon/gtnhlib/client/event/RenderTooltipEvent to metadata cache
[15:25:42] [main/TRACE] [mixin/]: Added class metadata for cpw/mods/fml/common/eventhandler/Event to metadata cache
[15:25:42] [main/TRACE] [mixin/]: Added class metadata for net/minecraftforge/common/MinecraftForge to metadata cache
[15:25:42] [main/TRACE] [mixin/]: Added class metadata for net/minecraft/client/renderer/RenderHelper to metadata cache
[15:25:42] [main/TRACE] [mixin/]: Added class metadata for java/util/function/Consumer to metadata cache
[15:25:42] [main/TRACE] [mixin/]: Added class metadata for net/minecraft/item/ItemStack to metadata cache
[15:25:42] [main/DEBUG] [mixin/]: mixins.gtnhlib.early.json:MixinGuiScreen from mod gtnhlib->@Inject::preRenderToolTip(Lnet/minecraft/item/ItemStack;IILorg/spongepowered/asm/mixin/injection/callback/CallbackInfo;)V doesn't use it's CallbackInfo
[15:25:42] [main/DEBUG] [mixin/]: mixins.gtnhlib.early.json:MixinGuiScreen from mod gtnhlib->@Inject::preRenderToolTip(Lnet/minecraft/item/ItemStack;IILorg/spongepowered/asm/mixin/injection/callback/CallbackInfo;)V has 0 override(s) in child classes
[15:25:42] [main/DEBUG] [mixin/]: mixins.gtnhlib.early.json:MixinGuiScreen from mod gtnhlib->@Inject::preRenderToolTip(Lnet/minecraft/item/ItemStack;IILorg/spongepowered/asm/mixin/injection/callback/CallbackInfo;)V won't be passed a CallbackInfo as a result
[15:25:42] [main/DEBUG] [mixin/]: mixins.gtnhlib.early.json:MixinGuiScreen from mod gtnhlib->@Inject::postRenderToolTip(Lorg/spongepowered/asm/mixin/injection/callback/CallbackInfo;)V doesn't use it's CallbackInfo
[15:25:42] [main/DEBUG] [mixin/]: mixins.gtnhlib.early.json:MixinGuiScreen from mod gtnhlib->@Inject::postRenderToolTip(Lorg/spongepowered/asm/mixin/injection/callback/CallbackInfo;)V has 0 override(s) in child classes
[15:25:42] [main/DEBUG] [mixin/]: mixins.gtnhlib.early.json:MixinGuiScreen from mod gtnhlib->@Inject::postRenderToolTip(Lorg/spongepowered/asm/mixin/injection/callback/CallbackInfo;)V won't be passed a CallbackInfo as a result
[15:25:42] [main/TRACE] [mixin/]: Added class metadata for java/awt/datatransfer/Transferable to metadata cache
[15:25:42] [main/TRACE] [mixin/]: Added class metadata for java/awt/datatransfer/StringSelection to metadata cache
[15:25:42] [main/INFO] [STDOUT/]: [xaero.common.core.transformer.ClassNodeTransformer:transform:26]: Transforming class yz net.minecraft.entity.player.EntityPlayer
[15:25:42] [main/INFO] [STDOUT/]: [xaero.map.core.transformer.ClassNodeTransformer:transform:26]: Transforming class net.minecraft.entity.player.EntityPlayer
[15:25:42] [main/DEBUG] [mixin/]: Mixing MixinEntityLivingBase from mixins.gtnhlib.early.json into net.minecraft.entity.EntityLivingBase
[15:25:42] [main/TRACE] [mixin/]: Added class metadata for com/gtnewhorizon/gtnhlib/client/event/LivingEquipmentChangeEvent to metadata cache
[15:25:42] [main/TRACE] [mixin/]: Added class metadata for net/minecraftforge/event/entity/living/LivingEvent to metadata cache
[15:25:42] [main/TRACE] [mixin/]: Added class metadata for net/minecraftforge/event/entity/EntityEvent to metadata cache
[15:25:42] [main/DEBUG] [mixin/]: mixins.gtnhlib.early.json:MixinEntityLivingBase from mod gtnhlib->@Inject::addEquipmentChangeEventBus(Lorg/spongepowered/asm/mixin/injection/callback/CallbackInfo;)V doesn't use it's CallbackInfo
[15:25:42] [main/DEBUG] [mixin/]: mixins.gtnhlib.early.json:MixinEntityLivingBase from mod gtnhlib->@Inject::addEquipmentChangeEventBus(Lorg/spongepowered/asm/mixin/injection/callback/CallbackInfo;)V has 0 override(s) in child classes
[15:25:42] [main/DEBUG] [mixin/]: mixins.gtnhlib.early.json:MixinEntityLivingBase from mod gtnhlib->@Inject::addEquipmentChangeEventBus(Lorg/spongepowered/asm/mixin/injection/callback/CallbackInfo;)V won't be passed a CallbackInfo as a result
[15:25:42] [main/TRACE] [mixin/]: Added class metadata for net/minecraft/entity/player/EntityPlayer to metadata cache
[15:25:42] [main/INFO] [STDOUT/]: [net.tclproject.mysteriumlib.asm.core.MiscUtils$SystemLogHelper:debug:80]: [DEBUG] Injecting fixes into class net.minecraft.entity.Entity.
[15:25:42] [main/INFO] [STDOUT/]: [net.tclproject.mysteriumlib.asm.core.MiscUtils$SystemLogHelper:debug:80]: [DEBUG] Fixed method net.minecraft.entity.Entity#isInRangeToRenderDist(D)
[15:25:42] [main/DEBUG] [mixin/]: Mixing angelica.dynamiclights.MixinEntity from mixins.angelica.early.json into net.minecraft.entity.Entity
[15:25:42] [main/TRACE] [mixin/]: Added class metadata for com/gtnewhorizons/angelica/dynamiclights/IDynamicLightSource to metadata cache
[15:25:42] [main/TRACE] [mixin/]: Added class metadata for it/unimi/dsi/fastutil/longs/LongOpenHashSet to metadata cache
[15:25:42] [main/TRACE] [mixin/]: Added class metadata for it/unimi/dsi/fastutil/longs/AbstractLongSet to metadata cache
[15:25:42] [main/TRACE] [mixin/]: Added class metadata for it/unimi/dsi/fastutil/longs/AbstractLongCollection to metadata cache
[15:25:42] [main/TRACE] [mixin/]: Added class metadata for it/unimi/dsi/fastutil/longs/LongCollection to metadata cache
[15:25:42] [main/TRACE] [mixin/]: Added class metadata for it/unimi/dsi/fastutil/longs/LongIterable to metadata cache
[15:25:42] [main/TRACE] [mixin/]: Added class metadata for it/unimi/dsi/fastutil/longs/LongSet to metadata cache
[15:25:42] [main/TRACE] [mixin/]: Added class metadata for it/unimi/dsi/fastutil/Hash to metadata cache
[15:25:42] [main/TRACE] [mixin/]: Added class metadata for com/gtnewhorizons/angelica/dynamiclights/DynamicLights to metadata cache
[15:25:42] [main/TRACE] [mixin/]: Added class metadata for java/lang/Math to metadata cache
[15:25:42] [main/TRACE] [mixin/]: Added class metadata for net/minecraft/util/MathHelper to metadata cache
[15:25:42] [main/TRACE] [mixin/]: Added class metadata for com/gtnewhorizon/gtnhlib/blockpos/BlockPos to metadata cache
[15:25:42] [main/TRACE] [mixin/]: Added class metadata for org/joml/Vector3i to metadata cache
[15:25:42] [main/TRACE] [mixin/]: Added class metadata for org/joml/Vector3ic to metadata cache
[15:25:42] [main/TRACE] [mixin/]: Added class metadata for java/io/Externalizable to metadata cache
[15:25:42] [main/TRACE] [mixin/]: Added class metadata for com/gtnewhorizon/gtnhlib/blockpos/IMutableBlockPos to metadata cache
[15:25:42] [main/TRACE] [mixin/]: Added class metadata for com/gtnewhorizon/gtnhlib/blockpos/IBlockPos to metadata cache
[15:25:42] [main/TRACE] [mixin/]: Added class metadata for net/minecraftforge/common/util/ForgeDirection to metadata cache
[15:25:42] [main/TRACE] [mixin/]: Added class metadata for java/lang/Long to metadata cache
[15:25:42] [main/DEBUG] [mixin/]: Mixing sodium.MixinEntity_RenderDist from mixins.angelica.early.json into net.minecraft.entity.Entity
[15:25:42] [main/DEBUG] [mixin/]: Mixing bugfix.smallentityswim.MixinEntity from coretweaks.mixin.json into net.minecraft.entity.Entity
[15:25:42] [main/TRACE] [mixin/]: Added class metadata for net/minecraft/util/AxisAlignedBB to metadata cache
[15:25:42] [main/TRACE] [mixin/]: Added class metadata for makamys/coretweaks/util/AxisAlignedBBHelper to metadata cache
[15:25:42] [main/DEBUG] [mixin/]: Mixing bugfix.forge5160.MixinEntity from coretweaks.mixin.json into net.minecraft.entity.Entity
[15:25:42] [main/TRACE] [mixin/]: Added class metadata for makamys/coretweaks/ducks/bugfix/IForge5160Entity to metadata cache
[15:25:42] [main/TRACE] [mixin/]: Added class metadata for java/lang/StringBuilder to metadata cache
[15:25:42] [main/TRACE] [mixin/]: Added class metadata for java/lang/AbstractStringBuilder to metadata cache
[15:25:42] [main/TRACE] [mixin/]: Added class metadata for java/lang/Appendable to metadata cache
[15:25:42] [main/TRACE] [mixin/]: Added class metadata for java/lang/CharSequence to metadata cache
[15:25:42] [main/TRACE] [mixin/]: Added class metadata for net/minecraft/world/WorldProvider to metadata cache
[15:25:42] [main/TRACE] [mixin/]: Added class metadata for me/jellysquid/mods/sodium/client/render/SodiumWorldRenderer to metadata cache
[15:25:42] [main/DEBUG] [mixin/]: mixins.angelica.early.json:angelica.dynamiclights.MixinEntity from mod angelica->@Inject::angelica$onUpdate(Lorg/spongepowered/asm/mixin/injection/callback/CallbackInfo;)V doesn't use it's CallbackInfo
[15:25:42] [main/DEBUG] [mixin/]: mixins.angelica.early.json:angelica.dynamiclights.MixinEntity from mod angelica->@Inject::angelica$onUpdate(Lorg/spongepowered/asm/mixin/injection/callback/CallbackInfo;)V has 0 override(s) in child classes
[15:25:42] [main/DEBUG] [mixin/]: mixins.angelica.early.json:angelica.dynamiclights.MixinEntity from mod angelica->@Inject::angelica$onUpdate(Lorg/spongepowered/asm/mixin/injection/callback/CallbackInfo;)V won't be passed a CallbackInfo as a result
[15:25:42] [main/DEBUG] [mixin/]: coretweaks.mixin.json:bugfix.forge5160.MixinEntity from mod coretweaks->@Inject::onPositionChanged1(Lorg/spongepowered/asm/mixin/injection/callback/CallbackInfo;)V doesn't use it's CallbackInfo
[15:25:42] [main/DEBUG] [mixin/]: coretweaks.mixin.json:bugfix.forge5160.MixinEntity from mod coretweaks->@Inject::onPositionChanged1(Lorg/spongepowered/asm/mixin/injection/callback/CallbackInfo;)V has 0 override(s) in child classes
[15:25:42] [main/DEBUG] [mixin/]: coretweaks.mixin.json:bugfix.forge5160.MixinEntity from mod coretweaks->@Inject::onPositionChanged1(Lorg/spongepowered/asm/mixin/injection/callback/CallbackInfo;)V won't be passed a CallbackInfo as a result
[15:25:42] [main/DEBUG] [mixin/]: coretweaks.mixin.json:bugfix.forge5160.MixinEntity from mod coretweaks->@Inject::onPositionChanged1(Lorg/spongepowered/asm/mixin/injection/callback/CallbackInfo;)V doesn't use it's CallbackInfo
[15:25:42] [main/DEBUG] [mixin/]: coretweaks.mixin.json:bugfix.forge5160.MixinEntity from mod coretweaks->@Inject::onPositionChanged1(Lorg/spongepowered/asm/mixin/injection/callback/CallbackInfo;)V has 0 override(s) in child classes
[15:25:42] [main/DEBUG] [mixin/]: coretweaks.mixin.json:bugfix.forge5160.MixinEntity from mod coretweaks->@Inject::onPositionChanged1(Lorg/spongepowered/asm/mixin/injection/callback/CallbackInfo;)V won't be passed a CallbackInfo as a result
[15:25:42] [main/DEBUG] [mixin/]: coretweaks.mixin.json:bugfix.forge5160.MixinEntity from mod coretweaks->@Inject::onPositionChanged1(Lorg/spongepowered/asm/mixin/injection/callback/CallbackInfo;)V doesn't use it's CallbackInfo
[15:25:42] [main/DEBUG] [mixin/]: coretweaks.mixin.json:bugfix.forge5160.MixinEntity from mod coretweaks->@Inject::onPositionChanged1(Lorg/spongepowered/asm/mixin/injection/callback/CallbackInfo;)V has 0 override(s) in child classes
[15:25:42] [main/DEBUG] [mixin/]: coretweaks.mixin.json:bugfix.forge5160.MixinEntity from mod coretweaks->@Inject::onPositionChanged1(Lorg/spongepowered/asm/mixin/injection/callback/CallbackInfo;)V won't be passed a CallbackInfo as a result
[15:25:42] [main/DEBUG] [mixin/]: coretweaks.mixin.json:bugfix.forge5160.MixinEntity from mod coretweaks->@Inject::onPositionChanged1(Lorg/spongepowered/asm/mixin/injection/callback/CallbackInfo;)V doesn't use it's CallbackInfo
[15:25:42] [main/DEBUG] [mixin/]: coretweaks.mixin.json:bugfix.forge5160.MixinEntity from mod coretweaks->@Inject::onPositionChanged1(Lorg/spongepowered/asm/mixin/injection/callback/CallbackInfo;)V has 0 override(s) in child classes
[15:25:42] [main/DEBUG] [mixin/]: coretweaks.mixin.json:bugfix.forge5160.MixinEntity from mod coretweaks->@Inject::onPositionChanged1(Lorg/spongepowered/asm/mixin/injection/callback/CallbackInfo;)V won't be passed a CallbackInfo as a result
[15:25:42] [main/DEBUG] [mixin/]: coretweaks.mixin.json:bugfix.forge5160.MixinEntity from mod coretweaks->@Inject::onPositionChanged1(Lorg/spongepowered/asm/mixin/injection/callback/CallbackInfo;)V doesn't use it's CallbackInfo
[15:25:42] [main/DEBUG] [mixin/]: coretweaks.mixin.json:bugfix.forge5160.MixinEntity from mod coretweaks->@Inject::onPositionChanged1(Lorg/spongepowered/asm/mixin/injection/callback/CallbackInfo;)V has 0 override(s) in child classes
[15:25:42] [main/DEBUG] [mixin/]: coretweaks.mixin.json:bugfix.forge5160.MixinEntity from mod coretweaks->@Inject::onPositionChanged1(Lorg/spongepowered/asm/mixin/injection/callback/CallbackInfo;)V won't be passed a CallbackInfo as a result
[15:25:42] [main/DEBUG] [mixin/]: coretweaks.mixin.json:bugfix.forge5160.MixinEntity from mod coretweaks->@Inject::onPositionChanged1(Lorg/spongepowered/asm/mixin/injection/callback/CallbackInfo;)V doesn't use it's CallbackInfo
[15:25:42] [main/DEBUG] [mixin/]: coretweaks.mixin.json:bugfix.forge5160.MixinEntity from mod coretweaks->@Inject::onPositionChanged1(Lorg/spongepowered/asm/mixin/injection/callback/CallbackInfo;)V has 0 override(s) in child classes
[15:25:42] [main/DEBUG] [mixin/]: coretweaks.mixin.json:bugfix.forge5160.MixinEntity from mod coretweaks->@Inject::onPositionChanged1(Lorg/spongepowered/asm/mixin/injection/callback/CallbackInfo;)V won't be passed a CallbackInfo as a result
[15:25:42] [main/DEBUG] [mixin/]: coretweaks.mixin.json:bugfix.forge5160.MixinEntity from mod coretweaks->@Inject::onPositionChanged2(Lorg/spongepowered/asm/mixin/injection/callback/CallbackInfo;)V doesn't use it's CallbackInfo
[15:25:42] [main/DEBUG] [mixin/]: coretweaks.mixin.json:bugfix.forge5160.MixinEntity from mod coretweaks->@Inject::onPositionChanged2(Lorg/spongepowered/asm/mixin/injection/callback/CallbackInfo;)V has 0 override(s) in child classes
[15:25:42] [main/DEBUG] [mixin/]: coretweaks.mixin.json:bugfix.forge5160.MixinEntity from mod coretweaks->@Inject::onPositionChanged2(Lorg/spongepowered/asm/mixin/injection/callback/CallbackInfo;)V won't be passed a CallbackInfo as a result
[15:25:42] [main/TRACE] [mixin/]: Added class metadata for net/minecraft/nbt/NBTTagCompound to metadata cache
[15:25:42] [main/TRACE] [mixin/]: Added class metadata for net/minecraft/nbt/NBTBase to metadata cache
[15:25:42] [main/TRACE] [mixin/]: Added class metadata for net/minecraftforge/common/IExtendedEntityProperties to metadata cache
[15:25:42] [main/INFO] [STDOUT/]: [xaero.common.core.transformer.ClassNodeTransformer:transform:26]: Transforming class bjk net.minecraft.client.entity.EntityClientPlayerMP
[15:25:42] [main/DEBUG] [mixin/]: Mixing tweak.extendsprint.MixinEntityPlayerSP from coretweaks.mixin.json into net.minecraft.client.entity.EntityPlayerSP
[15:25:42] [main/TRACE] [mixin/]: Added class metadata for net/minecraft/client/entity/AbstractClientPlayer to metadata cache
[15:25:42] [main/TRACE] [mixin/]: Added class metadata for net/minecraft/command/ICommandSender to metadata cache
[15:25:42] [main/TRACE] [mixin/]: Added class metadata for net/minecraft/client/resources/SkinManager$SkinAvailableCallback to metadata cache
[15:25:42] [main/INFO] [STDOUT/]: [xaero.common.core.transformer.ClassNodeTransformer:transform:26]: Transforming class blg net.minecraft.client.entity.AbstractClientPlayer
[15:25:42] [main/INFO] [STDOUT/]: [xaero.map.core.transformer.ClassNodeTransformer:transform:26]: Transforming class net.minecraft.client.entity.AbstractClientPlayer
[15:25:42] [main/DEBUG] [mixin/]: Mixing angelica.dynamiclights.MixinWorld from mixins.angelica.early.json into net.minecraft.world.World
[15:25:42] [main/DEBUG] [mixin/]: Mixing angelica.lighting.MixinWorld_FixLightUpdateLag from mixins.angelica.early.json into net.minecraft.world.World
[15:25:42] [main/TRACE] [mixin/]: Added class metadata for com/llamalad7/mixinextras/sugar/ref/LocalIntRef to metadata cache
[15:25:42] [main/DEBUG] [mixin/]: Mixing tweak.lightfixstare.MixinWorld from coretweaks.mixin.json into net.minecraft.world.World
[15:25:42] [main/TRACE] [mixin/]: Added class metadata for makamys/coretweaks/tweak/LightFixStare to metadata cache
[15:25:42] [main/DEBUG] [mixin/]: Mixing bugfix.forge5160.MixinWorld from coretweaks.mixin.json into net.minecraft.world.World
[15:25:42] [main/TRACE] [mixin/]: Added class metadata for net/minecraft/world/IBlockAccess to metadata cache
[15:25:42] [main/TRACE] [mixin/]: Added class metadata for net/minecraft/world/EnumSkyBlock to metadata cache
[15:25:42] [main/TRACE] [mixin/]: Added class metadata for org/spongepowered/asm/mixin/injection/callback/CallbackInfoReturnable to metadata cache
[15:25:42] [main/DEBUG] [mixin/]: mixins.angelica.early.json:angelica.dynamiclights.MixinWorld from mod angelica->@Inject::angelica$removeEntity(Lnet/minecraft/entity/Entity;Lorg/spongepowered/asm/mixin/injection/callback/CallbackInfo;)V doesn't use it's CallbackInfo
[15:25:42] [main/DEBUG] [mixin/]: mixins.angelica.early.json:angelica.dynamiclights.MixinWorld from mod angelica->@Inject::angelica$removeEntity(Lnet/minecraft/entity/Entity;Lorg/spongepowered/asm/mixin/injection/callback/CallbackInfo;)V has 0 override(s) in child classes
[15:25:42] [main/DEBUG] [mixin/]: mixins.angelica.early.json:angelica.dynamiclights.MixinWorld from mod angelica->@Inject::angelica$removeEntity(Lnet/minecraft/entity/Entity;Lorg/spongepowered/asm/mixin/injection/callback/CallbackInfo;)V won't be passed a CallbackInfo as a result
[15:25:42] [main/DEBUG] [mixin/]: mixins.angelica.early.json:angelica.lighting.MixinWorld_FixLightUpdateLag from mod angelica->@Inject::angelica$modifyUpdateRange(Lnet/minecraft/world/EnumSkyBlock;IIILorg/spongepowered/asm/mixin/injection/callback/CallbackInfoReturnable;)V doesn't use it's CallbackInfoReturnable
[15:25:42] [main/DEBUG] [mixin/]: mixins.angelica.early.json:angelica.lighting.MixinWorld_FixLightUpdateLag from mod angelica->@Inject::angelica$modifyUpdateRange(Lnet/minecraft/world/EnumSkyBlock;IIILorg/spongepowered/asm/mixin/injection/callback/CallbackInfoReturnable;)V has 0 override(s) in child classes
[15:25:42] [main/DEBUG] [mixin/]: mixins.angelica.early.json:angelica.lighting.MixinWorld_FixLightUpdateLag from mod angelica->@Inject::angelica$modifyUpdateRange(Lnet/minecraft/world/EnumSkyBlock;IIILorg/spongepowered/asm/mixin/injection/callback/CallbackInfoReturnable;)V won't be passed a CallbackInfoReturnable as a result
[15:25:42] [main/DEBUG] [mixin/]: coretweaks.mixin.json:tweak.lightfixstare.MixinWorld from mod coretweaks->@Inject::postPlayerCheckLight(Lorg/spongepowered/asm/mixin/injection/callback/CallbackInfo;)V doesn't use it's CallbackInfo
[15:25:42] [main/DEBUG] [mixin/]: coretweaks.mixin.json:tweak.lightfixstare.MixinWorld from mod coretweaks->@Inject::postPlayerCheckLight(Lorg/spongepowered/asm/mixin/injection/callback/CallbackInfo;)V has 0 override(s) in child classes
[15:25:42] [main/DEBUG] [mixin/]: coretweaks.mixin.json:tweak.lightfixstare.MixinWorld from mod coretweaks->@Inject::postPlayerCheckLight(Lorg/spongepowered/asm/mixin/injection/callback/CallbackInfo;)V won't be passed a CallbackInfo as a result
[15:25:42] [main/DEBUG] [mixin/]: coretweaks.mixin.json:bugfix.forge5160.MixinWorld from mod coretweaks->@Inject::postEntityAdded(Lnet/minecraft/entity/Entity;Lorg/spongepowered/asm/mixin/injection/callback/CallbackInfo;)V doesn't use it's CallbackInfo
[15:25:42] [main/DEBUG] [mixin/]: coretweaks.mixin.json:bugfix.forge5160.MixinWorld from mod coretweaks->@Inject::postEntityAdded(Lnet/minecraft/entity/Entity;Lorg/spongepowered/asm/mixin/injection/callback/CallbackInfo;)V has 0 override(s) in child classes
[15:25:42] [main/DEBUG] [mixin/]: coretweaks.mixin.json:bugfix.forge5160.MixinWorld from mod coretweaks->@Inject::postEntityAdded(Lnet/minecraft/entity/Entity;Lorg/spongepowered/asm/mixin/injection/callback/CallbackInfo;)V won't be passed a CallbackInfo as a result
[15:25:42] [main/DEBUG] [mixin/]: coretweaks.mixin.json:bugfix.forge5160.MixinWorld from mod coretweaks->@Inject::postEntityRemoved(Lnet/minecraft/entity/Entity;Lorg/spongepowered/asm/mixin/injection/callback/CallbackInfo;)V doesn't use it's CallbackInfo
[15:25:42] [main/DEBUG] [mixin/]: coretweaks.mixin.json:bugfix.forge5160.MixinWorld from mod coretweaks->@Inject::postEntityRemoved(Lnet/minecraft/entity/Entity;Lorg/spongepowered/asm/mixin/injection/callback/CallbackInfo;)V has 0 override(s) in child classes
[15:25:42] [main/DEBUG] [mixin/]: coretweaks.mixin.json:bugfix.forge5160.MixinWorld from mod coretweaks->@Inject::postEntityRemoved(Lnet/minecraft/entity/Entity;Lorg/spongepowered/asm/mixin/injection/callback/CallbackInfo;)V won't be passed a CallbackInfo as a result
[15:25:42] [main/INFO] [STDOUT/]: [xaero.common.core.transformer.ClassNodeTransformer:transform:26]: Transforming class bjf net.minecraft.client.multiplayer.WorldClient
[15:25:42] [main/INFO] [STDOUT/]: [xaero.map.core.transformer.ClassNodeTransformer:transform:26]: Transforming class net.minecraft.client.multiplayer.WorldClient
[15:25:42] [main/DEBUG] [mixin/]: Mixing sodium.MixinWorldClient from mixins.angelica.early.json into net.minecraft.client.multiplayer.WorldClient
[15:25:42] [main/TRACE] [mixin/]: Added class metadata for me/jellysquid/mods/sodium/client/render/chunk/map/ChunkTrackerHolder to metadata cache
[15:25:42] [main/TRACE] [mixin/]: Added class metadata for me/jellysquid/mods/sodium/client/render/chunk/map/ChunkTracker to metadata cache
[15:25:42] [main/TRACE] [mixin/]: Added class metadata for me/jellysquid/mods/sodium/client/render/chunk/map/ClientChunkEventListener to metadata cache
[15:25:42] [main/DEBUG] [mixin/]: Mixing notfine.particles.MixinWorldClient from mixins.angelica.early.json into net.minecraft.client.multiplayer.WorldClient
[15:25:42] [main/TRACE] [mixin/]: Added class metadata for jss/util/RandomXoshiro256StarStar to metadata cache
[15:25:42] [main/TRACE] [mixin/]: Added class metadata for java/util/Random to metadata cache
[15:25:42] [main/TRACE] [mixin/]: Added class metadata for jss/notfine/core/Settings to metadata cache
[15:25:42] [main/DEBUG] [mixin/]: mixins.angelica.early.json:sodium.MixinWorldClient from mod angelica->@Inject::sodium$loadChunk(IIZLorg/spongepowered/asm/mixin/injection/callback/CallbackInfo;)V doesn't use it's CallbackInfo
[15:25:42] [main/DEBUG] [mixin/]: mixins.angelica.early.json:sodium.MixinWorldClient from mod angelica->@Inject::sodium$loadChunk(IIZLorg/spongepowered/asm/mixin/injection/callback/CallbackInfo;)V has 0 override(s) in child classes
[15:25:42] [main/DEBUG] [mixin/]: mixins.angelica.early.json:sodium.MixinWorldClient from mod angelica->@Inject::sodium$loadChunk(IIZLorg/spongepowered/asm/mixin/injection/callback/CallbackInfo;)V won't be passed a CallbackInfo as a result
[15:25:42] [main/TRACE] [mixin/]: Added class metadata for net/minecraft/client/entity/EntityClientPlayerMP to metadata cache
[15:25:42] [main/INFO] [UfexCore ASM/]: Transform: net.minecraft.client.gui.GuiIngame
[15:25:42] [main/INFO] [UfexCore ASM/]: Internal name = bbv
[15:25:42] [main/INFO] [UfexCore ASM/]: Transformed name = net.minecraft.client.gui.GuiIngame
[15:25:42] [main/INFO] [UfexCore ASM/]: new ClassReader done
[15:25:42] [main/INFO] [UfexCore ASM/]: new ClassWriter done
[15:25:42] [main/INFO] [UfexCore ASM/]: new ClassAdapter done
[15:25:42] [main/INFO] [UfexCore ASM/]: Modified renderScoreboard method.
[15:25:42] [main/INFO] [UfexCore ASM/]: RENDER_SCOREBOARD:true
[15:25:42] [main/INFO] [UfexCore ASM/]: ** GuiIngame was completely transformed.
[15:25:42] [main/INFO] [UfexCore ASM/]: accept done
[15:25:42] [main/DEBUG] [mixin/]: Mixing notfine.toggle.MixinGuiIngame from mixins.angelica.early.json into net.minecraft.client.gui.GuiIngame
[15:25:42] [main/TRACE] [mixin/]: Added class metadata for jss/notfine/core/SettingsManager to metadata cache
[15:25:42] [main/INFO] [UfexCore ASM/]: Transform: net.minecraftforge.client.GuiIngameForge
[15:25:42] [main/INFO] [UfexCore ASM/]: Internal name = net.minecraftforge.client.GuiIngameForge
[15:25:42] [main/INFO] [UfexCore ASM/]: Transformed name = net.minecraftforge.client.GuiIngameForge
[15:25:42] [main/INFO] [UfexCore ASM/]: new ClassReader done
[15:25:42] [main/INFO] [UfexCore ASM/]: new ClassWriter done
[15:25:42] [main/INFO] [UfexCore ASM/]: new ClassAdapter done
[15:25:42] [main/INFO] [UfexCore ASM/]: Modified renderExperience method.
[15:25:42] [main/INFO] [UfexCore ASM/]: RENDER_EXPERIENCE:true
[15:25:42] [main/INFO] [UfexCore ASM/]: ** GuiIngameForge was completely transformed.
[15:25:42] [main/INFO] [UfexCore ASM/]: accept done
[15:25:42] [main/INFO] [STDOUT/]: [xaero.common.core.transformer.ClassNodeTransformer:transform:26]: Transforming class net.minecraftforge.client.GuiIngameForge net.minecraftforge.client.GuiIngameForge
[15:25:42] [main/DEBUG] [mixin/]: Mixing angelica.fontrenderer.MixinGuiIngameForge from mixins.angelica.early.json into net.minecraftforge.client.GuiIngameForge
[15:25:42] [main/TRACE] [mixin/]: Added class metadata for com/gtnewhorizons/angelica/mixins/interfaces/FontRendererAccessor to metadata cache
[15:25:42] [main/TRACE] [mixin/]: Added class metadata for com/gtnewhorizons/angelica/client/font/BatchingFontRenderer to metadata cache
[15:25:42] [main/DEBUG] [mixin/]: Mixing angelica.archaic.MixinGuiIngameForge from mixins.angelica.early.json into net.minecraftforge.client.GuiIngameForge
[15:25:42] [main/TRACE] [mixin/]: Added class metadata for com/gtnewhorizons/angelica/helpers/LoadControllerHelper to metadata cache
[15:25:42] [main/DEBUG] [mixin/]: Mixing shaders.MixinGuiIngameForge from mixins.angelica.early.json into net.minecraftforge.client.GuiIngameForge
[15:25:42] [main/DEBUG] [mixin/]: Mixing notfine.toggle.MixinGuiIngame from mixins.angelica.early.json into net.minecraftforge.client.GuiIngameForge
[15:25:42] [main/DEBUG] [mixin/]: mixins.angelica.early.json:angelica.fontrenderer.MixinGuiIngameForge from mod angelica->@Inject::angelica$startF3TextBatching(IILorg/spongepowered/asm/mixin/injection/callback/CallbackInfo;)V doesn't use it's CallbackInfo
[15:25:42] [main/DEBUG] [mixin/]: mixins.angelica.early.json:angelica.fontrenderer.MixinGuiIngameForge from mod angelica->@Inject::angelica$startF3TextBatching(IILorg/spongepowered/asm/mixin/injection/callback/CallbackInfo;)V has 0 override(s) in child classes
[15:25:42] [main/DEBUG] [mixin/]: mixins.angelica.early.json:angelica.fontrenderer.MixinGuiIngameForge from mod angelica->@Inject::angelica$startF3TextBatching(IILorg/spongepowered/asm/mixin/injection/callback/CallbackInfo;)V won't be passed a CallbackInfo as a result
[15:25:42] [main/DEBUG] [mixin/]: mixins.angelica.early.json:angelica.fontrenderer.MixinGuiIngameForge from mod angelica->@Inject::angelica$endF3TextBatching(IILorg/spongepowered/asm/mixin/injection/callback/CallbackInfo;)V doesn't use it's CallbackInfo
[15:25:42] [main/DEBUG] [mixin/]: mixins.angelica.early.json:angelica.fontrenderer.MixinGuiIngameForge from mod angelica->@Inject::angelica$endF3TextBatching(IILorg/spongepowered/asm/mixin/injection/callback/CallbackInfo;)V has 0 override(s) in child classes
[15:25:42] [main/DEBUG] [mixin/]: mixins.angelica.early.json:angelica.fontrenderer.MixinGuiIngameForge from mod angelica->@Inject::angelica$endF3TextBatching(IILorg/spongepowered/asm/mixin/injection/callback/CallbackInfo;)V won't be passed a CallbackInfo as a result
[15:25:42] [main/DEBUG] [mixin/]: mixins.angelica.early.json:angelica.fontrenderer.MixinGuiIngameForge from mod angelica->@Inject::angelica$endF3TextBatching(IILorg/spongepowered/asm/mixin/injection/callback/CallbackInfo;)V doesn't use it's CallbackInfo
[15:25:42] [main/DEBUG] [mixin/]: mixins.angelica.early.json:angelica.fontrenderer.MixinGuiIngameForge from mod angelica->@Inject::angelica$endF3TextBatching(IILorg/spongepowered/asm/mixin/injection/callback/CallbackInfo;)V has 0 override(s) in child classes
[15:25:42] [main/DEBUG] [mixin/]: mixins.angelica.early.json:angelica.fontrenderer.MixinGuiIngameForge from mod angelica->@Inject::angelica$endF3TextBatching(IILorg/spongepowered/asm/mixin/injection/callback/CallbackInfo;)V won't be passed a CallbackInfo as a result
[15:25:42] [main/DEBUG] [mixin/]: mixins.angelica.early.json:shaders.MixinGuiIngameForge from mod angelica->@Inject::renderCrosshairs(Lorg/spongepowered/asm/mixin/injection/callback/CallbackInfo;)V doesn't use it's CallbackInfo
[15:25:42] [main/DEBUG] [mixin/]: mixins.angelica.early.json:shaders.MixinGuiIngameForge from mod angelica->@Inject::renderCrosshairs(Lorg/spongepowered/asm/mixin/injection/callback/CallbackInfo;)V has 0 override(s) in child classes
[15:25:42] [main/DEBUG] [mixin/]: mixins.angelica.early.json:shaders.MixinGuiIngameForge from mod angelica->@Inject::renderCrosshairs(Lorg/spongepowered/asm/mixin/injection/callback/CallbackInfo;)V won't be passed a CallbackInfo as a result
[15:25:42] [main/DEBUG] [mixin/]: Mixing angelica.MixinMinecraftServer from mixins.angelica.early.json into net.minecraft.server.MinecraftServer
[15:25:42] [main/DEBUG] [mixin/]: Mixing MixinMinecraftServer from mixins.gtnhlib.early.json into net.minecraft.server.MinecraftServer
[15:25:42] [main/TRACE] [mixin/]: Added class metadata for net/minecraft/profiler/Profiler to metadata cache
[15:25:42] [main/TRACE] [mixin/]: Added class metadata for com/gtnewhorizon/gtnhlib/util/ServerThreadUtil to metadata cache
[15:25:42] [main/DEBUG] [mixin/]: mixins.angelica.early.json:angelica.MixinMinecraftServer from mod angelica->@Inject::angelica$trackTicktimes(Lorg/spongepowered/asm/mixin/injection/callback/CallbackInfo;)V doesn't use it's CallbackInfo
[15:25:42] [main/DEBUG] [mixin/]: mixins.angelica.early.json:angelica.MixinMinecraftServer from mod angelica->@Inject::angelica$trackTicktimes(Lorg/spongepowered/asm/mixin/injection/callback/CallbackInfo;)V has 0 override(s) in child classes
[15:25:42] [main/DEBUG] [mixin/]: mixins.angelica.early.json:angelica.MixinMinecraftServer from mod angelica->@Inject::angelica$trackTicktimes(Lorg/spongepowered/asm/mixin/injection/callback/CallbackInfo;)V won't be passed a CallbackInfo as a result
[15:25:42] [main/DEBUG] [mixin/]: mixins.gtnhlib.early.json:MixinMinecraftServer from mod gtnhlib->@Inject::runJobs(Lorg/spongepowered/asm/mixin/injection/callback/CallbackInfo;)V doesn't use it's CallbackInfo
[15:25:42] [main/DEBUG] [mixin/]: mixins.gtnhlib.early.json:MixinMinecraftServer from mod gtnhlib->@Inject::runJobs(Lorg/spongepowered/asm/mixin/injection/callback/CallbackInfo;)V has 0 override(s) in child classes
[15:25:42] [main/DEBUG] [mixin/]: mixins.gtnhlib.early.json:MixinMinecraftServer from mod gtnhlib->@Inject::runJobs(Lorg/spongepowered/asm/mixin/injection/callback/CallbackInfo;)V won't be passed a CallbackInfo as a result
[15:25:42] [main/DEBUG] [mixin/]: mixins.gtnhlib.early.json:MixinMinecraftServer from mod gtnhlib->@Inject::saveServerThreadReference(Lorg/spongepowered/asm/mixin/injection/callback/CallbackInfo;)V doesn't use it's CallbackInfo
[15:25:42] [main/DEBUG] [mixin/]: mixins.gtnhlib.early.json:MixinMinecraftServer from mod gtnhlib->@Inject::saveServerThreadReference(Lorg/spongepowered/asm/mixin/injection/callback/CallbackInfo;)V has 0 override(s) in child classes
[15:25:42] [main/DEBUG] [mixin/]: mixins.gtnhlib.early.json:MixinMinecraftServer from mod gtnhlib->@Inject::saveServerThreadReference(Lorg/spongepowered/asm/mixin/injection/callback/CallbackInfo;)V won't be passed a CallbackInfo as a result
[15:25:42] [main/DEBUG] [mixin/]: mixins.gtnhlib.early.json:MixinMinecraftServer from mod gtnhlib->@Inject::clearServerThreadReference(Lorg/spongepowered/asm/mixin/injection/callback/CallbackInfo;)V doesn't use it's CallbackInfo
[15:25:42] [main/DEBUG] [mixin/]: mixins.gtnhlib.early.json:MixinMinecraftServer from mod gtnhlib->@Inject::clearServerThreadReference(Lorg/spongepowered/asm/mixin/injection/callback/CallbackInfo;)V has 0 override(s) in child classes
[15:25:42] [main/DEBUG] [mixin/]: mixins.gtnhlib.early.json:MixinMinecraftServer from mod gtnhlib->@Inject::clearServerThreadReference(Lorg/spongepowered/asm/mixin/injection/callback/CallbackInfo;)V won't be passed a CallbackInfo as a result
[15:25:42] [main/TRACE] [mixin/]: Added class metadata for net/minecraft/world/WorldServerMulti to metadata cache
[15:25:42] [main/TRACE] [mixin/]: Added class metadata for net/minecraft/world/demo/DemoWorldServer to metadata cache
[15:25:42] [main/TRACE] [mixin/]: Added class metadata for cpw/mods/fml/common/StartupQuery$AbortedException to metadata cache
[15:25:42] [main/DEBUG] [mixin/]: Mixing optimization.getpendingblockupdates.MixinWorldServer from coretweaks.mixin.json into net.minecraft.world.WorldServer
[15:25:42] [main/TRACE] [mixin/]: Added class metadata for makamys/coretweaks/ducks/optimization/IPendingBlockUpdatesWorldServer to metadata cache
[15:25:42] [main/TRACE] [mixin/]: Added class metadata for java/util/TreeSet to metadata cache
[15:25:42] [main/TRACE] [mixin/]: Added class metadata for makamys/coretweaks/optimization/ChunkPendingBlockUpdateMap to metadata cache
[15:25:42] [main/TRACE] [mixin/]: Added class metadata for net/minecraft/world/ChunkCoordIntPair to metadata cache
[15:25:42] [main/TRACE] [mixin/]: Added class metadata for net/minecraft/world/NextTickListEntry to metadata cache
[15:25:42] [main/TRACE] [mixin/]: Added class metadata for java/util/HashMap to metadata cache
[15:25:42] [main/TRACE] [mixin/]: Added class metadata for java/util/AbstractMap to metadata cache
[15:25:42] [main/DEBUG] [mixin/]: coretweaks.mixin.json:optimization.getpendingblockupdates.MixinWorldServer from mod coretweaks->@Inject::onTick(Lorg/spongepowered/asm/mixin/injection/callback/CallbackInfo;)V doesn't use it's CallbackInfo
[15:25:42] [main/DEBUG] [mixin/]: coretweaks.mixin.json:optimization.getpendingblockupdates.MixinWorldServer from mod coretweaks->@Inject::onTick(Lorg/spongepowered/asm/mixin/injection/callback/CallbackInfo;)V has 0 override(s) in child classes
[15:25:42] [main/DEBUG] [mixin/]: coretweaks.mixin.json:optimization.getpendingblockupdates.MixinWorldServer from mod coretweaks->@Inject::onTick(Lorg/spongepowered/asm/mixin/injection/callback/CallbackInfo;)V won't be passed a CallbackInfo as a result
[15:25:42] [main/DEBUG] [mixin/]: Mixing optimization.defaultresourcepack.MixinDefaultResourcePack from coretweaks.mixin.json into net.minecraft.client.resources.DefaultResourcePack
[15:25:42] [main/TRACE] [mixin/]: Added class metadata for makamys/coretweaks/optimization/PrefixedClasspathResourceAccelerator to metadata cache
[15:25:42] [main/TRACE] [mixin/]: Added class metadata for net/minecraft/client/resources/IResourcePack to metadata cache
[15:25:42] [main/DEBUG] [mixin/]: Mixing sodium.MixinBlock from mixins.angelica.early.json into net.minecraft.block.Block
[15:25:42] [main/DEBUG] [mixin/]: Renaming synthetic method lambda$new$0()Lcom/gtnewhorizons/angelica/glsm/ThreadedBlockData; to mdead7e0$angelica$lambda$new$0$0 in mixins.angelica.early.json:sodium.MixinBlock from mod angelica
[15:25:42] [main/TRACE] [mixin/]: Added class metadata for java/lang/ThreadLocal to metadata cache
[15:25:42] [main/TRACE] [mixin/]: Added class metadata for com/gtnewhorizons/angelica/glsm/ThreadedBlockData to metadata cache
[15:25:42] [main/DEBUG] [mixin/]: Mixing notfine.faceculling.MixinBlock from mixins.angelica.early.json into net.minecraft.block.Block
[15:25:42] [main/TRACE] [mixin/]: Added class metadata for jss/notfine/util/IFaceObstructionCheckHelper to metadata cache
[15:25:42] [main/DEBUG] [mixin/]: Mixing angelica.models.MixinBlock from mixins.angelica.early.json into net.minecraft.block.Block
[15:25:42] [main/TRACE] [mixin/]: Added class metadata for com/gtnewhorizons/angelica/mixins/interfaces/ModeledBlock to metadata cache
[15:25:42] [main/TRACE] [mixin/]: Added class metadata for net/minecraft/init/Blocks to metadata cache
[15:25:42] [main/TRACE] [mixin/]: Added class metadata for com/gtnewhorizons/angelica/models/VanillaModels to metadata cache
[15:25:42] [main/TRACE] [mixin/]: Added class metadata for java/util/function/Supplier to metadata cache
[15:25:42] [main/TRACE] [mixin/]: Added class metadata for com/gtnewhorizon/gtnhlib/client/renderer/quad/QuadProvider to metadata cache
[15:25:42] [main/DEBUG] [mixin/]: mixins.angelica.early.json:angelica.models.MixinBlock from mod angelica->@Inject::angelica$registerInjectedQP(Lorg/spongepowered/asm/mixin/injection/callback/CallbackInfo;)V doesn't use it's CallbackInfo
[15:25:42] [main/DEBUG] [mixin/]: Mixing sodium.MixinEntityItem_RenderDist from mixins.angelica.early.json into net.minecraft.entity.item.EntityItem
[15:25:42] [main/DEBUG] [mixin/]: Mixing shaders.MixinItem from mixins.angelica.early.json into net.minecraft.item.Item
[15:25:42] [main/TRACE] [mixin/]: Added class metadata for net/irisshaders/iris/api/v0/item/IrisItemLightProvider to metadata cache
[15:25:42] [main/TRACE] [mixin/]: Added class metadata for net/minecraft/item/ItemPiston to metadata cache
[15:25:42] [main/TRACE] [mixin/]: Added class metadata for net/minecraft/item/ItemBlock to metadata cache
[15:25:42] [main/TRACE] [mixin/]: Added class metadata for net/minecraft/item/ItemLilyPad to metadata cache
[15:25:42] [main/TRACE] [mixin/]: Added class metadata for net/minecraft/item/ItemColored to metadata cache
[15:25:42] [main/TRACE] [mixin/]: Added class metadata for net/minecraft/item/ItemSnow to metadata cache
[15:25:42] [main/TRACE] [mixin/]: Added class metadata for net/minecraft/item/ItemBlockWithMetadata to metadata cache
[15:25:42] [main/DEBUG] [mixin/]: Mixing angelica.animation.MixinBlockFire from mixins.angelica.early.json into net.minecraft.block.BlockFire
[15:25:42] [main/TRACE] [mixin/]: Added class metadata for net/minecraft/util/IIcon to metadata cache
[15:25:42] [main/TRACE] [mixin/]: Added class metadata for com/gtnewhorizons/angelica/utils/AnimationsRenderUtils to metadata cache
[15:25:42] [main/DEBUG] [mixin/]: mixins.angelica.early.json:angelica.animation.MixinBlockFire from mod angelica->@Inject::angelica$markFireAnimationForUpdate(ILorg/spongepowered/asm/mixin/injection/callback/CallbackInfoReturnable;)V doesn't use it's CallbackInfoReturnable
[15:25:42] [main/DEBUG] [mixin/]: mixins.angelica.early.json:angelica.animation.MixinBlockFire from mod angelica->@Inject::angelica$markFireAnimationForUpdate(ILorg/spongepowered/asm/mixin/injection/callback/CallbackInfoReturnable;)V has 0 override(s) in child classes
[15:25:42] [main/DEBUG] [mixin/]: mixins.angelica.early.json:angelica.animation.MixinBlockFire from mod angelica->@Inject::angelica$markFireAnimationForUpdate(ILorg/spongepowered/asm/mixin/injection/callback/CallbackInfoReturnable;)V won't be passed a CallbackInfoReturnable as a result
[15:25:42] [main/DEBUG] [mixin/]: Mixing angelica.models.MixinBlockOldLeaf from mixins.angelica.early.json into net.minecraft.block.BlockOldLeaf
[15:25:42] [main/TRACE] [mixin/]: Added class metadata for com/gtnewhorizons/angelica/utils/AssetLoader to metadata cache
[15:25:42] [main/TRACE] [mixin/]: Added class metadata for net/minecraft/client/renderer/texture/IIconRegister to metadata cache
[15:25:42] [main/TRACE] [mixin/]: Added class metadata for net/minecraftforge/common/IShearable to metadata cache
[15:25:42] [main/DEBUG] [mixin/]: mixins.angelica.early.json:angelica.models.MixinBlockOldLeaf from mod angelica->@Inject::angelica$injectTextures(Lnet/minecraft/client/renderer/texture/IIconRegister;Lorg/spongepowered/asm/mixin/injection/callback/CallbackInfo;)V doesn't use it's CallbackInfo
[15:25:42] [main/DEBUG] [mixin/]: mixins.angelica.early.json:angelica.models.MixinBlockOldLeaf from mod angelica->@Inject::angelica$injectTextures(Lnet/minecraft/client/renderer/texture/IIconRegister;Lorg/spongepowered/asm/mixin/injection/callback/CallbackInfo;)V has 0 override(s) in child classes
[15:25:42] [main/DEBUG] [mixin/]: mixins.angelica.early.json:angelica.models.MixinBlockOldLeaf from mod angelica->@Inject::angelica$injectTextures(Lnet/minecraft/client/renderer/texture/IIconRegister;Lorg/spongepowered/asm/mixin/injection/callback/CallbackInfo;)V won't be passed a CallbackInfo as a result
[15:25:42] [main/DEBUG] [mixin/]: Mixing notfine.leaves.MixinBlockLeaves from mixins.angelica.early.json into net.minecraft.block.BlockLeaves
[15:25:42] [main/TRACE] [mixin/]: Added class metadata for jss/notfine/gui/options/named/LeavesQuality to metadata cache
[15:25:42] [main/TRACE] [mixin/]: Added class metadata for net/minecraft/util/Facing to metadata cache
[15:25:42] [main/TRACE] [mixin/]: Added class metadata for jss/notfine/util/ILeafBlock to metadata cache
[15:25:42] [main/TRACE] [mixin/]: Added class metadata for net/minecraft/block/material/Material to metadata cache
[15:25:42] [main/DEBUG] [mixin/]: Mixing notfine.leaves.MixinBlockLeavesBase from mixins.angelica.early.json into net.minecraft.block.BlockLeavesBase
[15:25:42] [main/TRACE] [mixin/]: Added class metadata for jss/notfine/util/LeafRenderUtil to metadata cache
[15:25:42] [main/DEBUG] [mixin/]: Mixing sodium.MixinTileEntity from mixins.angelica.early.json into net.minecraft.tileentity.TileEntity
[15:25:42] [main/DEBUG] [mixin/]: Mixing notfine.faceculling.MixinBlockSlab from mixins.angelica.early.json into net.minecraft.block.BlockSlab
[15:25:42] [main/DEBUG] [mixin/]: Mixing sodium.MixinTileEntityMobSpawner from mixins.angelica.early.json into net.minecraft.tileentity.TileEntityMobSpawner
[15:25:42] [main/DEBUG] [mixin/]: Mixing notfine.faceculling.MixinBlockStairs from mixins.angelica.early.json into net.minecraft.block.BlockStairs
[15:25:42] [main/DEBUG] [mixin/]: Mixing notfine.faceculling.MixinBlockFarmland from mixins.angelica.early.json into net.minecraft.block.BlockFarmland
[15:25:42] [main/DEBUG] [mixin/]: Mixing notfine.faceculling.MixinBlockSnow from mixins.angelica.early.json into net.minecraft.block.BlockSnow
[15:25:42] [main/DEBUG] [mixin/]: Mixing notfine.faceculling.MixinBlockCactus from mixins.angelica.early.json into net.minecraft.block.BlockCactus
[15:25:42] [main/TRACE] [mixin/]: Added class metadata for net/minecraftforge/common/IPlantable to metadata cache
[15:25:42] [main/DEBUG] [mixin/]: Mixing angelica.archaic.MixinBlockFence from mixins.angelica.early.json into net.minecraft.block.BlockFence
[15:25:42] [main/DEBUG] [mixin/]: mixins.angelica.early.json:angelica.archaic.MixinBlockFence from mod angelica->@Inject::makeTransparent(Ljava/lang/String;Lnet/minecraft/block/material/Material;Lorg/spongepowered/asm/mixin/injection/callback/CallbackInfo;)V doesn't use it's CallbackInfo
[15:25:42] [main/DEBUG] [mixin/]: mixins.angelica.early.json:angelica.archaic.MixinBlockFence from mod angelica->@Inject::makeTransparent(Ljava/lang/String;Lnet/minecraft/block/material/Material;Lorg/spongepowered/asm/mixin/injection/callback/CallbackInfo;)V has 0 override(s) in child classes
[15:25:42] [main/DEBUG] [mixin/]: mixins.angelica.early.json:angelica.archaic.MixinBlockFence from mod angelica->@Inject::makeTransparent(Ljava/lang/String;Lnet/minecraft/block/material/Material;Lorg/spongepowered/asm/mixin/injection/callback/CallbackInfo;)V won't be passed a CallbackInfo as a result
[15:25:42] [main/DEBUG] [mixin/]: Mixing notfine.particles.MixinBlockEnchantmentTable from mixins.angelica.early.json into net.minecraft.block.BlockEnchantmentTable
[15:25:42] [main/TRACE] [mixin/]: Added class metadata for net/minecraft/block/ITileEntityProvider to metadata cache
[15:25:42] [main/DEBUG] [mixin/]: Mixing notfine.faceculling.MixinBlockEnchantmentTable from mixins.angelica.early.json into net.minecraft.block.BlockEnchantmentTable
[15:25:42] [main/DEBUG] [mixin/]: Mixing notfine.faceculling.MixinBlockCarpet from mixins.angelica.early.json into net.minecraft.block.BlockCarpet
[15:25:43] [Client thread/DEBUG] [mixin/]: Mixing angelica.MixinGameSettings from mixins.angelica.early.json into net.minecraft.client.settings.GameSettings
[15:25:43] [Client thread/DEBUG] [mixin/]: Mixing shaders.startup.MixinGameSettings from mixins.angelica.early.json into net.minecraft.client.settings.GameSettings
[15:25:43] [Client thread/DEBUG] [mixin/]: Mixing sodium.MixinGameSettings from mixins.angelica.early.json into net.minecraft.client.settings.GameSettings
[15:25:43] [Client thread/DEBUG] [mixin/]: Mixing notfine.clouds.MixinGameSettings from mixins.angelica.early.json into net.minecraft.client.settings.GameSettings
[15:25:43] [Client thread/DEBUG] [mixin/]: mixins.angelica.early.json:shaders.startup.MixinGameSettings from mod angelica->@Inject::angelica$InitializeShaders(Lorg/spongepowered/asm/mixin/injection/callback/CallbackInfo;)V doesn't use it's CallbackInfo
[15:25:43] [Client thread/DEBUG] [mixin/]: mixins.angelica.early.json:shaders.startup.MixinGameSettings from mod angelica->@Inject::angelica$InitializeShaders(Lorg/spongepowered/asm/mixin/injection/callback/CallbackInfo;)V has 0 override(s) in child classes
[15:25:43] [Client thread/DEBUG] [mixin/]: mixins.angelica.early.json:shaders.startup.MixinGameSettings from mod angelica->@Inject::angelica$InitializeShaders(Lorg/spongepowered/asm/mixin/injection/callback/CallbackInfo;)V won't be passed a CallbackInfo as a result
[15:25:43] [Client thread/TRACE] [mixin/]: Added class metadata for java/io/BufferedReader to metadata cache
[15:25:43] [Client thread/TRACE] [mixin/]: Added class metadata for java/io/Reader to metadata cache
[15:25:43] [Client thread/TRACE] [mixin/]: Added class metadata for java/io/PrintWriter to metadata cache
[15:25:43] [Client thread/TRACE] [mixin/]: Added class metadata for java/io/Writer to metadata cache
[15:25:43] [Client thread/DEBUG] [mixin/]: Mixing sodium.MixinForgeHooksClient from mixins.angelica.early.json into net.minecraftforge.client.ForgeHooksClient
[15:25:43] [Client thread/TRACE] [mixin/]: Added class metadata for me/jellysquid/mods/sodium/client/render/chunk/ChunkRenderManager to metadata cache
[15:25:43] [Client thread/DEBUG] [mixin/]: Mixing sodium.MixinRenderingRegistry from mixins.angelica.early.json into cpw.mods.fml.client.registry.RenderingRegistry
[15:25:43] [Client thread/TRACE] [mixin/]: Added class metadata for com/gtnewhorizons/angelica/mixins/interfaces/IRenderingRegistryExt to metadata cache
[15:25:43] [Client thread/DEBUG] [mixin/]: Renaming synthetic method lambda$getWrapped$1(Lcpw/mods/fml/client/registry/ISimpleBlockRenderingHandler;Ljava/lang/Class;)Ljava/lang/Object; to mdead7e0$angelica$lambda$getWrapped$1$0 in mixins.angelica.early.json:sodium.MixinRenderingRegistry from mod angelica
[15:25:43] [Client thread/DEBUG] [mixin/]: Renaming synthetic method lambda$getWrapped$0(Lcpw/mods/fml/client/registry/ISimpleBlockRenderingHandler;Ljava/lang/Class;)Ljava/lang/Object; to mdead7e0$angelica$lambda$getWrapped$0$1 in mixins.angelica.early.json:sodium.MixinRenderingRegistry from mod angelica
[15:25:43] [Client thread/TRACE] [mixin/]: Added class metadata for it/unimi/dsi/fastutil/objects/Reference2ObjectOpenHashMap to metadata cache
[15:25:43] [Client thread/TRACE] [mixin/]: Added class metadata for it/unimi/dsi/fastutil/objects/AbstractReference2ObjectMap to metadata cache
[15:25:43] [Client thread/TRACE] [mixin/]: Added class metadata for it/unimi/dsi/fastutil/objects/AbstractReference2ObjectFunction to metadata cache
[15:25:43] [Client thread/TRACE] [mixin/]: Added class metadata for it/unimi/dsi/fastutil/objects/Reference2ObjectFunction to metadata cache
[15:25:43] [Client thread/TRACE] [mixin/]: Added class metadata for it/unimi/dsi/fastutil/Function to metadata cache
[15:25:43] [Client thread/TRACE] [mixin/]: Added class metadata for java/util/function/Function to metadata cache
[15:25:43] [Client thread/TRACE] [mixin/]: Added class metadata for it/unimi/dsi/fastutil/objects/Reference2ObjectMap to metadata cache
[15:25:43] [Client thread/TRACE] [mixin/]: Added class metadata for com/gtnewhorizons/angelica/api/ThreadSafeISBRH to metadata cache
[15:25:43] [Client thread/TRACE] [mixin/]: Added class metadata for com/gtnewhorizons/angelica/api/ThreadSafeISBRHFactory to metadata cache
[15:25:43] [Client thread/TRACE] [mixin/]: Added class metadata for java/lang/reflect/Constructor to metadata cache
[15:25:43] [Client thread/TRACE] [mixin/]: Added class metadata for java/lang/reflect/InvocationTargetException to metadata cache
[15:25:43] [Client thread/TRACE] [mixin/]: Added class metadata for cpw/mods/fml/client/registry/ISimpleBlockRenderingHandler to metadata cache
[15:25:43] [Client thread/TRACE] [mixin/]: Added class metadata for java/lang/IllegalAccessException to metadata cache
[15:25:43] [Client thread/TRACE] [mixin/]: Added class metadata for java/lang/InstantiationException to metadata cache
[15:25:43] [Client thread/DEBUG] [mixin/]: Mixing fml.EventBusAccessor from mixins.gtnhlib.early.json into cpw.mods.fml.common.eventhandler.EventBus
[15:25:43] [Client thread/TRACE] [mixin/]: Added class metadata for cpw/mods/fml/common/MinecraftDummyContainer to metadata cache
[15:25:43] [Client thread/TRACE] [mixin/]: Added class metadata for cpw/mods/fml/common/DummyModContainer to metadata cache
[15:25:43] [Client thread/DEBUG] [mixin/]: Mixing angelica.bugfixes.MixinRenderBlockFluid from mixins.angelica.early.json into net.minecraftforge.fluids.RenderBlockFluid
[15:25:43] [Client thread/TRACE] [mixin/]: Added class metadata for com/gtnewhorizons/angelica/mixins/hooks/FluidHooks to metadata cache
[15:25:43] [Client thread/DEBUG] [mixin/]: Mixing angelica.animation.MixinRenderBlockFluid from mixins.angelica.early.json into net.minecraftforge.fluids.RenderBlockFluid
[15:25:43] [Client thread/TRACE] [mixin/]: Added class metadata for net/minecraft/client/renderer/texture/TextureManager to metadata cache
[15:25:43] [Client thread/DEBUG] [mixin/]: mixins.angelica.early.json:angelica.animation.MixinRenderBlockFluid from mod angelica->@Inject::angelica$saveCurrentBlockAccess(Lnet/minecraft/world/IBlockAccess;IIILnet/minecraft/block/Block;ILnet/minecraft/client/renderer/RenderBlocks;Lorg/spongepowered/asm/mixin/injection/callback/CallbackInfoReturnable;)V doesn't use it's CallbackInfoReturnable
[15:25:43] [Client thread/DEBUG] [mixin/]: mixins.angelica.early.json:angelica.animation.MixinRenderBlockFluid from mod angelica->@Inject::angelica$saveCurrentBlockAccess(Lnet/minecraft/world/IBlockAccess;IIILnet/minecraft/block/Block;ILnet/minecraft/client/renderer/RenderBlocks;Lorg/spongepowered/asm/mixin/injection/callback/CallbackInfoReturnable;)V has 0 override(s) in child classes
[15:25:43] [Client thread/DEBUG] [mixin/]: mixins.angelica.early.json:angelica.animation.MixinRenderBlockFluid from mod angelica->@Inject::angelica$saveCurrentBlockAccess(Lnet/minecraft/world/IBlockAccess;IIILnet/minecraft/block/Block;ILnet/minecraft/client/renderer/RenderBlocks;Lorg/spongepowered/asm/mixin/injection/callback/CallbackInfoReturnable;)V won't be passed a CallbackInfoReturnable as a result
[15:25:43] [Client thread/DEBUG] [mixin/]: Mixing angelica.startup.MixinInitGLStateManager from mixins.angelica.early.json into net.minecraft.client.renderer.OpenGlHelper
[15:25:43] [Client thread/DEBUG] [mixin/]: Mixing shaders.startup.MixinInitRenderer from mixins.angelica.early.json into net.minecraft.client.renderer.OpenGlHelper
[15:25:43] [Client thread/TRACE] [mixin/]: Added class metadata for com/gtnewhorizons/angelica/loading/AngelicaTweaker to metadata cache
[15:25:43] [Client thread/DEBUG] [mixin/]: Mixing shaders.MixinOpenGlHelper from mixins.angelica.early.json into net.minecraft.client.renderer.OpenGlHelper
[15:25:43] [Client thread/TRACE] [mixin/]: Added class metadata for java/lang/IllegalStateException to metadata cache
[15:25:43] [Client thread/DEBUG] [mixin/]: mixins.angelica.early.json:angelica.startup.MixinInitGLStateManager from mod angelica->@Inject::angelica$initializeGLStateManager(Lorg/spongepowered/asm/mixin/injection/callback/CallbackInfo;)V doesn't use it's CallbackInfo
[15:25:43] [Client thread/DEBUG] [mixin/]: mixins.angelica.early.json:shaders.startup.MixinInitRenderer from mod angelica->@Inject::angelica$initializeRenderer(Lorg/spongepowered/asm/mixin/injection/callback/CallbackInfo;)V doesn't use it's CallbackInfo
[15:25:43] [Client thread/DEBUG] [mixin/]: mixins.angelica.early.json:shaders.MixinOpenGlHelper from mod angelica->@Inject::iris$avoidRedundantBind(IILorg/spongepowered/asm/mixin/injection/callback/CallbackInfo;)V does use it's CallbackInfo
[15:25:43] [Client thread/DEBUG] [mixin/]: mixins.angelica.early.json:shaders.MixinOpenGlHelper from mod angelica->@Inject::iris$trackFramebufferDelete(ILorg/spongepowered/asm/mixin/injection/callback/CallbackInfo;)V doesn't use it's CallbackInfo
[15:25:43] [Client thread/INFO] [RenderSystem/]: No DSA support detected, falling back to legacy OpenGL.
[15:25:43] [Client thread/DEBUG] [mixin/]: Mixing shaders.startup.MixinAbstractTexture from mixins.angelica.early.json into net.minecraft.client.renderer.texture.AbstractTexture
[15:25:43] [Client thread/TRACE] [mixin/]: Added class metadata for com/gtnewhorizons/angelica/glsm/texture/TextureTracker to metadata cache
[15:25:43] [Client thread/TRACE] [mixin/]: Added class metadata for net/minecraft/client/renderer/texture/ITextureObject to metadata cache
[15:25:43] [Client thread/DEBUG] [mixin/]: mixins.angelica.early.json:shaders.startup.MixinAbstractTexture from mod angelica->@Inject::iris$afterGenerateId(Lorg/spongepowered/asm/mixin/injection/callback/CallbackInfoReturnable;)V doesn't use it's CallbackInfoReturnable
[15:25:43] [Client thread/DEBUG] [mixin/]: mixins.angelica.early.json:shaders.startup.MixinAbstractTexture from mod angelica->@Inject::iris$afterGenerateId(Lorg/spongepowered/asm/mixin/injection/callback/CallbackInfoReturnable;)V has 0 override(s) in child classes
[15:25:43] [Client thread/DEBUG] [mixin/]: mixins.angelica.early.json:shaders.startup.MixinAbstractTexture from mod angelica->@Inject::iris$afterGenerateId(Lorg/spongepowered/asm/mixin/injection/callback/CallbackInfoReturnable;)V won't be passed a CallbackInfoReturnable as a result
[15:25:43] [Client thread/DEBUG] [mixin/]: Mixing angelica.textures.MixinTextureUtil from mixins.angelica.early.json into net.minecraft.client.renderer.texture.TextureUtil
[15:25:43] [Client thread/DEBUG] [mixin/]: Mixing angelica.textures.MixinTextureUtil_OptimizeMipmap from mixins.angelica.early.json into net.minecraft.client.renderer.texture.TextureUtil
[15:25:43] [Client thread/TRACE] [mixin/]: Added class metadata for com/gtnewhorizons/angelica/utils/Mipmaps to metadata cache
[15:25:43] [Client thread/DEBUG] [mixin/]: Mixing angelica.vbo.MixinGLAllocation from mixins.angelica.early.json into net.minecraft.client.renderer.GLAllocation
[15:25:43] [Client thread/DEBUG] [mixin/]: mixins.angelica.early.json:angelica.vbo.MixinGLAllocation from mod angelica->@Inject::deleteDisplayLists(ILorg/spongepowered/asm/mixin/injection/callback/CallbackInfo;)V does use it's CallbackInfo
[15:25:43] [Client thread/DEBUG] [mixin/]: Mixing angelica.archaic.AccessorSplashProgress from mixins.angelica.early.json into cpw.mods.fml.client.SplashProgress
[15:25:43] [Client thread/DEBUG] [mixin/]: Renaming @Accessor method getBarBorderColor()I to getBarBorderColor$angelica_$md$ead7e0$0 in mixins.angelica.early.json:angelica.archaic.AccessorSplashProgress from mod angelica
[15:25:43] [Client thread/DEBUG] [mixin/]: Renaming @Accessor method getBarBackgroundColor()I to getBarBackgroundColor$angelica_$md$ead7e0$1 in mixins.angelica.early.json:angelica.archaic.AccessorSplashProgress from mod angelica
[15:25:43] [Client thread/DEBUG] [mixin/]: Renaming @Accessor method getFontColor()I to getFontColor$angelica_$md$ead7e0$2 in mixins.angelica.early.json:angelica.archaic.AccessorSplashProgress from mod angelica
[15:25:43] [Client thread/DEBUG] [mixin/]: Renaming @Accessor method getFontRenderer()Lcpw/mods/fml/client/SplashProgress$SplashFontRenderer; to getFontRenderer$angelica_$md$ead7e0$3 in mixins.angelica.early.json:angelica.archaic.AccessorSplashProgress from mod angelica
[15:25:43] [Client thread/INFO] [AngelicaShaders/]: Shaders are disabled because enableShaders is set to false in shaders.properties
[15:25:43] [Client thread/INFO] [AngelicaShaders/]: Shaders are disabled
[15:25:43] [Client thread/DEBUG] [mixin/]: Mixing shaders.MixinFramebuffer from mixins.angelica.early.json into net.minecraft.client.shader.Framebuffer
[15:25:43] [Client thread/TRACE] [mixin/]: Added class metadata for net/coderbot/iris/rendertarget/IRenderTargetExt to metadata cache
[15:25:43] [Client thread/DEBUG] [mixin/]: mixins.angelica.early.json:shaders.MixinFramebuffer from mod angelica->@Inject::iris$onDestroyBuffers(Lorg/spongepowered/asm/mixin/injection/callback/CallbackInfo;)V doesn't use it's CallbackInfo
[15:25:43] [Client thread/DEBUG] [mixin/]: mixins.angelica.early.json:shaders.MixinFramebuffer from mod angelica->@Inject::iris$onDestroyBuffers(Lorg/spongepowered/asm/mixin/injection/callback/CallbackInfo;)V has 0 override(s) in child classes
[15:25:43] [Client thread/DEBUG] [mixin/]: mixins.angelica.early.json:shaders.MixinFramebuffer from mod angelica->@Inject::iris$onDestroyBuffers(Lorg/spongepowered/asm/mixin/injection/callback/CallbackInfo;)V won't be passed a CallbackInfo as a result
[15:25:43] [Client thread/DEBUG] [mixin/]: mixins.angelica.early.json:shaders.MixinFramebuffer from mod angelica->@Inject::iris$useDepthTexture(IILorg/spongepowered/asm/mixin/injection/callback/CallbackInfo;)V doesn't use it's CallbackInfo
[15:25:43] [Client thread/DEBUG] [mixin/]: mixins.angelica.early.json:shaders.MixinFramebuffer from mod angelica->@Inject::iris$useDepthTexture(IILorg/spongepowered/asm/mixin/injection/callback/CallbackInfo;)V has 0 override(s) in child classes
[15:25:43] [Client thread/DEBUG] [mixin/]: mixins.angelica.early.json:shaders.MixinFramebuffer from mod angelica->@Inject::iris$useDepthTexture(IILorg/spongepowered/asm/mixin/injection/callback/CallbackInfo;)V won't be passed a CallbackInfo as a result
[15:25:43] [Client thread/DEBUG] [mixin/]: mixins.angelica.early.json:shaders.MixinFramebuffer from mod angelica->@Inject::iris$deleteDepthBuffer(Lorg/spongepowered/asm/mixin/injection/callback/CallbackInfo;)V doesn't use it's CallbackInfo
[15:25:43] [Client thread/DEBUG] [mixin/]: mixins.angelica.early.json:shaders.MixinFramebuffer from mod angelica->@Inject::iris$deleteDepthBuffer(Lorg/spongepowered/asm/mixin/injection/callback/CallbackInfo;)V has 0 override(s) in child classes
[15:25:43] [Client thread/DEBUG] [mixin/]: mixins.angelica.early.json:shaders.MixinFramebuffer from mod angelica->@Inject::iris$deleteDepthBuffer(Lorg/spongepowered/asm/mixin/injection/callback/CallbackInfo;)V won't be passed a CallbackInfo as a result
[15:25:43] [Client thread/DEBUG] [mixin/]: mixins.angelica.early.json:shaders.MixinFramebuffer from mod angelica->@Inject::iris$createDepthTextureID(IILorg/spongepowered/asm/mixin/injection/callback/CallbackInfo;)V doesn't use it's CallbackInfo
[15:25:43] [Client thread/DEBUG] [mixin/]: mixins.angelica.early.json:shaders.MixinFramebuffer from mod angelica->@Inject::iris$createDepthTextureID(IILorg/spongepowered/asm/mixin/injection/callback/CallbackInfo;)V has 0 override(s) in child classes
[15:25:43] [Client thread/DEBUG] [mixin/]: mixins.angelica.early.json:shaders.MixinFramebuffer from mod angelica->@Inject::iris$createDepthTextureID(IILorg/spongepowered/asm/mixin/injection/callback/CallbackInfo;)V won't be passed a CallbackInfo as a result
[15:25:43] [Client thread/DEBUG] [mixin/]: mixins.angelica.early.json:shaders.MixinFramebuffer from mod angelica->@Inject::iris$createDepthTexture(IILorg/spongepowered/asm/mixin/injection/callback/CallbackInfo;)V doesn't use it's CallbackInfo
[15:25:43] [Client thread/DEBUG] [mixin/]: mixins.angelica.early.json:shaders.MixinFramebuffer from mod angelica->@Inject::iris$createDepthTexture(IILorg/spongepowered/asm/mixin/injection/callback/CallbackInfo;)V has 0 override(s) in child classes
[15:25:43] [Client thread/DEBUG] [mixin/]: mixins.angelica.early.json:shaders.MixinFramebuffer from mod angelica->@Inject::iris$createDepthTexture(IILorg/spongepowered/asm/mixin/injection/callback/CallbackInfo;)V won't be passed a CallbackInfo as a result
[15:25:43] [Client thread/DEBUG] [mixin/]: Mixing angelica.animation.MixinMinecraftForgeClient from mixins.angelica.early.json into net.minecraftforge.client.MinecraftForgeClient
[15:25:43] [Client thread/TRACE] [mixin/]: Added class metadata for com/gtnewhorizons/angelica/mixins/interfaces/IPatchedTextureAtlasSprite to metadata cache
[15:25:43] [Client thread/DEBUG] [mixin/]: mixins.angelica.early.json:angelica.animation.MixinMinecraftForgeClient from mod angelica->@Inject::angelica$beforeRenderItem(Lnet/minecraft/item/ItemStack;Lnet/minecraftforge/client/IItemRenderer$ItemRenderType;Lorg/spongepowered/asm/mixin/injection/callback/CallbackInfoReturnable;)V doesn't use it's CallbackInfoReturnable
[15:25:43] [Client thread/DEBUG] [mixin/]: Mixing notfine.fix.MixinRenderItem from mixins.angelica.early.json into net.minecraft.client.renderer.entity.RenderItem
[15:25:43] [Client thread/DEBUG] [mixin/]: Mixing angelica.animation.MixinRenderItem from mixins.angelica.early.json into net.minecraft.client.renderer.entity.RenderItem
[15:25:43] [Client thread/DEBUG] [mixin/]: Mixing notfine.glint.MixinRenderItem from mixins.angelica.early.json into net.minecraft.client.renderer.entity.RenderItem
[15:25:43] [Client thread/DEBUG] [mixin/]: Mixing notfine.toggle.MixinRenderItem from mixins.angelica.early.json into net.minecraft.client.renderer.entity.RenderItem
[15:25:43] [Client thread/DEBUG] [mixin/]: mixins.angelica.early.json:angelica.animation.MixinRenderItem from mod angelica->@Inject::angelica$beforeRenderIcon(IILnet/minecraft/util/IIcon;IILorg/spongepowered/asm/mixin/injection/callback/CallbackInfo;)V doesn't use it's CallbackInfo
[15:25:43] [Client thread/DEBUG] [mixin/]: mixins.angelica.early.json:angelica.animation.MixinRenderItem from mod angelica->@Inject::angelica$beforeRenderIcon(IILnet/minecraft/util/IIcon;IILorg/spongepowered/asm/mixin/injection/callback/CallbackInfo;)V has 0 override(s) in child classes
[15:25:43] [Client thread/DEBUG] [mixin/]: mixins.angelica.early.json:angelica.animation.MixinRenderItem from mod angelica->@Inject::angelica$beforeRenderIcon(IILnet/minecraft/util/IIcon;IILorg/spongepowered/asm/mixin/injection/callback/CallbackInfo;)V won't be passed a CallbackInfo as a result
[15:25:43] [Client thread/TRACE] [mixin/]: Added class metadata for net/minecraft/util/ResourceLocation to metadata cache
[15:25:43] [Client thread/DEBUG] [mixin/]: Mixing shaders.MixinRender from mixins.angelica.early.json into net.minecraft.client.renderer.entity.Render
[15:25:43] [Client thread/TRACE] [mixin/]: Added class metadata for net/coderbot/iris/pipeline/PipelineManager to metadata cache
[15:25:43] [Client thread/TRACE] [mixin/]: Added class metadata for net/coderbot/iris/pipeline/WorldRenderingPipeline to metadata cache
[15:25:43] [Client thread/DEBUG] [mixin/]: Mixing notfine.toggle.MixinRender from mixins.angelica.early.json into net.minecraft.client.renderer.entity.Render
[15:25:43] [Client thread/DEBUG] [mixin/]: mixins.angelica.early.json:shaders.MixinRender from mod angelica->@Inject::angelica$checkShouldSkipDefaultShadow(Lorg/spongepowered/asm/mixin/injection/callback/CallbackInfo;)V does use it's CallbackInfo
[15:25:43] [Client thread/DEBUG] [mixin/]: Mixing sodium.MixinRenderBlocks from mixins.angelica.early.json into net.minecraft.client.renderer.RenderBlocks
[15:25:43] [Client thread/TRACE] [mixin/]: Added class metadata for net/coderbot/iris/block_rendering/BlockRenderingSettings to metadata cache
[15:25:43] [Client thread/TRACE] [mixin/]: Added class metadata for it/unimi/dsi/fastutil/objects/Object2IntOpenHashMap to metadata cache
[15:25:43] [Client thread/TRACE] [mixin/]: Added class metadata for com/gtnewhorizons/angelica/common/BlockError to metadata cache
[15:25:43] [Client thread/TRACE] [mixin/]: Added class metadata for it/unimi/dsi/fastutil/objects/ObjectOpenHashSet to metadata cache
[15:25:43] [Client thread/TRACE] [mixin/]: Added class metadata for it/unimi/dsi/fastutil/objects/AbstractObjectSet to metadata cache
[15:25:43] [Client thread/TRACE] [mixin/]: Added class metadata for it/unimi/dsi/fastutil/objects/AbstractObjectCollection to metadata cache
[15:25:43] [Client thread/TRACE] [mixin/]: Added class metadata for it/unimi/dsi/fastutil/objects/ObjectCollection to metadata cache
[15:25:43] [Client thread/TRACE] [mixin/]: Added class metadata for it/unimi/dsi/fastutil/objects/ObjectIterable to metadata cache
[15:25:43] [Client thread/TRACE] [mixin/]: Added class metadata for it/unimi/dsi/fastutil/objects/ObjectSet to metadata cache
[15:25:43] [Client thread/TRACE] [mixin/]: Added class metadata for it/unimi/dsi/fastutil/objects/AbstractObject2IntMap to metadata cache
[15:25:43] [Client thread/TRACE] [mixin/]: Added class metadata for it/unimi/dsi/fastutil/objects/AbstractObject2IntFunction to metadata cache
[15:25:43] [Client thread/TRACE] [mixin/]: Added class metadata for it/unimi/dsi/fastutil/objects/Object2IntFunction to metadata cache
[15:25:43] [Client thread/TRACE] [mixin/]: Added class metadata for java/util/function/ToIntFunction to metadata cache
[15:25:43] [Client thread/TRACE] [mixin/]: Added class metadata for it/unimi/dsi/fastutil/objects/Object2IntMap to metadata cache
[15:25:43] [Client thread/DEBUG] [mixin/]: Mixing angelica.animation.MixinRenderBlocks from mixins.angelica.early.json into net.minecraft.client.renderer.RenderBlocks
[15:25:43] [Client thread/TRACE] [mixin/]: Added class metadata for com/gtnewhorizons/angelica/mixins/interfaces/ITexturesCache to metadata cache
[15:25:43] [Client thread/TRACE] [mixin/]: Added class metadata for it/unimi/dsi/fastutil/objects/ReferenceOpenHashSet to metadata cache
[15:25:43] [Client thread/TRACE] [mixin/]: Added class metadata for it/unimi/dsi/fastutil/objects/AbstractReferenceSet to metadata cache
[15:25:43] [Client thread/TRACE] [mixin/]: Added class metadata for it/unimi/dsi/fastutil/objects/AbstractReferenceCollection to metadata cache
[15:25:43] [Client thread/TRACE] [mixin/]: Added class metadata for it/unimi/dsi/fastutil/objects/ReferenceCollection to metadata cache
[15:25:43] [Client thread/TRACE] [mixin/]: Added class metadata for it/unimi/dsi/fastutil/objects/ReferenceSet to metadata cache
[15:25:43] [Client thread/DEBUG] [mixin/]: Mixing notfine.faceculling.MixinRenderBlocks from mixins.angelica.early.json into net.minecraft.client.renderer.RenderBlocks
[15:25:43] [Client thread/TRACE] [mixin/]: Added class metadata for java/lang/NullPointerException to metadata cache
[15:25:43] [Client thread/TRACE] [mixin/]: Added class metadata for java/lang/ArrayIndexOutOfBoundsException to metadata cache
[15:25:43] [Client thread/DEBUG] [mixin/]: mixins.angelica.early.json:sodium.MixinRenderBlocks from mod angelica->@Inject::renderingByTypeEnable(Lorg/spongepowered/asm/mixin/injection/callback/CallbackInfoReturnable;)V doesn't use it's CallbackInfoReturnable
[15:25:43] [Client thread/DEBUG] [mixin/]: mixins.angelica.early.json:sodium.MixinRenderBlocks from mod angelica->@Inject::renderingByTypeEnable(Lorg/spongepowered/asm/mixin/injection/callback/CallbackInfoReturnable;)V has 0 override(s) in child classes
[15:25:43] [Client thread/DEBUG] [mixin/]: mixins.angelica.early.json:sodium.MixinRenderBlocks from mod angelica->@Inject::renderingByTypeEnable(Lorg/spongepowered/asm/mixin/injection/callback/CallbackInfoReturnable;)V won't be passed a CallbackInfoReturnable as a result
[15:25:43] [Client thread/DEBUG] [mixin/]: mixins.angelica.early.json:sodium.MixinRenderBlocks from mod angelica->@Inject::renderingByTypeDisable(Lorg/spongepowered/asm/mixin/injection/callback/CallbackInfoReturnable;)V doesn't use it's CallbackInfoReturnable
[15:25:43] [Client thread/DEBUG] [mixin/]: mixins.angelica.early.json:sodium.MixinRenderBlocks from mod angelica->@Inject::renderingByTypeDisable(Lorg/spongepowered/asm/mixin/injection/callback/CallbackInfoReturnable;)V has 0 override(s) in child classes
[15:25:43] [Client thread/DEBUG] [mixin/]: mixins.angelica.early.json:sodium.MixinRenderBlocks from mod angelica->@Inject::renderingByTypeDisable(Lorg/spongepowered/asm/mixin/injection/callback/CallbackInfoReturnable;)V won't be passed a CallbackInfoReturnable as a result
[15:25:43] [Client thread/DEBUG] [mixin/]: mixins.angelica.early.json:angelica.animation.MixinRenderBlocks from mod angelica->@Inject::angelica$beforeRenderFace(Lnet/minecraft/block/Block;DDDLnet/minecraft/util/IIcon;Lorg/spongepowered/asm/mixin/injection/callback/CallbackInfo;)V doesn't use it's CallbackInfo
[15:25:43] [Client thread/DEBUG] [mixin/]: mixins.angelica.early.json:angelica.animation.MixinRenderBlocks from mod angelica->@Inject::angelica$beforeRenderFace(Lnet/minecraft/block/Block;DDDLnet/minecraft/util/IIcon;Lorg/spongepowered/asm/mixin/injection/callback/CallbackInfo;)V has 0 override(s) in child classes
[15:25:43] [Client thread/DEBUG] [mixin/]: mixins.angelica.early.json:angelica.animation.MixinRenderBlocks from mod angelica->@Inject::angelica$beforeRenderFace(Lnet/minecraft/block/Block;DDDLnet/minecraft/util/IIcon;Lorg/spongepowered/asm/mixin/injection/callback/CallbackInfo;)V won't be passed a CallbackInfo as a result
[15:25:43] [Client thread/DEBUG] [mixin/]: mixins.angelica.early.json:angelica.animation.MixinRenderBlocks from mod angelica->@Inject::angelica$beforeRenderFace(Lnet/minecraft/block/Block;DDDLnet/minecraft/util/IIcon;Lorg/spongepowered/asm/mixin/injection/callback/CallbackInfo;)V doesn't use it's CallbackInfo
[15:25:43] [Client thread/DEBUG] [mixin/]: mixins.angelica.early.json:angelica.animation.MixinRenderBlocks from mod angelica->@Inject::angelica$beforeRenderFace(Lnet/minecraft/block/Block;DDDLnet/minecraft/util/IIcon;Lorg/spongepowered/asm/mixin/injection/callback/CallbackInfo;)V has 0 override(s) in child classes
[15:25:43] [Client thread/DEBUG] [mixin/]: mixins.angelica.early.json:angelica.animation.MixinRenderBlocks from mod angelica->@Inject::angelica$beforeRenderFace(Lnet/minecraft/block/Block;DDDLnet/minecraft/util/IIcon;Lorg/spongepowered/asm/mixin/injection/callback/CallbackInfo;)V won't be passed a CallbackInfo as a result
[15:25:43] [Client thread/DEBUG] [mixin/]: mixins.angelica.early.json:angelica.animation.MixinRenderBlocks from mod angelica->@Inject::angelica$beforeRenderFace(Lnet/minecraft/block/Block;DDDLnet/minecraft/util/IIcon;Lorg/spongepowered/asm/mixin/injection/callback/CallbackInfo;)V doesn't use it's CallbackInfo
[15:25:43] [Client thread/DEBUG] [mixin/]: mixins.angelica.early.json:angelica.animation.MixinRenderBlocks from mod angelica->@Inject::angelica$beforeRenderFace(Lnet/minecraft/block/Block;DDDLnet/minecraft/util/IIcon;Lorg/spongepowered/asm/mixin/injection/callback/CallbackInfo;)V has 0 override(s) in child classes
[15:25:43] [Client thread/DEBUG] [mixin/]: mixins.angelica.early.json:angelica.animation.MixinRenderBlocks from mod angelica->@Inject::angelica$beforeRenderFace(Lnet/minecraft/block/Block;DDDLnet/minecraft/util/IIcon;Lorg/spongepowered/asm/mixin/injection/callback/CallbackInfo;)V won't be passed a CallbackInfo as a result
[15:25:43] [Client thread/DEBUG] [mixin/]: mixins.angelica.early.json:angelica.animation.MixinRenderBlocks from mod angelica->@Inject::angelica$beforeRenderFace(Lnet/minecraft/block/Block;DDDLnet/minecraft/util/IIcon;Lorg/spongepowered/asm/mixin/injection/callback/CallbackInfo;)V doesn't use it's CallbackInfo
[15:25:43] [Client thread/DEBUG] [mixin/]: mixins.angelica.early.json:angelica.animation.MixinRenderBlocks from mod angelica->@Inject::angelica$beforeRenderFace(Lnet/minecraft/block/Block;DDDLnet/minecraft/util/IIcon;Lorg/spongepowered/asm/mixin/injection/callback/CallbackInfo;)V has 0 override(s) in child classes
[15:25:43] [Client thread/DEBUG] [mixin/]: mixins.angelica.early.json:angelica.animation.MixinRenderBlocks from mod angelica->@Inject::angelica$beforeRenderFace(Lnet/minecraft/block/Block;DDDLnet/minecraft/util/IIcon;Lorg/spongepowered/asm/mixin/injection/callback/CallbackInfo;)V won't be passed a CallbackInfo as a result
[15:25:43] [Client thread/DEBUG] [mixin/]: mixins.angelica.early.json:angelica.animation.MixinRenderBlocks from mod angelica->@Inject::angelica$beforeRenderFace(Lnet/minecraft/block/Block;DDDLnet/minecraft/util/IIcon;Lorg/spongepowered/asm/mixin/injection/callback/CallbackInfo;)V doesn't use it's CallbackInfo
[15:25:43] [Client thread/DEBUG] [mixin/]: mixins.angelica.early.json:angelica.animation.MixinRenderBlocks from mod angelica->@Inject::angelica$beforeRenderFace(Lnet/minecraft/block/Block;DDDLnet/minecraft/util/IIcon;Lorg/spongepowered/asm/mixin/injection/callback/CallbackInfo;)V has 0 override(s) in child classes
[15:25:43] [Client thread/DEBUG] [mixin/]: mixins.angelica.early.json:angelica.animation.MixinRenderBlocks from mod angelica->@Inject::angelica$beforeRenderFace(Lnet/minecraft/block/Block;DDDLnet/minecraft/util/IIcon;Lorg/spongepowered/asm/mixin/injection/callback/CallbackInfo;)V won't be passed a CallbackInfo as a result
[15:25:43] [Client thread/DEBUG] [mixin/]: mixins.angelica.early.json:angelica.animation.MixinRenderBlocks from mod angelica->@Inject::angelica$beforeRenderFace(Lnet/minecraft/block/Block;DDDLnet/minecraft/util/IIcon;Lorg/spongepowered/asm/mixin/injection/callback/CallbackInfo;)V doesn't use it's CallbackInfo
[15:25:43] [Client thread/DEBUG] [mixin/]: mixins.angelica.early.json:angelica.animation.MixinRenderBlocks from mod angelica->@Inject::angelica$beforeRenderFace(Lnet/minecraft/block/Block;DDDLnet/minecraft/util/IIcon;Lorg/spongepowered/asm/mixin/injection/callback/CallbackInfo;)V has 0 override(s) in child classes
[15:25:43] [Client thread/DEBUG] [mixin/]: mixins.angelica.early.json:angelica.animation.MixinRenderBlocks from mod angelica->@Inject::angelica$beforeRenderFace(Lnet/minecraft/block/Block;DDDLnet/minecraft/util/IIcon;Lorg/spongepowered/asm/mixin/injection/callback/CallbackInfo;)V won't be passed a CallbackInfo as a result
[15:25:43] [Client thread/TRACE] [mixin/]: Added class metadata for java/lang/IndexOutOfBoundsException to metadata cache
[15:25:43] [Client thread/DEBUG] [mixin/]: Mixing optimization.folderresourcepack.MixinFolderResourcePack from coretweaks.mixin.json into net.minecraft.client.resources.FolderResourcePack
[15:25:43] [Client thread/TRACE] [mixin/]: Added class metadata for net/minecraft/client/resources/AbstractResourcePack to metadata cache
[15:25:43] [Client thread/TRACE] [mixin/]: Added class metadata for makamys/coretweaks/optimization/PrefixedFolderResourceAccelerator to metadata cache
[15:25:43] [Client thread/TRACE] [mixin/]: Added class metadata for java/io/File to metadata cache
[15:25:43] [Client thread/DEBUG] [mixin/]: coretweaks.mixin.json:optimization.folderresourcepack.MixinFolderResourcePack from mod coretweaks->@Inject::afterConstructor(Ljava/io/File;Lorg/spongepowered/asm/mixin/injection/callback/CallbackInfo;)V doesn't use it's CallbackInfo
[15:25:43] [Client thread/DEBUG] [mixin/]: coretweaks.mixin.json:optimization.folderresourcepack.MixinFolderResourcePack from mod coretweaks->@Inject::afterConstructor(Ljava/io/File;Lorg/spongepowered/asm/mixin/injection/callback/CallbackInfo;)V has 0 override(s) in child classes
[15:25:43] [Client thread/DEBUG] [mixin/]: coretweaks.mixin.json:optimization.folderresourcepack.MixinFolderResourcePack from mod coretweaks->@Inject::afterConstructor(Ljava/io/File;Lorg/spongepowered/asm/mixin/injection/callback/CallbackInfo;)V won't be passed a CallbackInfo as a result
[15:25:43] [Client thread/DEBUG] [mixin/]: Mixing shaders.MixinLocale from mixins.angelica.early.json into net.minecraft.client.resources.Locale
[15:25:43] [Client thread/TRACE] [mixin/]: Added class metadata for net/coderbot/iris/shaderpack/ShaderPack to metadata cache
[15:25:43] [Client thread/TRACE] [mixin/]: Added class metadata for net/coderbot/iris/shaderpack/LanguageMap to metadata cache
[15:25:43] [Client thread/TRACE] [mixin/]: Added class metadata for java/util/LinkedList to metadata cache
[15:25:43] [Client thread/TRACE] [mixin/]: Added class metadata for java/util/AbstractSequentialList to metadata cache
[15:25:43] [Client thread/TRACE] [mixin/]: Added class metadata for java/util/Deque to metadata cache
[15:25:43] [Client thread/TRACE] [mixin/]: Added class metadata for java/util/Queue to metadata cache
[15:25:43] [Client thread/TRACE] [mixin/]: Added class metadata for java/util/Objects to metadata cache
[15:25:43] [Client thread/TRACE] [mixin/]: Added class metadata for net/minecraft/client/resources/IResourceManager to metadata cache
[15:25:43] [Client thread/DEBUG] [mixin/]: mixins.angelica.early.json:shaders.MixinLocale from mod angelica->@Inject::iris$overrideLanguageEntries(Ljava/lang/String;Lorg/spongepowered/asm/mixin/injection/callback/CallbackInfoReturnable;)V does use it's CallbackInfoReturnable
[15:25:43] [Client thread/DEBUG] [mixin/]: mixins.angelica.early.json:shaders.MixinLocale from mod angelica->@Inject::iris$addLanguageCodes(Lnet/minecraft/client/resources/IResourceManager;Ljava/util/List;Lorg/spongepowered/asm/mixin/injection/callback/CallbackInfo;)V doesn't use it's CallbackInfo
[15:25:43] [Client thread/DEBUG] [mixin/]: mixins.angelica.early.json:shaders.MixinLocale from mod angelica->@Inject::iris$addLanguageCodes(Lnet/minecraft/client/resources/IResourceManager;Ljava/util/List;Lorg/spongepowered/asm/mixin/injection/callback/CallbackInfo;)V has 0 override(s) in child classes
[15:25:43] [Client thread/DEBUG] [mixin/]: mixins.angelica.early.json:shaders.MixinLocale from mod angelica->@Inject::iris$addLanguageCodes(Lnet/minecraft/client/resources/IResourceManager;Ljava/util/List;Lorg/spongepowered/asm/mixin/injection/callback/CallbackInfo;)V won't be passed a CallbackInfo as a result
[15:25:43] [Client thread/INFO] [unimixins/]: Transforming FMLCommonHandler to add hook for enhancing crash reports
[15:25:43] [Client thread/INFO] [coretweaks/]: Transforming FMLLog#log to fix ClassNotFoundError when logging throwables
[15:25:43] [Client thread/DEBUG] [FML/]: Bar Finished: Loading Resource - LanguageManager took 0.015s
[15:25:43] [Client thread/DEBUG] [mixin/]: Mixing angelica.MixinFMLClientHandler from mixins.angelica.early.json into cpw.mods.fml.client.FMLClientHandler
[15:25:43] [Client thread/DEBUG] [mixin/]: Mixing angelica.archaic.MixinFMLClientHandler from mixins.angelica.early.json into cpw.mods.fml.client.FMLClientHandler
[15:25:43] [Client thread/DEBUG] [mixin/]: Mixing sodium.MixinFMLClientHandler from mixins.angelica.early.json into cpw.mods.fml.client.FMLClientHandler
[15:25:43] [Client thread/TRACE] [mixin/]: Added class metadata for cpw/mods/fml/common/IFMLSidedHandler to metadata cache
[15:25:43] [Client thread/TRACE] [mixin/]: Added class metadata for net/minecraft/client/gui/GuiIngameMenu to metadata cache
[15:25:43] [Client thread/DEBUG] [mixin/]: mixins.angelica.early.json:angelica.archaic.MixinFMLClientHandler from mod angelica->@Inject::showModsList(Lnet/minecraft/client/gui/GuiIngameMenu;Lorg/spongepowered/asm/mixin/injection/callback/CallbackInfo;)V does use it's CallbackInfo
[15:25:43] [Client thread/TRACE] [mixin/]: Added class metadata for com/google/gson/JsonObject to metadata cache
[15:25:43] [Client thread/TRACE] [mixin/]: Added class metadata for com/google/gson/JsonElement to metadata cache
[15:25:44] [Client thread/INFO] [STDOUT/]: [cpw.mods.fml.client.SplashProgress:start:188]: ---- Minecraft Crash Report ----
// I bet Cylons wouldn't have this problem.

Time: 26-4-29 下午3:25
Description: Loading screen debug info

This is just a prompt for computer specs to be printed. THIS IS NOT A ERROR


A detailed walkthrough of the error, its code path and all known details is as follows:
---------------------------------------------------------------------------------------

-- System Details --
Details:
	Minecraft Version: 1.7.10
	Operating System: Windows 10 (amd64) version 10.0
	Java Version: 1.8.0_301, Oracle Corporation
	Java VM Version: Java HotSpot(TM) 64-Bit Server VM (mixed mode), Oracle Corporation
	Memory: 380100360 bytes (362 MB) / 687865856 bytes (656 MB) up to 5592580096 bytes (5333 MB)
	JVM Flags: 2 total; -Xmx6000m -XX:HeapDumpPath=MojangTricksIntelDriversForPerformance_javaw.exe_minecraft.exe.heapdump
	AABB Pool Size: 0 (0 bytes; 0 MB) allocated, 0 (0 bytes; 0 MB) used
	IntCache: cache: 0, tcache: 0, allocated: 0, tallocated: 0
	FML: 
	GL info: ' Vendor: 'NVIDIA Corporation' Version: '4.6.0 NVIDIA 580.97' Renderer: 'NVIDIA GeForce RTX 3050 Laptop GPU/PCIe/SSE2'
	Mixins in Stacktrace: 
		cpw.mods.fml.client.SplashProgress:
			mixins.angelica.early.json:angelica.archaic.AccessorSplashProgress from mod angelica
		net.minecraft.client.Minecraft:
			mixins.angelica.early.json:sodium.MixinMinecraft from mod angelica
			mixins.angelica.early.json:angelica.MixinMinecraft from mod angelica
			coretweaks.mixin.json:tweak.crashhandler.MixinMinecraft from mod coretweaks
			mixins.angelica.early.json:shaders.startup.MixinMinecraft from mod angelica
			mixins.angelica.early.json:angelica.zoom.MixinMinecraft_Zoom from mod angelica
		cpw.mods.fml.client.FMLClientHandler:
			mixins.angelica.early.json:angelica.archaic.MixinFMLClientHandler from mod angelica
			mixins.angelica.early.json:angelica.MixinFMLClientHandler from mod angelica
			mixins.angelica.early.json:sodium.MixinFMLClientHandler from mod angelica
[15:25:44] [Client thread/INFO] [Angelica/]: Current thread: Client thread
[15:25:44] [Client thread/DEBUG] [mixin/]: Mixing angelica.archaic.MixinSplashProgress$3 from mixins.angelica.early.json into cpw.mods.fml.client.SplashProgress$3
[15:25:44] [Client thread/TRACE] [mixin/]: Added class metadata for org/lwjgl/opengl/Display to metadata cache
[15:25:44] [Client thread/TRACE] [mixin/]: Added class metadata for java/lang/Runtime to metadata cache
[15:25:44] [Client thread/TRACE] [mixin/]: Added class metadata for org/apache/commons/lang3/StringUtils to metadata cache
[15:25:44] [Client thread/DEBUG] [mixin/]: mixins.angelica.early.json:angelica.archaic.MixinSplashProgress$3 from mod angelica->@Inject::injectDrawMemoryBar(Lorg/spongepowered/asm/mixin/injection/callback/CallbackInfo;)V doesn't use it's CallbackInfo
[15:25:44] [Client thread/INFO] [MinecraftForge/]: Attempting early MinecraftForge initialization
[15:25:44] [Client thread/INFO] [FML/]: MinecraftForge v10.13.4.1614 Initialized
[15:25:44] [Thread-6/INFO] [Angelica/]: Current thread: Thread-6
[15:25:44] [Client thread/INFO] [FML/]: Replaced 183 ore recipies
[15:25:44] [Thread-6/DEBUG] [coretweaks/]: Indexed classpath resources in 0.0286475s
[15:25:44] [Client thread/INFO] [MinecraftForge/]: Completed early MinecraftForge initialization
[15:25:44] [Client thread/DEBUG] [FML/]: File F:\载具包临时\test\[Client]BFMC-Client Update 2026-2-16\[Client]BFMC-Client Update 2026-2-16\.minecraft\config\injectedDependencies.json not found. No dependencies injected
[15:25:44] [Client thread/DEBUG] [FML/]: Building injected Mod Containers [cpw.mods.fml.common.FMLContainer, net.minecraftforge.common.ForgeModContainer, lain.mods.inputfix.InputFixDummyContainer, bre.ufex.asm.ModContainer, cc.uraniummc.UraniumPlusMod, xaero.common.core.CoreModContainer, xaero.map.core.CoreModContainer, com.gtnewhorizon.gtnhlib.core.GTNHLibCore]
[15:25:44] [Client thread/DEBUG] [FML/]: Attempting to load mods contained in the minecraft jar file and associated classes
[15:25:44] [Client thread/DEBUG] [FML/]: Found a minecraft related file at F:\载具包临时\test\[Client]BFMC-Client Update 2026-2-16\[Client]BFMC-Client Update 2026-2-16\.minecraft\libraries\net\minecraftforge\forge\1.7.10-10.13.4.1614-1.7.10\forge-1.7.10-10.13.4.1614-1.7.10.jar, examining for mod candidates
[15:25:44] [Client thread/DEBUG] [mixin/]: Mixing optimization.jardiscoverercache.MixinJarDiscoverer from coretweaks.mixin.json into cpw.mods.fml.common.discovery.JarDiscoverer
[15:25:44] [Client thread/TRACE] [mixin/]: Added class metadata for makamys/coretweaks/optimization/JarDiscovererCache to metadata cache
[15:25:44] [Client thread/TRACE] [mixin/]: Added class metadata for java/util/jar/JarFile to metadata cache
[15:25:44] [Client thread/TRACE] [mixin/]: Added class metadata for cpw/mods/fml/common/discovery/asm/ASMModParser to metadata cache
[15:25:44] [Client thread/TRACE] [mixin/]: Added class metadata for java/io/InputStream to metadata cache
[15:25:44] [Client thread/TRACE] [mixin/]: Added class metadata for cpw/mods/fml/common/ModContainerFactory to metadata cache
[15:25:44] [Client thread/TRACE] [mixin/]: Added class metadata for cpw/mods/fml/common/discovery/ITypeDiscoverer to metadata cache
[15:25:44] [Client thread/TRACE] [mixin/]: Added class metadata for net/minecraft/network/play/INetHandlerPlayClient to metadata cache
[15:25:44] [Client thread/TRACE] [mixin/]: Added class metadata for net/minecraft/network/INetHandler to metadata cache
[15:25:44] [Client thread/TRACE] [mixin/]: Added class metadata for java/util/zip/ZipEntry to metadata cache
[15:25:44] [Client thread/DEBUG] [mixin/]: coretweaks.mixin.json:optimization.jardiscoverercache.MixinJarDiscoverer from mod coretweaks->@Inject::preDiscover(Lcpw/mods/fml/common/discovery/ModCandidate;Lcpw/mods/fml/common/discovery/ASMDataTable;Lorg/spongepowered/asm/mixin/injection/callback/CallbackInfoReturnable;)V doesn't use it's CallbackInfoReturnable
[15:25:44] [Client thread/DEBUG] [mixin/]: coretweaks.mixin.json:optimization.jardiscoverercache.MixinJarDiscoverer from mod coretweaks->@Inject::preDiscover(Lcpw/mods/fml/common/discovery/ModCandidate;Lcpw/mods/fml/common/discovery/ASMDataTable;Lorg/spongepowered/asm/mixin/injection/callback/CallbackInfoReturnable;)V has 0 override(s) in child classes
[15:25:44] [Client thread/DEBUG] [mixin/]: coretweaks.mixin.json:optimization.jardiscoverercache.MixinJarDiscoverer from mod coretweaks->@Inject::preDiscover(Lcpw/mods/fml/common/discovery/ModCandidate;Lcpw/mods/fml/common/discovery/ASMDataTable;Lorg/spongepowered/asm/mixin/injection/callback/CallbackInfoReturnable;)V won't be passed a CallbackInfoReturnable as a result
[15:25:44] [Client thread/TRACE] [FML/]: Skipping known library file F:\载具包临时\test\[Client]BFMC-Client Update 2026-2-16\[Client]BFMC-Client Update 2026-2-16\.minecraft\libraries\net\minecraft\launchwrapper\1.12\launchwrapper-1.12.jar
[15:25:44] [Client thread/TRACE] [FML/]: Skipping known library file F:\载具包临时\test\[Client]BFMC-Client Update 2026-2-16\[Client]BFMC-Client Update 2026-2-16\.minecraft\libraries\org\ow2\asm\asm-all\5.0.3\asm-all-5.0.3.jar
[15:25:44] [Client thread/TRACE] [FML/]: Skipping known library file F:\载具包临时\test\[Client]BFMC-Client Update 2026-2-16\[Client]BFMC-Client Update 2026-2-16\.minecraft\libraries\com\typesafe\akka\akka-actor_2.11\2.3.3\akka-actor_2.11-2.3.3.jar
[15:25:44] [Client thread/TRACE] [FML/]: Skipping known library file F:\载具包临时\test\[Client]BFMC-Client Update 2026-2-16\[Client]BFMC-Client Update 2026-2-16\.minecraft\libraries\com\typesafe\config\1.2.1\config-1.2.1.jar
[15:25:44] [Client thread/TRACE] [FML/]: Skipping known library file F:\载具包临时\test\[Client]BFMC-Client Update 2026-2-16\[Client]BFMC-Client Update 2026-2-16\.minecraft\libraries\org\scala-lang\scala-actors-migration_2.11\1.1.0\scala-actors-migration_2.11-1.1.0.jar
[15:25:44] [Client thread/TRACE] [FML/]: Skipping known library file F:\载具包临时\test\[Client]BFMC-Client Update 2026-2-16\[Client]BFMC-Client Update 2026-2-16\.minecraft\libraries\org\scala-lang\scala-compiler\2.11.1\scala-compiler-2.11.1.jar
[15:25:44] [Client thread/TRACE] [FML/]: Skipping known library file F:\载具包临时\test\[Client]BFMC-Client Update 2026-2-16\[Client]BFMC-Client Update 2026-2-16\.minecraft\libraries\org\scala-lang\plugins\scala-continuations-library_2.11\1.0.2\scala-continuations-library_2.11-1.0.2.jar
[15:25:44] [Client thread/TRACE] [FML/]: Skipping known library file F:\载具包临时\test\[Client]BFMC-Client Update 2026-2-16\[Client]BFMC-Client Update 2026-2-16\.minecraft\libraries\org\scala-lang\plugins\scala-continuations-plugin_2.11.1\1.0.2\scala-continuations-plugin_2.11.1-1.0.2.jar
[15:25:44] [Client thread/TRACE] [FML/]: Skipping known library file F:\载具包临时\test\[Client]BFMC-Client Update 2026-2-16\[Client]BFMC-Client Update 2026-2-16\.minecraft\libraries\org\scala-lang\scala-library\2.11.1\scala-library-2.11.1.jar
[15:25:44] [Client thread/TRACE] [FML/]: Skipping known library file F:\载具包临时\test\[Client]BFMC-Client Update 2026-2-16\[Client]BFMC-Client Update 2026-2-16\.minecraft\libraries\org\scala-lang\scala-parser-combinators_2.11\1.0.1\scala-parser-combinators_2.11-1.0.1.jar
[15:25:44] [Client thread/TRACE] [FML/]: Skipping known library file F:\载具包临时\test\[Client]BFMC-Client Update 2026-2-16\[Client]BFMC-Client Update 2026-2-16\.minecraft\libraries\org\scala-lang\scala-reflect\2.11.1\scala-reflect-2.11.1.jar
[15:25:44] [Client thread/TRACE] [FML/]: Skipping known library file F:\载具包临时\test\[Client]BFMC-Client Update 2026-2-16\[Client]BFMC-Client Update 2026-2-16\.minecraft\libraries\org\scala-lang\scala-swing_2.11\1.0.1\scala-swing_2.11-1.0.1.jar
[15:25:44] [Client thread/TRACE] [FML/]: Skipping known library file F:\载具包临时\test\[Client]BFMC-Client Update 2026-2-16\[Client]BFMC-Client Update 2026-2-16\.minecraft\libraries\org\scala-lang\scala-xml_2.11\1.0.2\scala-xml_2.11-1.0.2.jar
[15:25:44] [Client thread/TRACE] [FML/]: Skipping known library file F:\载具包临时\test\[Client]BFMC-Client Update 2026-2-16\[Client]BFMC-Client Update 2026-2-16\.minecraft\libraries\lzma\lzma\0.0.1\lzma-0.0.1.jar
[15:25:44] [Client thread/TRACE] [FML/]: Skipping known library file F:\载具包临时\test\[Client]BFMC-Client Update 2026-2-16\[Client]BFMC-Client Update 2026-2-16\.minecraft\libraries\net\sf\jopt-simple\jopt-simple\4.5\jopt-simple-4.5.jar
[15:25:44] [Client thread/TRACE] [FML/]: Skipping known library file F:\载具包临时\test\[Client]BFMC-Client Update 2026-2-16\[Client]BFMC-Client Update 2026-2-16\.minecraft\libraries\com\google\guava\guava\17.0\guava-17.0.jar
[15:25:44] [Client thread/TRACE] [FML/]: Skipping known library file F:\载具包临时\test\[Client]BFMC-Client Update 2026-2-16\[Client]BFMC-Client Update 2026-2-16\.minecraft\libraries\org\apache\commons\commons-lang3\3.3.2\commons-lang3-3.3.2.jar
[15:25:44] [Client thread/TRACE] [FML/]: Skipping known library file F:\载具包临时\test\[Client]BFMC-Client Update 2026-2-16\[Client]BFMC-Client Update 2026-2-16\.minecraft\libraries\com\mojang\netty\1.6\netty-1.6.jar
[15:25:44] [Client thread/TRACE] [FML/]: Skipping known library file F:\载具包临时\test\[Client]BFMC-Client Update 2026-2-16\[Client]BFMC-Client Update 2026-2-16\.minecraft\libraries\com\mojang\realms\1.3.5\realms-1.3.5.jar
[15:25:44] [Client thread/TRACE] [FML/]: Skipping known library file F:\载具包临时\test\[Client]BFMC-Client Update 2026-2-16\[Client]BFMC-Client Update 2026-2-16\.minecraft\libraries\org\apache\commons\commons-compress\1.8.1\commons-compress-1.8.1.jar
[15:25:44] [Client thread/TRACE] [FML/]: Skipping known library file F:\载具包临时\test\[Client]BFMC-Client Update 2026-2-16\[Client]BFMC-Client Update 2026-2-16\.minecraft\libraries\org\apache\httpcomponents\httpclient\4.3.3\httpclient-4.3.3.jar
[15:25:44] [Client thread/TRACE] [FML/]: Skipping known library file F:\载具包临时\test\[Client]BFMC-Client Update 2026-2-16\[Client]BFMC-Client Update 2026-2-16\.minecraft\libraries\commons-logging\commons-logging\1.1.3\commons-logging-1.1.3.jar
[15:25:44] [Client thread/TRACE] [FML/]: Skipping known library file F:\载具包临时\test\[Client]BFMC-Client Update 2026-2-16\[Client]BFMC-Client Update 2026-2-16\.minecraft\libraries\org\apache\httpcomponents\httpcore\4.3.2\httpcore-4.3.2.jar
[15:25:44] [Client thread/TRACE] [FML/]: Skipping known library file F:\载具包临时\test\[Client]BFMC-Client Update 2026-2-16\[Client]BFMC-Client Update 2026-2-16\.minecraft\libraries\java3d\vecmath\1.3.1\vecmath-1.3.1.jar
[15:25:44] [Client thread/TRACE] [FML/]: Skipping known library file F:\载具包临时\test\[Client]BFMC-Client Update 2026-2-16\[Client]BFMC-Client Update 2026-2-16\.minecraft\libraries\net\sf\trove4j\trove4j\3.0.3\trove4j-3.0.3.jar
[15:25:44] [Client thread/TRACE] [FML/]: Skipping known library file F:\载具包临时\test\[Client]BFMC-Client Update 2026-2-16\[Client]BFMC-Client Update 2026-2-16\.minecraft\libraries\com\ibm\icu\icu4j-core-mojang\51.2\icu4j-core-mojang-51.2.jar
[15:25:44] [Client thread/TRACE] [FML/]: Skipping known library file F:\载具包临时\test\[Client]BFMC-Client Update 2026-2-16\[Client]BFMC-Client Update 2026-2-16\.minecraft\libraries\net\sf\jopt-simple\jopt-simple\4.5\jopt-simple-4.5.jar
[15:25:44] [Client thread/TRACE] [FML/]: Skipping known library file F:\载具包临时\test\[Client]BFMC-Client Update 2026-2-16\[Client]BFMC-Client Update 2026-2-16\.minecraft\libraries\com\paulscode\codecjorbis\20101023\codecjorbis-20101023.jar
[15:25:44] [Client thread/TRACE] [FML/]: Skipping known library file F:\载具包临时\test\[Client]BFMC-Client Update 2026-2-16\[Client]BFMC-Client Update 2026-2-16\.minecraft\libraries\com\paulscode\codecwav\20101023\codecwav-20101023.jar
[15:25:44] [Client thread/TRACE] [FML/]: Skipping known library file F:\载具包临时\test\[Client]BFMC-Client Update 2026-2-16\[Client]BFMC-Client Update 2026-2-16\.minecraft\libraries\com\paulscode\libraryjavasound\20101123\libraryjavasound-20101123.jar
[15:25:44] [Client thread/TRACE] [FML/]: Skipping known library file F:\载具包临时\test\[Client]BFMC-Client Update 2026-2-16\[Client]BFMC-Client Update 2026-2-16\.minecraft\libraries\com\paulscode\librarylwjglopenal\20100824\librarylwjglopenal-20100824.jar
[15:25:44] [Client thread/TRACE] [FML/]: Skipping known library file F:\载具包临时\test\[Client]BFMC-Client Update 2026-2-16\[Client]BFMC-Client Update 2026-2-16\.minecraft\libraries\com\paulscode\soundsystem\20120107\soundsystem-20120107.jar
[15:25:44] [Client thread/TRACE] [FML/]: Skipping known library file F:\载具包临时\test\[Client]BFMC-Client Update 2026-2-16\[Client]BFMC-Client Update 2026-2-16\.minecraft\libraries\io\netty\netty-all\4.0.10.Final\netty-all-4.0.10.Final.jar
[15:25:44] [Client thread/TRACE] [FML/]: Skipping known library file F:\载具包临时\test\[Client]BFMC-Client Update 2026-2-16\[Client]BFMC-Client Update 2026-2-16\.minecraft\libraries\com\google\guava\guava\15.0\guava-15.0.jar
[15:25:44] [Client thread/TRACE] [FML/]: Skipping known library file F:\载具包临时\test\[Client]BFMC-Client Update 2026-2-16\[Client]BFMC-Client Update 2026-2-16\.minecraft\libraries\org\apache\commons\commons-lang3\3.1\commons-lang3-3.1.jar
[15:25:44] [Client thread/TRACE] [FML/]: Skipping known library file F:\载具包临时\test\[Client]BFMC-Client Update 2026-2-16\[Client]BFMC-Client Update 2026-2-16\.minecraft\libraries\commons-io\commons-io\2.4\commons-io-2.4.jar
[15:25:44] [Client thread/TRACE] [FML/]: Skipping known library file F:\载具包临时\test\[Client]BFMC-Client Update 2026-2-16\[Client]BFMC-Client Update 2026-2-16\.minecraft\libraries\commons-codec\commons-codec\1.9\commons-codec-1.9.jar
[15:25:44] [Client thread/TRACE] [FML/]: Skipping known library file F:\载具包临时\test\[Client]BFMC-Client Update 2026-2-16\[Client]BFMC-Client Update 2026-2-16\.minecraft\libraries\net\java\jinput\jinput\2.0.5\jinput-2.0.5.jar
[15:25:44] [Client thread/TRACE] [FML/]: Skipping known library file F:\载具包临时\test\[Client]BFMC-Client Update 2026-2-16\[Client]BFMC-Client Update 2026-2-16\.minecraft\libraries\net\java\jutils\jutils\1.0.0\jutils-1.0.0.jar
[15:25:44] [Client thread/TRACE] [FML/]: Skipping known library file F:\载具包临时\test\[Client]BFMC-Client Update 2026-2-16\[Client]BFMC-Client Update 2026-2-16\.minecraft\libraries\com\google\code\gson\gson\2.2.4\gson-2.2.4.jar
[15:25:44] [Client thread/TRACE] [FML/]: Skipping known library file F:\载具包临时\test\[Client]BFMC-Client Update 2026-2-16\[Client]BFMC-Client Update 2026-2-16\.minecraft\libraries\com\mojang\authlib\1.5.21\authlib-1.5.21.jar
[15:25:44] [Client thread/TRACE] [FML/]: Skipping known library file F:\载具包临时\test\[Client]BFMC-Client Update 2026-2-16\[Client]BFMC-Client Update 2026-2-16\.minecraft\libraries\org\apache\logging\log4j\log4j-api\2.0-beta9\log4j-api-2.0-beta9.jar
[15:25:44] [Client thread/TRACE] [FML/]: Skipping known library file F:\载具包临时\test\[Client]BFMC-Client Update 2026-2-16\[Client]BFMC-Client Update 2026-2-16\.minecraft\libraries\org\apache\logging\log4j\log4j-core\2.0-beta9\log4j-core-2.0-beta9.jar
[15:25:44] [Client thread/TRACE] [FML/]: Skipping known library file F:\载具包临时\test\[Client]BFMC-Client Update 2026-2-16\[Client]BFMC-Client Update 2026-2-16\.minecraft\libraries\org\lwjgl\lwjgl\lwjgl\2.9.1\lwjgl-2.9.1.jar
[15:25:44] [Client thread/TRACE] [FML/]: Skipping known library file F:\载具包临时\test\[Client]BFMC-Client Update 2026-2-16\[Client]BFMC-Client Update 2026-2-16\.minecraft\libraries\org\lwjgl\lwjgl\lwjgl_util\2.9.1\lwjgl_util-2.9.1.jar
[15:25:44] [Client thread/TRACE] [FML/]: Skipping known library file F:\载具包临时\test\[Client]BFMC-Client Update 2026-2-16\[Client]BFMC-Client Update 2026-2-16\.minecraft\libraries\org\lwjgl\lwjgl\lwjgl-platform\2.9.1\lwjgl-platform-2.9.1-natives-windows.jar
[15:25:44] [Client thread/TRACE] [FML/]: Skipping known library file F:\载具包临时\test\[Client]BFMC-Client Update 2026-2-16\[Client]BFMC-Client Update 2026-2-16\.minecraft\libraries\net\java\jinput\jinput-platform\2.0.5\jinput-platform-2.0.5-natives-windows.jar
[15:25:44] [Client thread/TRACE] [FML/]: Skipping known library file F:\载具包临时\test\[Client]BFMC-Client Update 2026-2-16\[Client]BFMC-Client Update 2026-2-16\.minecraft\libraries\tv\twitch\twitch\5.16\twitch-5.16.jar
[15:25:44] [Client thread/TRACE] [FML/]: Skipping known library file F:\载具包临时\test\[Client]BFMC-Client Update 2026-2-16\[Client]BFMC-Client Update 2026-2-16\.minecraft\libraries\tv\twitch\twitch-platform\5.16\twitch-platform-5.16-natives-windows-64.jar
[15:25:44] [Client thread/TRACE] [FML/]: Skipping known library file F:\载具包临时\test\[Client]BFMC-Client Update 2026-2-16\[Client]BFMC-Client Update 2026-2-16\.minecraft\libraries\tv\twitch\twitch-external-platform\4.5\twitch-external-platform-4.5-natives-windows-64.jar
[15:25:44] [Client thread/DEBUG] [FML/]: Found a minecraft related file at F:\载具包临时\test\[Client]BFMC-Client Update 2026-2-16\[Client]BFMC-Client Update 2026-2-16\.minecraft\versions\1.7.10\1.7.10.jar, examining for mod candidates
[15:25:44] [Client thread/TRACE] [FML/]: Skipping known library file F:\载具包临时\test\[Client]BFMC-Client Update 2026-2-16\[Client]BFMC-Client Update 2026-2-16\.minecraft\mods\!+unimixins-all-1.7.10-0.1.23.jar
[15:25:44] [Client thread/TRACE] [FML/]: Skipping known library file F:\载具包临时\test\[Client]BFMC-Client Update 2026-2-16\[Client]BFMC-Client Update 2026-2-16\.minecraft\mods\Angelica-1.0.0-beta54.jar
[15:25:44] [Client thread/TRACE] [FML/]: Skipping known library file F:\载具包临时\test\[Client]BFMC-Client Update 2026-2-16\[Client]BFMC-Client Update 2026-2-16\.minecraft\mods\CoreTweaks-1.7.10-0.3.3.2.jar
[15:25:44] [Client thread/TRACE] [FML/]: Skipping known library file F:\载具包临时\test\[Client]BFMC-Client Update 2026-2-16\[Client]BFMC-Client Update 2026-2-16\.minecraft\mods\EntityRenderDistanceExtender-1.0c.jar
[15:25:44] [Client thread/TRACE] [FML/]: Skipping known library file F:\载具包临时\test\[Client]BFMC-Client Update 2026-2-16\[Client]BFMC-Client Update 2026-2-16\.minecraft\mods\GTNH-Lib-0.6.39.jar
[15:25:44] [Client thread/TRACE] [FML/]: Skipping known library file F:\载具包临时\test\[Client]BFMC-Client Update 2026-2-16\[Client]BFMC-Client Update 2026-2-16\.minecraft\mods\InputFix-1.7.10-v6.jar
[15:25:44] [Client thread/TRACE] [FML/]: Skipping known library file F:\载具包临时\test\[Client]BFMC-Client Update 2026-2-16\[Client]BFMC-Client Update 2026-2-16\.minecraft\mods\mchr-mixin.jar
[15:25:44] [Client thread/TRACE] [FML/]: Skipping known library file F:\载具包临时\test\[Client]BFMC-Client Update 2026-2-16\[Client]BFMC-Client Update 2026-2-16\.minecraft\mods\SignPicture-1.7.10-2.8.0-universal.jar
[15:25:44] [Client thread/TRACE] [FML/]: Skipping known library file F:\载具包临时\test\[Client]BFMC-Client Update 2026-2-16\[Client]BFMC-Client Update 2026-2-16\.minecraft\mods\UnicodeFontExtension.jar
[15:25:44] [Client thread/TRACE] [FML/]: Skipping known library file F:\载具包临时\test\[Client]BFMC-Client Update 2026-2-16\[Client]BFMC-Client Update 2026-2-16\.minecraft\mods\UraniumPlus.jar
[15:25:44] [Client thread/TRACE] [FML/]: Skipping known library file F:\载具包临时\test\[Client]BFMC-Client Update 2026-2-16\[Client]BFMC-Client Update 2026-2-16\.minecraft\mods\Xaeros_Minimap_21.10.44_Forge_1.7.10.jar
[15:25:44] [Client thread/TRACE] [FML/]: Skipping known library file F:\载具包临时\test\[Client]BFMC-Client Update 2026-2-16\[Client]BFMC-Client Update 2026-2-16\.minecraft\mods\XaerosWorldMap_1.14.1.33_Forge_1.7.10.jar
[15:25:44] [Client thread/DEBUG] [FML/]: Minecraft jar mods loaded successfully
[15:25:44] [Client thread/INFO] [FML/]: Found 0 mods from the command line. Injecting into mod discoverer
[15:25:44] [Client thread/INFO] [FML/]: Searching F:\载具包临时\test\[Client]BFMC-Client Update 2026-2-16\[Client]BFMC-Client Update 2026-2-16\.minecraft\mods for mods
[15:25:44] [Client thread/DEBUG] [FML/]: Found a candidate zip or jar file !+unimixins-all-1.7.10-0.1.23.jar
[15:25:44] [Client thread/DEBUG] [FML/]: Found a candidate mod directory 1.7.10
[15:25:44] [Client thread/DEBUG] [FML/]: Found a candidate zip or jar file [创世神] worldedit-forge-mc1.7.10-6.1.1-dist.jar
[15:25:44] [Client thread/DEBUG] [FML/]: Found a candidate zip or jar file Angelica-1.0.0-beta54.jar
[15:25:44] [Client thread/DEBUG] [FML/]: Found a candidate zip or jar file ArchitectureCraft-1.7.2-mc1.7.10.jar
[15:25:44] [Client thread/DEBUG] [FML/]: Found a candidate zip or jar file CoreTweaks-1.7.10-0.3.3.2.jar
[15:25:44] [Client thread/DEBUG] [FML/]: Found a candidate zip or jar file CustomMainMenu.jar
[15:25:44] [Client thread/DEBUG] [FML/]: Found a candidate zip or jar file DamageMarkMod-1.7.10-2.3-BFMC.jar
[15:25:44] [Client thread/DEBUG] [FML/]: Found a candidate zip or jar file EntityRenderDistanceExtender-1.0c.jar
[15:25:44] [Client thread/DEBUG] [FML/]: Found a candidate zip or jar file Flan's Mod Ultimate-1.58-Reforged.jar
[15:25:44] [Client thread/DEBUG] [FML/]: Found a candidate zip or jar file GTNH-Lib-0.6.39.jar
[15:25:44] [Client thread/DEBUG] [FML/]: Found a candidate zip or jar file HBM-NTM-[1.0.27_X5649].jar
[15:25:44] [Client thread/DEBUG] [FML/]: Found a candidate zip or jar file Hide+Names-1.7.10-1.1.8.jar
[15:25:44] [Client thread/TRACE] [FML/]: Skipping already parsed coremod or tweaker InputFix-1.7.10-v6.jar
[15:25:44] [Client thread/DEBUG] [FML/]: Found a candidate mod directory mcheli
[15:25:44] [Client thread/DEBUG] [FML/]: Ignoring unknown file mcheli.7z in mods directory
[15:25:44] [Client thread/DEBUG] [FML/]: Found a candidate zip or jar file mchr-mixin.jar
[15:25:44] [Client thread/DEBUG] [FML/]: Found a candidate zip or jar file QEMenu.jar
[15:25:44] [Client thread/DEBUG] [FML/]: Found a candidate zip or jar file SignPicture-1.7.10-2.8.0-universal.jar
[15:25:44] [Client thread/DEBUG] [FML/]: Found a candidate zip or jar file StepUp-1.0.1-mc1.7.10.jar
[15:25:44] [Client thread/DEBUG] [FML/]: Found a candidate zip or jar file UnicodeFontExtension.jar
[15:25:44] [Client thread/TRACE] [FML/]: Skipping already parsed coremod or tweaker UraniumPlus.jar
[15:25:44] [Client thread/DEBUG] [FML/]: Found a candidate zip or jar file Vexview.jar
[15:25:44] [Client thread/DEBUG] [FML/]: Found a candidate zip or jar file Xaeros_Minimap_21.10.44_Forge_1.7.10.jar
[15:25:44] [Client thread/DEBUG] [FML/]: Found a candidate zip or jar file XaerosWorldMap_1.14.1.33_Forge_1.7.10.jar
[15:25:44] [Client thread/INFO] [FML/]: Also searching F:\载具包临时\test\[Client]BFMC-Client Update 2026-2-16\[Client]BFMC-Client Update 2026-2-16\.minecraft\mods\1.7.10 for mods
[15:25:44] [Thread-6/INFO] [UfexCore ASM/]: Transform: net.minecraft.client.gui.FontRenderer
[15:25:44] [Thread-6/INFO] [UfexCore ASM/]: Internal name = bbu
[15:25:44] [Thread-6/INFO] [UfexCore ASM/]: Transformed name = net.minecraft.client.gui.FontRenderer
[15:25:44] [Thread-6/INFO] [UfexCore ASM/]: new ClassReader done
[15:25:44] [Thread-6/INFO] [UfexCore ASM/]: new ClassWriter done
[15:25:44] [Thread-6/INFO] [UfexCore ASM/]: new ClassAdapter done
[15:25:44] [Thread-6/INFO] [UfexCore ASM/]: Inserted the EnterHook in constructor.
[15:25:44] [Thread-6/INFO] [UfexCore ASM/]: Inserted the ExitHook in constructor.
[15:25:44] [Thread-6/INFO] [UfexCore ASM/]: Inserted the ExitHook in readGlyphSizes method.
[15:25:44] [Thread-6/INFO] [UfexCore ASM/]: Inserted the ExitHook in readGlyphSizes method.
[15:25:44] [Thread-6/INFO] [UfexCore ASM/]: Inserted the EnterHook in renderUnicodeChar() method.
[15:25:44] [Thread-6/INFO] [UfexCore ASM/]: Inserted the EnterHook in renderStringAtPos method.
[15:25:44] [Thread-6/INFO] [UfexCore ASM/]: Inserted boldFlag related code in renderStringAtPos().
[15:25:44] [Thread-6/INFO] [UfexCore ASM/]: Inserted the ExitHook in renderStringAtPos method.
[15:25:44] [Thread-6/INFO] [UfexCore ASM/]: Inserted the EnterHook in doDraw method.
[15:25:44] [Thread-6/INFO] [UfexCore ASM/]: Modified doDraw method.
[15:25:44] [Thread-6/INFO] [UfexCore ASM/]: Inserted the EnterHook in getStringWidth method.
[15:25:44] [Thread-6/INFO] [UfexCore ASM/]: Inserted the EnterHook in getCharWidth method.
[15:25:44] [Thread-6/INFO] [UfexCore ASM/]: Inserted the EnterHook in trimStringToWidth method.
[15:25:44] [Thread-6/INFO] [UfexCore ASM/]: Inserted the ExitHook in setUnicodeFlag method.
[15:25:44] [Thread-6/INFO] [UfexCore ASM/]: Inserted the EnterHook in sizeStringToWidth method.
[15:25:44] [Thread-6/INFO] [UfexCore ASM/]: INIT:true
[15:25:44] [Thread-6/INFO] [UfexCore ASM/]: READ_GLYPH_SIZES:true
[15:25:44] [Thread-6/INFO] [UfexCore ASM/]: RENDER_UNICODE_CHAR:true
[15:25:44] [Thread-6/INFO] [UfexCore ASM/]: RENDER_STRING_AT_POS:true
[15:25:44] [Thread-6/INFO] [UfexCore ASM/]: DO_DRAW:true
[15:25:44] [Thread-6/INFO] [UfexCore ASM/]: GET_STRING_WIDTH:true
[15:25:44] [Thread-6/INFO] [UfexCore ASM/]: GET_CHAR_WIDTH:true
[15:25:44] [Thread-6/INFO] [UfexCore ASM/]: TRIM_STRING_TO_WIDTH:true
[15:25:44] [Thread-6/INFO] [UfexCore ASM/]: SET_UNICODE_FLAG:true
[15:25:44] [Thread-6/INFO] [UfexCore ASM/]: SIZE_STRING_TO_WIDTH:true
[15:25:44] [Thread-6/INFO] [UfexCore ASM/]: ** FontRenderer was completely transformed.
[15:25:44] [Thread-6/INFO] [UfexCore ASM/]: accept done
[15:25:44] [Thread-6/DEBUG] [mixin/]: Mixing angelica.fontrenderer.MixinFontRenderer from mixins.angelica.early.json into net.minecraft.client.gui.FontRenderer
[15:25:44] [Thread-6/TRACE] [mixin/]: Added class metadata for net/minecraft/client/resources/IResourceManagerReloadListener to metadata cache
[15:25:44] [Thread-6/DEBUG] [mixin/]: mixins.angelica.early.json:angelica.fontrenderer.MixinFontRenderer from mod angelica->@Inject::angelica$injectBatcher(Lnet/minecraft/client/settings/GameSettings;Lnet/minecraft/util/ResourceLocation;Lnet/minecraft/client/renderer/texture/TextureManager;ZLorg/spongepowered/asm/mixin/injection/callback/CallbackInfo;)V doesn't use it's CallbackInfo
[15:25:44] [Thread-6/DEBUG] [mixin/]: mixins.angelica.early.json:angelica.fontrenderer.MixinFontRenderer from mod angelica->@Inject::angelica$injectBatcher(Lnet/minecraft/client/settings/GameSettings;Lnet/minecraft/util/ResourceLocation;Lnet/minecraft/client/renderer/texture/TextureManager;ZLorg/spongepowered/asm/mixin/injection/callback/CallbackInfo;)V has 0 override(s) in child classes
[15:25:44] [Thread-6/DEBUG] [mixin/]: mixins.angelica.early.json:angelica.fontrenderer.MixinFontRenderer from mod angelica->@Inject::angelica$injectBatcher(Lnet/minecraft/client/settings/GameSettings;Lnet/minecraft/util/ResourceLocation;Lnet/minecraft/client/renderer/texture/TextureManager;ZLorg/spongepowered/asm/mixin/injection/callback/CallbackInfo;)V won't be passed a CallbackInfo as a result
[15:25:44] [Thread-6/DEBUG] [mixin/]: mixins.angelica.early.json:angelica.fontrenderer.MixinFontRenderer from mod angelica->@Inject::angelica$BatchedFontRendererDrawString(Ljava/lang/String;IIIZLorg/spongepowered/asm/mixin/injection/callback/CallbackInfoReturnable;)V does use it's CallbackInfoReturnable
[15:25:44] [Thread-6/DEBUG] [mixin/]: mixins.angelica.early.json:angelica.fontrenderer.MixinFontRenderer from mod angelica->@Inject::angelica$BatchedFontRendererRenderString(Ljava/lang/String;IIIZLorg/spongepowered/asm/mixin/injection/callback/CallbackInfoReturnable;)V does use it's CallbackInfoReturnable
[15:25:44] [Client thread/INFO] [coretweaks/]: Loading JarDiscovererCache
[15:25:44] [Thread-6/DEBUG] [FML/]: Bar Finished: Loading Resource - FontTextureManager took 0.000s
[15:25:44] [Client thread/DEBUG] [mixin/]: Mixing fml.EnumHolderAccessor from mixins.gtnhlib.early.json into cpw.mods.fml.common.discovery.asm.ModAnnotation$EnumHolder
[15:25:44] [Thread-6/INFO] [UfexCore ASM/]: Transform: net.minecraft.client.gui.ScaledResolution
[15:25:44] [Thread-6/INFO] [UfexCore ASM/]: Internal name = bca
[15:25:44] [Thread-6/INFO] [UfexCore ASM/]: Transformed name = net.minecraft.client.gui.ScaledResolution
[15:25:44] [Thread-6/INFO] [UfexCore ASM/]: new ClassReader done
[15:25:44] [Thread-6/INFO] [UfexCore ASM/]: new ClassWriter done
[15:25:44] [Thread-6/INFO] [UfexCore ASM/]: new ClassAdapter done
[15:25:44] [Thread-6/INFO] [UfexCore ASM/]: Inserted the hook in ScaledResolution.<init>.
[15:25:44] [Thread-6/INFO] [UfexCore ASM/]: INIT:true
[15:25:44] [Thread-6/INFO] [UfexCore ASM/]: ** ScaledResolution was completely transformed.
[15:25:44] [Thread-6/INFO] [UfexCore ASM/]: accept done
[15:25:44] [Thread-6/DEBUG] [mixin/]: Mixing angelica.bugfixes.MixinScaledResolution_UnicodeFix from mixins.angelica.early.json into net.minecraft.client.gui.ScaledResolution
[15:25:44] [Client thread/DEBUG] [coretweaks/]: Loaded jar discoverer cache with 22 entries in 0.1129108s
[15:25:44] [Client thread/DEBUG] [coretweaks/]: preDiscover F:\载具包临时\test\[Client]BFMC-Client Update 2026-2-16\[Client]BFMC-Client Update 2026-2-16\.minecraft\libraries\net\minecraftforge\forge\1.7.10-10.13.4.1614-1.7.10\forge-1.7.10-10.13.4.1614-1.7.10.jar(hash F:\载具包临时\test\[Client]BFMC-Client Update 2026-2-16\[Client]BFMC-Client Update 2026-2-16\.minecraft\libraries\net\minecraftforge\forge\1.7.10-10.13.4.1614-1.7.10\forge-1.7.10-10.13.4.1614-1.7.10.jar@1687955328798)
[15:25:44] [Client thread/DEBUG] [FML/]: Examining file forge-1.7.10-10.13.4.1614-1.7.10.jar for potential mods
[15:25:44] [Client thread/DEBUG] [FML/]: The mod container forge-1.7.10-10.13.4.1614-1.7.10.jar appears to be missing an mcmod.info file
[15:25:44] [Client thread/DEBUG] [coretweaks/]: preDiscover F:\载具包临时\test\[Client]BFMC-Client Update 2026-2-16\[Client]BFMC-Client Update 2026-2-16\.minecraft\versions\1.7.10\1.7.10.jar(hash F:\载具包临时\test\[Client]BFMC-Client Update 2026-2-16\[Client]BFMC-Client Update 2026-2-16\.minecraft\versions\1.7.10\1.7.10.jar@1758951171909)
[15:25:44] [Client thread/DEBUG] [FML/]: Examining file 1.7.10.jar for potential mods
[15:25:44] [Client thread/DEBUG] [FML/]: The mod container 1.7.10.jar appears to be missing an mcmod.info file
[15:25:44] [Client thread/DEBUG] [coretweaks/]: preDiscover F:\载具包临时\test\[Client]BFMC-Client Update 2026-2-16\[Client]BFMC-Client Update 2026-2-16\.minecraft\mods\!+unimixins-all-1.7.10-0.1.23.jar(hash F:\载具包临时\test\[Client]BFMC-Client Update 2026-2-16\[Client]BFMC-Client Update 2026-2-16\.minecraft\mods\!+unimixins-all-1.7.10-0.1.23.jar@1758894008752)
[15:25:44] [Client thread/DEBUG] [FML/]: Examining file !+unimixins-all-1.7.10-0.1.23.jar for potential mods
[15:25:44] [Client thread/TRACE] [FML/]: Located mcmod.info file in file !+unimixins-all-1.7.10-0.1.23.jar
[15:25:44] [Client thread/DEBUG] [FML/]: Identified a mod of type Lcpw/mods/fml/common/Mod; (io.github.legacymoddingmc.unimixins.all.AllModule) - loading
[15:25:44] [Client thread/TRACE] [unimixins/]: Parsed dependency info : [] [] []
[15:25:44] [Client thread/DEBUG] [FML/]: Identified a mod of type Lcpw/mods/fml/common/Mod; (io.github.legacymoddingmc.unimixins.mixin.MixinModule) - loading
[15:25:44] [Client thread/TRACE] [unimixins-mixin/]: Parsed dependency info : [] [] []
[15:25:44] [Client thread/DEBUG] [FML/]: Identified a mod of type Lcpw/mods/fml/common/Mod; (io.github.legacymoddingmc.unimixins.compat.CompatModule) - loading
[15:25:44] [Client thread/TRACE] [unimixins-compat/]: Parsed dependency info : [] [] []
[15:25:44] [Client thread/DEBUG] [FML/]: Identified a mod of type Lcpw/mods/fml/common/Mod; (makamys.mixingasm.forge.MixingasmMod) - loading
[15:25:44] [Client thread/TRACE] [mixingasm/]: Parsed dependency info : [] [] []
[15:25:44] [Client thread/DEBUG] [FML/]: Identified a mod of type Lcpw/mods/fml/common/Mod; (ru.timeconqueror.spongemixins.SpongeMixins) - loading
[15:25:44] [Client thread/TRACE] [spongemixins/]: Parsed dependency info : [] [] []
[15:25:44] [Client thread/DEBUG] [FML/]: Identified a mod of type Lcpw/mods/fml/common/Mod; (io.github.tox1cozz.mixinbooterlegacy.MixinBooterLegacyPlugin$Container) - loading
[15:25:44] [Client thread/TRACE] [mixinbooterlegacy/]: Parsed dependency info : [] [] []
[15:25:44] [Client thread/DEBUG] [FML/]: Identified a mod of type Lcpw/mods/fml/common/Mod; (com.falsepattern.gasstation.GasStation) - loading
[15:25:44] [Client thread/TRACE] [gasstation/]: Parsed dependency info : [] [] []
[15:25:44] [Client thread/DEBUG] [FML/]: Identified a mod of type Lcpw/mods/fml/common/Mod; (com.gtnewhorizon.gtnhmixins.GTNHMixins) - loading
[15:25:44] [Client thread/TRACE] [gtnhmixins/]: Parsed dependency info : [] [] []
[15:25:44] [Client thread/DEBUG] [FML/]: Identified a mod of type Lcpw/mods/fml/common/Mod; (io.github.legacymoddingmc.unimixins.mixinextras.MixinExtrasModule) - loading
[15:25:44] [Client thread/TRACE] [mixinextras/]: Parsed dependency info : [] [] []
[15:25:44] [Client thread/DEBUG] [FML/]: Examining directory 1.7.10 for potential mods
[15:25:44] [Client thread/DEBUG] [FML/]: No mcmod.info file found in directory 1.7.10
[15:25:44] [Client thread/DEBUG] [coretweaks/]: preDiscover F:\载具包临时\test\[Client]BFMC-Client Update 2026-2-16\[Client]BFMC-Client Update 2026-2-16\.minecraft\mods\[创世神] worldedit-forge-mc1.7.10-6.1.1-dist.jar(hash F:\载具包临时\test\[Client]BFMC-Client Update 2026-2-16\[Client]BFMC-Client Update 2026-2-16\.minecraft\mods\[创世神] worldedit-forge-mc1.7.10-6.1.1-dist.jar@1771709778536)
[15:25:44] [Client thread/DEBUG] [FML/]: Examining file [创世神] worldedit-forge-mc1.7.10-6.1.1-dist.jar for potential mods
[15:25:44] [Client thread/TRACE] [FML/]: Located mcmod.info file in file [创世神] worldedit-forge-mc1.7.10-6.1.1-dist.jar
[15:25:44] [Client thread/DEBUG] [FML/]: Identified a mod of type Lcpw/mods/fml/common/Mod; (com.sk89q.worldedit.forge.ForgeWorldEdit) - loading
[15:25:44] [Client thread/TRACE] [worldedit/]: Parsed dependency info : [] [] []
[15:25:44] [Client thread/DEBUG] [coretweaks/]: preDiscover F:\载具包临时\test\[Client]BFMC-Client Update 2026-2-16\[Client]BFMC-Client Update 2026-2-16\.minecraft\mods\Angelica-1.0.0-beta54.jar(hash F:\载具包临时\test\[Client]BFMC-Client Update 2026-2-16\[Client]BFMC-Client Update 2026-2-16\.minecraft\mods\Angelica-1.0.0-beta54.jar@1755685869024)
[15:25:44] [Client thread/DEBUG] [FML/]: Examining file Angelica-1.0.0-beta54.jar for potential mods
[15:25:44] [Client thread/TRACE] [FML/]: Located mcmod.info file in file Angelica-1.0.0-beta54.jar
[15:25:44] [Client thread/DEBUG] [FML/]: Identified a mod of type Lcpw/mods/fml/common/Mod; (me.jellysquid.mods.sodium.client.SodiumClientMod) - loading
[15:25:44] [Client thread/TRACE] [embeddium/]: Parsed dependency info : [] [] []
[15:25:44] [Client thread/DEBUG] [FML/]: Identified a mod of type Lcpw/mods/fml/common/Mod; (com.gtnewhorizons.angelica.AngelicaMod) - loading
[15:25:44] [Client thread/TRACE] [angelica/]: Parsed dependency info : [gtnhlib@[0.6.6,)] [gtnhlib@[0.6.6,), hodgepodge@[2.4.4,), CodeChickenCore@[1.2.0,), archaicfix@[0.7.0,)] [lwjgl3ify@[1.5.3,)]
[15:25:44] [Client thread/DEBUG] [FML/]: Identified a mod of type Lcpw/mods/fml/common/Mod; (jss.notfine.NotFine) - loading
[15:25:44] [Client thread/TRACE] [notfine/]: Parsed dependency info : [] [] []
[15:25:44] [Client thread/DEBUG] [FML/]: Identified a mod of type Lcpw/mods/fml/common/Mod; (jss.notfine.McPatcherForge) - loading
[15:25:44] [Client thread/TRACE] [mcpatcherforge/]: Parsed dependency info : [] [] []
[15:25:44] [Client thread/DEBUG] [coretweaks/]: preDiscover F:\载具包临时\test\[Client]BFMC-Client Update 2026-2-16\[Client]BFMC-Client Update 2026-2-16\.minecraft\mods\ArchitectureCraft-1.7.2-mc1.7.10.jar(hash F:\载具包临时\test\[Client]BFMC-Client Update 2026-2-16\[Client]BFMC-Client Update 2026-2-16\.minecraft\mods\ArchitectureCraft-1.7.2-mc1.7.10.jar@1755687123146)
[15:25:44] [Client thread/DEBUG] [FML/]: Examining file ArchitectureCraft-1.7.2-mc1.7.10.jar for potential mods
[15:25:44] [Client thread/TRACE] [FML/]: Located mcmod.info file in file ArchitectureCraft-1.7.2-mc1.7.10.jar
[15:25:44] [Client thread/DEBUG] [FML/]: Identified a mod of type Lcpw/mods/fml/common/Mod; (gcewing.architecture.ArchitectureCraft) - loading
[15:25:44] [Client thread/TRACE] [ArchitectureCraft/]: Parsed dependency info : [] [] []
[15:25:44] [Client thread/DEBUG] [coretweaks/]: preDiscover F:\载具包临时\test\[Client]BFMC-Client Update 2026-2-16\[Client]BFMC-Client Update 2026-2-16\.minecraft\mods\CoreTweaks-1.7.10-0.3.3.2.jar(hash F:\载具包临时\test\[Client]BFMC-Client Update 2026-2-16\[Client]BFMC-Client Update 2026-2-16\.minecraft\mods\CoreTweaks-1.7.10-0.3.3.2.jar@1708590282379)
[15:25:44] [Client thread/DEBUG] [FML/]: Examining file CoreTweaks-1.7.10-0.3.3.2.jar for potential mods
[15:25:44] [Client thread/TRACE] [FML/]: Located mcmod.info file in file CoreTweaks-1.7.10-0.3.3.2.jar
[15:25:44] [Client thread/DEBUG] [FML/]: Identified a mod of type Lcpw/mods/fml/common/Mod; (makamys.coretweaks.CoreTweaksMod) - loading
[15:25:44] [Client thread/TRACE] [coretweaks/]: Parsed dependency info : [] [] []
[15:25:44] [Client thread/DEBUG] [coretweaks/]: preDiscover F:\载具包临时\test\[Client]BFMC-Client Update 2026-2-16\[Client]BFMC-Client Update 2026-2-16\.minecraft\mods\CustomMainMenu.jar(hash F:\载具包临时\test\[Client]BFMC-Client Update 2026-2-16\[Client]BFMC-Client Update 2026-2-16\.minecraft\mods\CustomMainMenu.jar@1755694071243)
[15:25:44] [Client thread/DEBUG] [FML/]: Examining file CustomMainMenu.jar for potential mods
[15:25:44] [Client thread/TRACE] [FML/]: Located mcmod.info file in file CustomMainMenu.jar
[15:25:44] [Client thread/DEBUG] [FML/]: Identified a mod of type Lcpw/mods/fml/common/Mod; (lumien.custommainmenu.CustomMainMenu) - loading
[15:25:44] [Client thread/TRACE] [CustomMainMenu/]: Parsed dependency info : [] [] []
[15:25:44] [Client thread/DEBUG] [coretweaks/]: preDiscover F:\载具包临时\test\[Client]BFMC-Client Update 2026-2-16\[Client]BFMC-Client Update 2026-2-16\.minecraft\mods\DamageMarkMod-1.7.10-2.3-BFMC.jar(hash F:\载具包临时\test\[Client]BFMC-Client Update 2026-2-16\[Client]BFMC-Client Update 2026-2-16\.minecraft\mods\DamageMarkMod-1.7.10-2.3-BFMC.jar@1693374850318)
[15:25:44] [Client thread/DEBUG] [FML/]: Examining file DamageMarkMod-1.7.10-2.3-BFMC.jar for potential mods
[15:25:44] [Client thread/TRACE] [FML/]: Located mcmod.info file in file DamageMarkMod-1.7.10-2.3-BFMC.jar
[15:25:44] [Client thread/DEBUG] [FML/]: Identified a mod of type Lcpw/mods/fml/common/Mod; (com.damageIndicate.damageIndicatemod.Giccqer) - loading
[15:25:44] [Client thread/TRACE] [damagemark/]: Parsed dependency info : [] [] []
[15:25:44] [Client thread/DEBUG] [coretweaks/]: preDiscover F:\载具包临时\test\[Client]BFMC-Client Update 2026-2-16\[Client]BFMC-Client Update 2026-2-16\.minecraft\mods\EntityRenderDistanceExtender-1.0c.jar(hash F:\载具包临时\test\[Client]BFMC-Client Update 2026-2-16\[Client]BFMC-Client Update 2026-2-16\.minecraft\mods\EntityRenderDistanceExtender-1.0c.jar@1741198404757)
[15:25:44] [Client thread/DEBUG] [FML/]: Examining file EntityRenderDistanceExtender-1.0c.jar for potential mods
[15:25:44] [Client thread/TRACE] [FML/]: Located mcmod.info file in file EntityRenderDistanceExtender-1.0c.jar
[15:25:44] [Client thread/DEBUG] [FML/]: Identified a mod of type Lcpw/mods/fml/common/Mod; (net.tclproject.erde.ERDE) - loading
[15:25:44] [Client thread/TRACE] [erde/]: Parsed dependency info : [] [] []
[15:25:44] [Client thread/DEBUG] [coretweaks/]: preDiscover F:\载具包临时\test\[Client]BFMC-Client Update 2026-2-16\[Client]BFMC-Client Update 2026-2-16\.minecraft\mods\Flan's Mod Ultimate-1.58-Reforged.jar(hash F:\载具包临时\test\[Client]BFMC-Client Update 2026-2-16\[Client]BFMC-Client Update 2026-2-16\.minecraft\mods\Flan's Mod Ultimate-1.58-Reforged.jar@1771140896458)
[15:25:44] [Client thread/DEBUG] [FML/]: Examining file Flan's Mod Ultimate-1.58-Reforged.jar for potential mods
[15:25:44] [Client thread/TRACE] [FML/]: Located mcmod.info file in file Flan's Mod Ultimate-1.58-Reforged.jar
[15:25:44] [Client thread/DEBUG] [FML/]: Identified a mod of type Lcpw/mods/fml/common/Mod; (com.flansmod.common.FlansMod) - loading
[15:25:44] [Client thread/TRACE] [flansmod/]: Parsed dependency info : [] [] []
[15:25:44] [Client thread/DEBUG] [coretweaks/]: preDiscover F:\载具包临时\test\[Client]BFMC-Client Update 2026-2-16\[Client]BFMC-Client Update 2026-2-16\.minecraft\mods\GTNH-Lib-0.6.39.jar(hash F:\载具包临时\test\[Client]BFMC-Client Update 2026-2-16\[Client]BFMC-Client Update 2026-2-16\.minecraft\mods\GTNH-Lib-0.6.39.jar@1755685867091)
[15:25:44] [Client thread/DEBUG] [FML/]: Examining file GTNH-Lib-0.6.39.jar for potential mods
[15:25:44] [Client thread/TRACE] [FML/]: Located mcmod.info file in file GTNH-Lib-0.6.39.jar
[15:25:44] [Client thread/DEBUG] [FML/]: Identified a mod of type Lcpw/mods/fml/common/Mod; (com.gtnewhorizon.gtnhlib.GTNHLib) - loading
[15:25:44] [Client thread/TRACE] [gtnhlib/]: Parsed dependency info : [] [] []
[15:25:44] [Client thread/ERROR] [FML/]: Unable to read a class file correctly
java.lang.IllegalArgumentException
	at org.objectweb.asm.ClassReader.<init>(Unknown Source) ~[asm-all-5.0.3.jar:5.0.3]
	at org.objectweb.asm.ClassReader.<init>(Unknown Source) ~[asm-all-5.0.3.jar:5.0.3]
	at org.objectweb.asm.ClassReader.<init>(Unknown Source) ~[asm-all-5.0.3.jar:5.0.3]
	at cpw.mods.fml.common.discovery.asm.ASMModParser.<init>(ASMModParser.java:52) [ASMModParser.class:?]
	at cpw.mods.fml.common.discovery.JarDiscoverer.redirect$zzc000$coretweaks$redirectNewASMModParser(JarDiscoverer.java:561) [JarDiscoverer.class:?]
	at cpw.mods.fml.common.discovery.JarDiscoverer.discover(JarDiscoverer.java:72) [JarDiscoverer.class:?]
	at cpw.mods.fml.common.discovery.ContainerType.findMods(ContainerType.java:42) [ContainerType.class:?]
	at cpw.mods.fml.common.discovery.ModCandidate.explore(ModCandidate.java:71) [ModCandidate.class:?]
	at cpw.mods.fml.common.discovery.ModDiscoverer.identifyMods(ModDiscoverer.java:131) [ModDiscoverer.class:?]
	at cpw.mods.fml.common.Loader.identifyMods(Loader.java:364) [Loader.class:?]
	at cpw.mods.fml.common.Loader.loadMods(Loader.java:489) [Loader.class:?]
	at cpw.mods.fml.client.FMLClientHandler.beginMinecraftLoading(FMLClientHandler.java:208) [FMLClientHandler.class:?]
	at net.minecraft.client.Minecraft.func_71384_a(Minecraft.java:480) [bao.class:?]
	at net.minecraft.client.Minecraft.func_99999_d(Minecraft.java:4993) [bao.class:?]
	at net.minecraft.client.main.Main.main(SourceFile:148) [Main.class:?]
	at sun.reflect.NativeMethodAccessorImpl.invoke0(Native Method) ~[?:1.8.0_301]
	at sun.reflect.NativeMethodAccessorImpl.invoke(Unknown Source) ~[?:1.8.0_301]
	at sun.reflect.DelegatingMethodAccessorImpl.invoke(Unknown Source) ~[?:1.8.0_301]
	at java.lang.reflect.Method.invoke(Unknown Source) ~[?:1.8.0_301]
	at net.minecraft.launchwrapper.Launch.launch(Launch.java:135) [launchwrapper-1.12.jar:?]
	at net.minecraft.launchwrapper.Launch.main(Launch.java:28) [launchwrapper-1.12.jar:?]
[15:25:44] [Client thread/ERROR] [FML/]: There was a problem reading the entry META-INF/versions/17/com/gtnewhorizon/gtnhlib/bytebuf/CheckIntrinsics$Lwjgl3ifyAllocator.class in the jar F:\载具包临时\test\[Client]BFMC-Client Update 2026-2-16\[Client]BFMC-Client Update 2026-2-16\.minecraft\mods\GTNH-Lib-0.6.39.jar - probably a corrupt zip
cpw.mods.fml.common.LoaderException: java.lang.IllegalArgumentException

	at cpw.mods.fml.common.discovery.asm.ASMModParser.<init>(ASMModParser.java:58) ~[ASMModParser.class:?]
	at cpw.mods.fml.common.discovery.JarDiscoverer.redirect$zzc000$coretweaks$redirectNewASMModParser(JarDiscoverer.java:561) ~[JarDiscoverer.class:?]
	at cpw.mods.fml.common.discovery.JarDiscoverer.discover(JarDiscoverer.java:72) [JarDiscoverer.class:?]
	at cpw.mods.fml.common.discovery.ContainerType.findMods(ContainerType.java:42) [ContainerType.class:?]
	at cpw.mods.fml.common.discovery.ModCandidate.explore(ModCandidate.java:71) [ModCandidate.class:?]
	at cpw.mods.fml.common.discovery.ModDiscoverer.identifyMods(ModDiscoverer.java:131) [ModDiscoverer.class:?]
	at cpw.mods.fml.common.Loader.identifyMods(Loader.java:364) [Loader.class:?]
	at cpw.mods.fml.common.Loader.loadMods(Loader.java:489) [Loader.class:?]
	at cpw.mods.fml.client.FMLClientHandler.beginMinecraftLoading(FMLClientHandler.java:208) [FMLClientHandler.class:?]
	at net.minecraft.client.Minecraft.func_71384_a(Minecraft.java:480) [bao.class:?]
	at net.minecraft.client.Minecraft.func_99999_d(Minecraft.java:4993) [bao.class:?]
	at net.minecraft.client.main.Main.main(SourceFile:148) [Main.class:?]
	at sun.reflect.NativeMethodAccessorImpl.invoke0(Native Method) ~[?:1.8.0_301]
	at sun.reflect.NativeMethodAccessorImpl.invoke(Unknown Source) ~[?:1.8.0_301]
	at sun.reflect.DelegatingMethodAccessorImpl.invoke(Unknown Source) ~[?:1.8.0_301]
	at java.lang.reflect.Method.invoke(Unknown Source) ~[?:1.8.0_301]
	at net.minecraft.launchwrapper.Launch.launch(Launch.java:135) [launchwrapper-1.12.jar:?]
	at net.minecraft.launchwrapper.Launch.main(Launch.java:28) [launchwrapper-1.12.jar:?]
Caused by: java.lang.IllegalArgumentException
	at org.objectweb.asm.ClassReader.<init>(Unknown Source) ~[asm-all-5.0.3.jar:5.0.3]
	at org.objectweb.asm.ClassReader.<init>(Unknown Source) ~[asm-all-5.0.3.jar:5.0.3]
	at org.objectweb.asm.ClassReader.<init>(Unknown Source) ~[asm-all-5.0.3.jar:5.0.3]
	at cpw.mods.fml.common.discovery.asm.ASMModParser.<init>(ASMModParser.java:52) ~[ASMModParser.class:?]
	... 17 more
[15:25:44] [Client thread/WARN] [FML/]: Zip file GTNH-Lib-0.6.39.jar failed to read properly, it will be ignored
cpw.mods.fml.common.LoaderException: java.lang.IllegalArgumentException

	at cpw.mods.fml.common.discovery.asm.ASMModParser.<init>(ASMModParser.java:58) ~[ASMModParser.class:?]
	at cpw.mods.fml.common.discovery.JarDiscoverer.redirect$zzc000$coretweaks$redirectNewASMModParser(JarDiscoverer.java:561) ~[JarDiscoverer.class:?]
	at cpw.mods.fml.common.discovery.JarDiscoverer.discover(JarDiscoverer.java:72) [JarDiscoverer.class:?]
	at cpw.mods.fml.common.discovery.ContainerType.findMods(ContainerType.java:42) [ContainerType.class:?]
	at cpw.mods.fml.common.discovery.ModCandidate.explore(ModCandidate.java:71) [ModCandidate.class:?]
	at cpw.mods.fml.common.discovery.ModDiscoverer.identifyMods(ModDiscoverer.java:131) [ModDiscoverer.class:?]
	at cpw.mods.fml.common.Loader.identifyMods(Loader.java:364) [Loader.class:?]
	at cpw.mods.fml.common.Loader.loadMods(Loader.java:489) [Loader.class:?]
	at cpw.mods.fml.client.FMLClientHandler.beginMinecraftLoading(FMLClientHandler.java:208) [FMLClientHandler.class:?]
	at net.minecraft.client.Minecraft.func_71384_a(Minecraft.java:480) [bao.class:?]
	at net.minecraft.client.Minecraft.func_99999_d(Minecraft.java:4993) [bao.class:?]
	at net.minecraft.client.main.Main.main(SourceFile:148) [Main.class:?]
	at sun.reflect.NativeMethodAccessorImpl.invoke0(Native Method) ~[?:1.8.0_301]
	at sun.reflect.NativeMethodAccessorImpl.invoke(Unknown Source) ~[?:1.8.0_301]
	at sun.reflect.DelegatingMethodAccessorImpl.invoke(Unknown Source) ~[?:1.8.0_301]
	at java.lang.reflect.Method.invoke(Unknown Source) ~[?:1.8.0_301]
	at net.minecraft.launchwrapper.Launch.launch(Launch.java:135) [launchwrapper-1.12.jar:?]
	at net.minecraft.launchwrapper.Launch.main(Launch.java:28) [launchwrapper-1.12.jar:?]
Caused by: java.lang.IllegalArgumentException
	at org.objectweb.asm.ClassReader.<init>(Unknown Source) ~[asm-all-5.0.3.jar:5.0.3]
	at org.objectweb.asm.ClassReader.<init>(Unknown Source) ~[asm-all-5.0.3.jar:5.0.3]
	at org.objectweb.asm.ClassReader.<init>(Unknown Source) ~[asm-all-5.0.3.jar:5.0.3]
	at cpw.mods.fml.common.discovery.asm.ASMModParser.<init>(ASMModParser.java:52) ~[ASMModParser.class:?]
	... 17 more
[15:25:44] [Client thread/DEBUG] [coretweaks/]: preDiscover F:\载具包临时\test\[Client]BFMC-Client Update 2026-2-16\[Client]BFMC-Client Update 2026-2-16\.minecraft\mods\HBM-NTM-[1.0.27_X5649].jar(hash F:\载具包临时\test\[Client]BFMC-Client Update 2026-2-16\[Client]BFMC-Client Update 2026-2-16\.minecraft\mods\HBM-NTM-[1.0.27_X5649].jar@1776351139227)
[15:25:44] [Client thread/DEBUG] [FML/]: Examining file HBM-NTM-[1.0.27_X5649].jar for potential mods
[15:25:44] [Client thread/TRACE] [FML/]: Located mcmod.info file in file HBM-NTM-[1.0.27_X5649].jar
[15:25:44] [Client thread/DEBUG] [FML/]: Identified a mod of type Lcpw/mods/fml/common/Mod; (com.hbm.main.MainRegistry) - loading
[15:25:44] [Client thread/TRACE] [hbm/]: Parsed dependency info : [] [] []
[15:25:44] [Client thread/DEBUG] [coretweaks/]: preDiscover F:\载具包临时\test\[Client]BFMC-Client Update 2026-2-16\[Client]BFMC-Client Update 2026-2-16\.minecraft\mods\Hide+Names-1.7.10-1.1.8.jar(hash F:\载具包临时\test\[Client]BFMC-Client Update 2026-2-16\[Client]BFMC-Client Update 2026-2-16\.minecraft\mods\Hide+Names-1.7.10-1.1.8.jar@1688621100988)
[15:25:44] [Client thread/DEBUG] [FML/]: Examining file Hide+Names-1.7.10-1.1.8.jar for potential mods
[15:25:44] [Client thread/TRACE] [FML/]: Located mcmod.info file in file Hide+Names-1.7.10-1.1.8.jar
[15:25:44] [Client thread/DEBUG] [FML/]: Identified a mod of type Lcpw/mods/fml/common/Mod; (com.tlf.HN.common.HideNames) - loading
[15:25:44] [Client thread/TRACE] [hidenames/]: Parsed dependency info : [] [] []
[15:25:44] [Client thread/DEBUG] [FML/]: Examining directory mcheli for potential mods
[15:25:44] [Client thread/DEBUG] [FML/]: No mcmod.info file found in directory mcheli
[15:25:44] [Client thread/TRACE] [FML/]: Recursing into package assets
[15:25:44] [Client thread/TRACE] [FML/]: Recursing into package assets.mcheli
[15:25:44] [Client thread/TRACE] [FML/]: Recursing into package assets.mcheli.blocks
[15:25:44] [Client thread/TRACE] [FML/]: Recursing into package assets.mcheli.gunners
[15:25:44] [Client thread/TRACE] [FML/]: Recursing into package assets.mcheli.helicopters
[15:25:44] [Client thread/TRACE] [FML/]: Recursing into package assets.mcheli.hud
[15:25:44] [Client thread/TRACE] [FML/]: Recursing into package assets.mcheli.hud.新建文件夹
[15:25:44] [Client thread/TRACE] [FML/]: Recursing into package assets.mcheli.lang
[15:25:44] [Client thread/TRACE] [FML/]: Recursing into package assets.mcheli.lweapon_ammo
[15:25:44] [Client thread/TRACE] [FML/]: Recursing into package assets.mcheli.lweapons
[15:25:44] [Client thread/TRACE] [FML/]: Recursing into package assets.mcheli.models
[15:25:44] [Client thread/TRACE] [FML/]: Recursing into package assets.mcheli.models.blocks
[15:25:44] [Client thread/TRACE] [FML/]: Recursing into package assets.mcheli.models.bullets
[15:25:44] [Client thread/TRACE] [FML/]: Recursing into package assets.mcheli.models.Exhaustflames
[15:25:44] [Client thread/TRACE] [FML/]: Recursing into package assets.mcheli.models.helicopters
[15:25:44] [Client thread/TRACE] [FML/]: Recursing into package assets.mcheli.models.lweapons
[15:25:44] [Client thread/TRACE] [FML/]: Recursing into package assets.mcheli.models.planes
[15:25:44] [Client thread/TRACE] [FML/]: Recursing into package assets.mcheli.models.tanks
[15:25:44] [Client thread/TRACE] [FML/]: Recursing into package assets.mcheli.models.throwable
[15:25:44] [Client thread/TRACE] [FML/]: Recursing into package assets.mcheli.models.vehicles
[15:25:44] [Client thread/TRACE] [FML/]: Recursing into package assets.mcheli.planes
[15:25:44] [Client thread/TRACE] [FML/]: Recursing into package assets.mcheli.shaders
[15:25:44] [Client thread/TRACE] [FML/]: Recursing into package assets.mcheli.shaders.post
[15:25:44] [Client thread/TRACE] [FML/]: Recursing into package assets.mcheli.shaders.program
[15:25:44] [Client thread/TRACE] [FML/]: Recursing into package assets.mcheli.sounds
[15:25:44] [Client thread/TRACE] [FML/]: Recursing into package assets.mcheli.tanks
[15:25:44] [Client thread/TRACE] [FML/]: Recursing into package assets.mcheli.textures
[15:25:44] [Client thread/TRACE] [FML/]: Recursing into package assets.mcheli.textures.blocks
[15:25:44] [Client thread/TRACE] [FML/]: Recursing into package assets.mcheli.textures.bullets
[15:25:44] [Client thread/TRACE] [FML/]: Recursing into package assets.mcheli.textures.coins
[15:25:44] [Client thread/TRACE] [FML/]: Recursing into package assets.mcheli.textures.drafting_table_desc
[15:25:44] [Client thread/TRACE] [FML/]: Recursing into package assets.mcheli.textures.Exhaustflames
[15:25:44] [Client thread/TRACE] [FML/]: Recursing into package assets.mcheli.textures.gui
[15:25:44] [Client thread/TRACE] [FML/]: Recursing into package assets.mcheli.textures.gui.economy
[15:25:44] [Client thread/TRACE] [FML/]: Recursing into package assets.mcheli.textures.helicopters
[15:25:44] [Client thread/TRACE] [FML/]: Recursing into package assets.mcheli.textures.items
[15:25:44] [Client thread/TRACE] [FML/]: Recursing into package assets.mcheli.textures.lweapons
[15:25:44] [Client thread/TRACE] [FML/]: Recursing into package assets.mcheli.textures.mob
[15:25:44] [Client thread/TRACE] [FML/]: Recursing into package assets.mcheli.textures.particles
[15:25:44] [Client thread/TRACE] [FML/]: Recursing into package assets.mcheli.textures.planes
[15:25:44] [Client thread/TRACE] [FML/]: Recursing into package assets.mcheli.textures.sign
[15:25:44] [Client thread/TRACE] [FML/]: Recursing into package assets.mcheli.textures.skins
[15:25:44] [Client thread/TRACE] [FML/]: Recursing into package assets.mcheli.textures.tanks
[15:25:44] [Client thread/TRACE] [FML/]: Recursing into package assets.mcheli.textures.throwable
[15:25:44] [Client thread/TRACE] [FML/]: Recursing into package assets.mcheli.textures.vehicles
[15:25:44] [Client thread/TRACE] [FML/]: Recursing into package assets.mcheli.throwable
[15:25:44] [Client thread/TRACE] [FML/]: Recursing into package assets.mcheli.vehicles
[15:25:44] [Client thread/TRACE] [FML/]: Recursing into package assets.mcheli.weapons
[15:25:44] [Client thread/TRACE] [FML/]: Recursing into package assets.mcheli.weapons - 副本
[15:25:44] [Client thread/TRACE] [FML/]: Recursing into package mcheli
[15:25:44] [Client thread/TRACE] [FML/]: Recursing into package mcheli.aircraft
[15:25:44] [Client thread/TRACE] [FML/]: Recursing into package mcheli.block
[15:25:44] [Client thread/TRACE] [FML/]: Recursing into package mcheli.chain
[15:25:44] [Client thread/TRACE] [FML/]: Recursing into package mcheli.command
[15:25:44] [Client thread/TRACE] [FML/]: Recursing into package mcheli.container
[15:25:44] [Client thread/TRACE] [FML/]: Recursing into package mcheli.debug
[15:25:44] [Client thread/TRACE] [FML/]: Recursing into package mcheli.economy
[15:25:44] [Client thread/TRACE] [FML/]: Recursing into package mcheli.eval
[15:25:44] [Client thread/TRACE] [FML/]: Recursing into package mcheli.eval.eval
[15:25:44] [Client thread/TRACE] [FML/]: Recursing into package mcheli.eval.eval.exp
[15:25:44] [Client thread/TRACE] [FML/]: Recursing into package mcheli.eval.eval.func
[15:25:44] [Client thread/TRACE] [FML/]: Recursing into package mcheli.eval.eval.lex
[15:25:44] [Client thread/TRACE] [FML/]: Recursing into package mcheli.eval.eval.oper
[15:25:44] [Client thread/TRACE] [FML/]: Recursing into package mcheli.eval.eval.ref
[15:25:44] [Client thread/TRACE] [FML/]: Recursing into package mcheli.eval.eval.repl
[15:25:44] [Client thread/TRACE] [FML/]: Recursing into package mcheli.eval.eval.rule
[15:25:44] [Client thread/TRACE] [FML/]: Recursing into package mcheli.eval.eval.srch
[15:25:44] [Client thread/TRACE] [FML/]: Recursing into package mcheli.eval.eval.var
[15:25:44] [Client thread/TRACE] [FML/]: Recursing into package mcheli.eval.util
[15:25:44] [Client thread/TRACE] [FML/]: Recursing into package mcheli.event
[15:25:44] [Client thread/TRACE] [FML/]: Recursing into package mcheli.flare
[15:25:44] [Client thread/TRACE] [FML/]: Recursing into package mcheli.gltd
[15:25:44] [Client thread/TRACE] [FML/]: Recursing into package mcheli.gui
[15:25:44] [Client thread/TRACE] [FML/]: Recursing into package mcheli.helicopter
[15:25:44] [Client thread/TRACE] [FML/]: Recursing into package mcheli.hud
[15:25:44] [Client thread/TRACE] [FML/]: Recursing into package mcheli.lweapon
[15:25:44] [Client thread/DEBUG] [FML/]: Identified a mod of type Lcpw/mods/fml/common/Mod; (mcheli.MCH_MOD) - loading
[15:25:44] [Client thread/TRACE] [mcheli/]: Parsed dependency info : [Forge@[10.13.2.1230,)] [Forge@[10.13.2.1230,)] []
[15:25:44] [Client thread/DEBUG] [mcheli/]: Attempting to load the file version.properties from mcheli to locate a version number for mcheli
[15:25:44] [Client thread/WARN] [mcheli/]: Mod mcheli is missing the required element 'version' and no fallback can be found. Substituting '1.0'.
[15:25:44] [Client thread/TRACE] [FML/]: Recursing into package mcheli.mob
[15:25:44] [Client thread/TRACE] [FML/]: Recursing into package mcheli.multiplay
[15:25:44] [Client thread/TRACE] [FML/]: Recursing into package mcheli.multithread
[15:25:44] [Client thread/TRACE] [FML/]: Recursing into package mcheli.network
[15:25:44] [Client thread/TRACE] [FML/]: Recursing into package mcheli.network.packets
[15:25:44] [Client thread/TRACE] [FML/]: Recursing into package mcheli.parachute
[15:25:44] [Client thread/TRACE] [FML/]: Recursing into package mcheli.particles
[15:25:44] [Client thread/TRACE] [FML/]: Recursing into package mcheli.plane
[15:25:44] [Client thread/TRACE] [FML/]: Recursing into package mcheli.render
[15:25:44] [Client thread/TRACE] [FML/]: Recursing into package mcheli.structure
[15:25:44] [Client thread/TRACE] [FML/]: Recursing into package mcheli.tank
[15:25:44] [Client thread/TRACE] [FML/]: Recursing into package mcheli.throwable
[15:25:44] [Client thread/TRACE] [FML/]: Recursing into package mcheli.tool
[15:25:44] [Client thread/TRACE] [FML/]: Recursing into package mcheli.tool.rangefinder
[15:25:44] [Client thread/TRACE] [FML/]: Recursing into package mcheli.uav
[15:25:44] [Client thread/TRACE] [FML/]: Recursing into package mcheli.vector
[15:25:44] [Client thread/TRACE] [FML/]: Recursing into package mcheli.vehicle
[15:25:44] [Client thread/TRACE] [FML/]: Recursing into package mcheli.weapon
[15:25:44] [Client thread/TRACE] [FML/]: Recursing into package mcheli.wrapper
[15:25:44] [Client thread/TRACE] [FML/]: Recursing into package mcheli.wrapper.modelloader
[15:25:45] [Client thread/DEBUG] [coretweaks/]: preDiscover F:\载具包临时\test\[Client]BFMC-Client Update 2026-2-16\[Client]BFMC-Client Update 2026-2-16\.minecraft\mods\mchr-mixin.jar(hash F:\载具包临时\test\[Client]BFMC-Client Update 2026-2-16\[Client]BFMC-Client Update 2026-2-16\.minecraft\mods\mchr-mixin.jar@1759212212064)
[15:25:45] [Client thread/DEBUG] [FML/]: Examining file mchr-mixin.jar for potential mods
[15:25:45] [Client thread/TRACE] [FML/]: Located mcmod.info file in file mchr-mixin.jar
[15:25:45] [Client thread/DEBUG] [FML/]: Identified a mod of type Lcpw/mods/fml/common/Mod; (net.tv90.mchrmixin.MyMod) - loading
[15:25:45] [Client thread/TRACE] [mchrmixin/]: Parsed dependency info : [] [] []
[15:25:45] [Client thread/DEBUG] [coretweaks/]: preDiscover F:\载具包临时\test\[Client]BFMC-Client Update 2026-2-16\[Client]BFMC-Client Update 2026-2-16\.minecraft\mods\QEMenu.jar(hash F:\载具包临时\test\[Client]BFMC-Client Update 2026-2-16\[Client]BFMC-Client Update 2026-2-16\.minecraft\mods\QEMenu.jar@1688621102850)
[15:25:45] [Client thread/DEBUG] [FML/]: Examining file QEMenu.jar for potential mods
[15:25:45] [Client thread/TRACE] [FML/]: Located mcmod.info file in file QEMenu.jar
[15:25:45] [Client thread/DEBUG] [FML/]: Identified a mod of type Lcpw/mods/fml/common/Mod; (net.saralab.qemenu.common.QEMenu) - loading
[15:25:45] [Client thread/TRACE] [qemenu/]: Parsed dependency info : [] [] []
[15:25:45] [Client thread/DEBUG] [coretweaks/]: preDiscover F:\载具包临时\test\[Client]BFMC-Client Update 2026-2-16\[Client]BFMC-Client Update 2026-2-16\.minecraft\mods\SignPicture-1.7.10-2.8.0-universal.jar(hash F:\载具包临时\test\[Client]BFMC-Client Update 2026-2-16\[Client]BFMC-Client Update 2026-2-16\.minecraft\mods\SignPicture-1.7.10-2.8.0-universal.jar@1755692509481)
[15:25:45] [Client thread/DEBUG] [FML/]: Examining file SignPicture-1.7.10-2.8.0-universal.jar for potential mods
[15:25:45] [Client thread/TRACE] [FML/]: Located mcmod.info file in file SignPicture-1.7.10-2.8.0-universal.jar
[15:25:45] [Client thread/DEBUG] [FML/]: Identified a mod of type Lcpw/mods/fml/common/Mod; (com.kamesuta.mc.signpic.SignPicture) - loading
[15:25:45] [Client thread/TRACE] [signpic/]: Parsed dependency info : [] [] []
[15:25:45] [Client thread/DEBUG] [coretweaks/]: preDiscover F:\载具包临时\test\[Client]BFMC-Client Update 2026-2-16\[Client]BFMC-Client Update 2026-2-16\.minecraft\mods\StepUp-1.0.1-mc1.7.10.jar(hash F:\载具包临时\test\[Client]BFMC-Client Update 2026-2-16\[Client]BFMC-Client Update 2026-2-16\.minecraft\mods\StepUp-1.0.1-mc1.7.10.jar@1698499605271)
[15:25:45] [Client thread/DEBUG] [FML/]: Examining file StepUp-1.0.1-mc1.7.10.jar for potential mods
[15:25:45] [Client thread/TRACE] [FML/]: Located mcmod.info file in file StepUp-1.0.1-mc1.7.10.jar
[15:25:45] [Client thread/DEBUG] [FML/]: Identified a mod of type Lcpw/mods/fml/common/Mod; (com.nottoomanyitems.stepup.Main) - loading
[15:25:45] [Client thread/TRACE] [stepup/]: Parsed dependency info : [] [] []
[15:25:45] [Client thread/DEBUG] [coretweaks/]: preDiscover F:\载具包临时\test\[Client]BFMC-Client Update 2026-2-16\[Client]BFMC-Client Update 2026-2-16\.minecraft\mods\UnicodeFontExtension.jar(hash F:\载具包临时\test\[Client]BFMC-Client Update 2026-2-16\[Client]BFMC-Client Update 2026-2-16\.minecraft\mods\UnicodeFontExtension.jar@1688621102833)
[15:25:45] [Client thread/DEBUG] [FML/]: Examining file UnicodeFontExtension.jar for potential mods
[15:25:45] [Client thread/TRACE] [FML/]: Located mcmod.info file in file UnicodeFontExtension.jar
[15:25:45] [Client thread/DEBUG] [FML/]: Identified a class bre.ufex.mod_UnicodeFontExtension following modloader naming convention but not directly a BaseMod or currently seen subclass
[15:25:45] [Client thread/DEBUG] [FML/]: Identified a mod of type Lcpw/mods/fml/common/Mod; (bre.ufex.mod_UnicodeFontExtension) - loading
[15:25:45] [Client thread/TRACE] [UnicodeFontExtension/]: Parsed dependency info : [] [] [*]
[15:25:45] [Client thread/DEBUG] [UnicodeFontExtension/]: Attempting to load the file version.properties from UnicodeFontExtension.jar to locate a version number for UnicodeFontExtension
[15:25:45] [Client thread/WARN] [UnicodeFontExtension/]: Mod UnicodeFontExtension is missing the required element 'version' and a version.properties file could not be found. Falling back to metadata version 1.7.10-2.7
[15:25:45] [Client thread/INFO] [FML/]: Attempting to reparse the mod container UnicodeFontExtension.jar
[15:25:45] [Client thread/DEBUG] [coretweaks/]: preDiscover F:\载具包临时\test\[Client]BFMC-Client Update 2026-2-16\[Client]BFMC-Client Update 2026-2-16\.minecraft\mods\UnicodeFontExtension.jar(hash F:\载具包临时\test\[Client]BFMC-Client Update 2026-2-16\[Client]BFMC-Client Update 2026-2-16\.minecraft\mods\UnicodeFontExtension.jar@1688621102833)
[15:25:45] [Client thread/DEBUG] [FML/]: Examining file UnicodeFontExtension.jar for potential mods
[15:25:45] [Client thread/TRACE] [FML/]: Located mcmod.info file in file UnicodeFontExtension.jar
[15:25:45] [Client thread/DEBUG] [FML/]: Identified a class bre.ufex.mod_UnicodeFontExtension following modloader naming convention but not directly a BaseMod or currently seen subclass
[15:25:45] [Client thread/DEBUG] [FML/]: Identified a mod of type Lcpw/mods/fml/common/Mod; (bre.ufex.mod_UnicodeFontExtension) - loading
[15:25:45] [Client thread/TRACE] [UnicodeFontExtension/]: Parsed dependency info : [] [] [*]
[15:25:45] [Client thread/DEBUG] [UnicodeFontExtension/]: Attempting to load the file version.properties from UnicodeFontExtension.jar to locate a version number for UnicodeFontExtension
[15:25:45] [Client thread/WARN] [UnicodeFontExtension/]: Mod UnicodeFontExtension is missing the required element 'version' and a version.properties file could not be found. Falling back to metadata version 1.7.10-2.7
[15:25:45] [Client thread/DEBUG] [coretweaks/]: preDiscover F:\载具包临时\test\[Client]BFMC-Client Update 2026-2-16\[Client]BFMC-Client Update 2026-2-16\.minecraft\mods\Vexview.jar(hash F:\载具包临时\test\[Client]BFMC-Client Update 2026-2-16\[Client]BFMC-Client Update 2026-2-16\.minecraft\mods\Vexview.jar@1688621101429)
[15:25:45] [Client thread/DEBUG] [FML/]: Examining file Vexview.jar for potential mods
[15:25:45] [Client thread/TRACE] [FML/]: Located mcmod.info file in file Vexview.jar
[15:25:45] [Client thread/DEBUG] [FML/]: Identified a mod of type Lcpw/mods/fml/common/Mod; (k.k.IiIIIiiiIi) - loading
[15:25:45] [Client thread/TRACE] [vexview/]: Parsed dependency info : [] [] []
[15:25:45] [Client thread/DEBUG] [coretweaks/]: preDiscover F:\载具包临时\test\[Client]BFMC-Client Update 2026-2-16\[Client]BFMC-Client Update 2026-2-16\.minecraft\mods\Xaeros_Minimap_21.10.44_Forge_1.7.10.jar(hash F:\载具包临时\test\[Client]BFMC-Client Update 2026-2-16\[Client]BFMC-Client Update 2026-2-16\.minecraft\mods\Xaeros_Minimap_21.10.44_Forge_1.7.10.jar@1688621102380)
[15:25:45] [Client thread/DEBUG] [FML/]: Examining file Xaeros_Minimap_21.10.44_Forge_1.7.10.jar for potential mods
[15:25:45] [Client thread/TRACE] [FML/]: Located mcmod.info file in file Xaeros_Minimap_21.10.44_Forge_1.7.10.jar
[15:25:45] [Client thread/DEBUG] [FML/]: Identified a mod of type Lcpw/mods/fml/common/Mod; (xaero.minimap.XaeroMinimap) - loading
[15:25:45] [Client thread/TRACE] [XaeroMinimap/]: Parsed dependency info : [] [] []
[15:25:45] [Client thread/DEBUG] [coretweaks/]: preDiscover F:\载具包临时\test\[Client]BFMC-Client Update 2026-2-16\[Client]BFMC-Client Update 2026-2-16\.minecraft\mods\XaerosWorldMap_1.14.1.33_Forge_1.7.10.jar(hash F:\载具包临时\test\[Client]BFMC-Client Update 2026-2-16\[Client]BFMC-Client Update 2026-2-16\.minecraft\mods\XaerosWorldMap_1.14.1.33_Forge_1.7.10.jar@1755693674769)
[15:25:45] [Client thread/DEBUG] [FML/]: Examining file XaerosWorldMap_1.14.1.33_Forge_1.7.10.jar for potential mods
[15:25:45] [Client thread/TRACE] [FML/]: Located mcmod.info file in file XaerosWorldMap_1.14.1.33_Forge_1.7.10.jar
[15:25:45] [Client thread/DEBUG] [FML/]: Identified a mod of type Lcpw/mods/fml/common/Mod; (xaero.map.WorldMap) - loading
[15:25:45] [Client thread/TRACE] [XaeroWorldMap/]: Parsed dependency info : [] [] []
[15:25:45] [Client thread/INFO] [FML/]: Forge Mod Loader has identified 41 mods to load
[15:25:45] [Client thread/DEBUG] [FML/]: Found API cofh.api.energy (owned by CoFHAPI providing CoFHAPI|energy) embedded in hbm
[15:25:45] [Client thread/DEBUG] [FML/]: Found API com.kamesuta.mc.bnnwidget (owned by bnnwidget providing bnnwidget) embedded in signpic
[15:25:45] [Client thread/DEBUG] [FML/]: Found API cofh.api (owned by CoFHLib providing CoFHAPI) embedded in hbm
[15:25:45] [Client thread/TRACE] [FML/]: Removing upstream parent CoFHLib from APIContainer{CoFHAPI|energy:1.7.10R1.0.2}
[15:25:45] [Client thread/DEBUG] [FML/]: Creating API container dummy for API CoFHAPI|energy: owner: CoFHAPI, dependents: [hbm]
[15:25:45] [Client thread/DEBUG] [FML/]: Creating API container dummy for API CoFHAPI: owner: CoFHLib, dependents: [hbm]
[15:25:45] [Client thread/TRACE] [FML/]: APIContainer bnnwidget is it's own parent. skipping
[15:25:45] [Client thread/DEBUG] [FML/]: Creating API container dummy for API bnnwidget: owner: bnnwidget, dependents: [signpic]
[15:25:45] [Client thread/TRACE] [FML/]: Received a system property request ''
[15:25:45] [Client thread/TRACE] [FML/]: System property request managing the state of 0 mods
[15:25:45] [Client thread/DEBUG] [FML/]: After merging, found state information for 0 mods
[15:25:45] [Client thread/DEBUG] [FML/]: Found translations in forge-1.7.10-10.13.4.1614-1.7.10.jar [en_US, en_US, es_ES, fr_FR, ru_RU, de_DE, af_ZA, ar_SA, br_FR, ca_ES, cs_CZ, da_DK, el_GR, fa_IR, fi_FI, he_IL, hu_HU, it_IT, ja_JP, ko_KR, lt_LT, nb_NO, nl_NL, nn_NO, no_NO, pl_PL, pt_BR, pt_PT, ro_RO, sl_SI, sr_SP, sv_SE, tr_TR, uk_UA, vi_VN, zh_CN, zh_TW]
[15:25:45] [Client thread/DEBUG] [FML/]: Found translations in forge-1.7.10-10.13.4.1614-1.7.10.jar [en_US, en_US, es_ES, fr_FR, ru_RU, de_DE, af_ZA, ar_SA, br_FR, ca_ES, cs_CZ, da_DK, el_GR, fa_IR, fi_FI, he_IL, hu_HU, it_IT, ja_JP, ko_KR, lt_LT, nb_NO, nl_NL, nn_NO, no_NO, pl_PL, pt_BR, pt_PT, ro_RO, sl_SI, sr_SP, sv_SE, tr_TR, uk_UA, vi_VN, zh_CN, zh_TW]
[15:25:45] [Client thread/DEBUG] [FML/]: Found translations in UraniumPlus.jar [zh_CN, en_US]
[15:25:45] [Client thread/DEBUG] [unimixins/]: Enabling mod unimixins
[15:25:45] [Client thread/DEBUG] [unimixins-mixin/]: Enabling mod unimixins-mixin
[15:25:45] [Client thread/DEBUG] [unimixins-compat/]: Enabling mod unimixins-compat
[15:25:45] [Client thread/DEBUG] [mixingasm/]: Enabling mod mixingasm
[15:25:45] [Client thread/DEBUG] [spongemixins/]: Enabling mod spongemixins
[15:25:45] [Client thread/DEBUG] [mixinbooterlegacy/]: Enabling mod mixinbooterlegacy
[15:25:45] [Client thread/DEBUG] [gasstation/]: Enabling mod gasstation
[15:25:45] [Client thread/DEBUG] [gtnhmixins/]: Enabling mod gtnhmixins
[15:25:45] [Client thread/DEBUG] [mixinextras/]: Enabling mod mixinextras
[15:25:45] [Client thread/DEBUG] [worldedit/]: Enabling mod worldedit
[15:25:45] [Client thread/DEBUG] [embeddium/]: Enabling mod embeddium
[15:25:45] [Client thread/DEBUG] [FML/]: Found translations in Angelica-1.0.0-beta54.jar [pl_PL, en_US, ru_RU, zh_CN, de_DE, pl_PL, en_US, ru_RU, zh_CN, de_DE]
[15:25:45] [Client thread/DEBUG] [angelica/]: Enabling mod angelica
[15:25:45] [Client thread/DEBUG] [FML/]: Found translations in Angelica-1.0.0-beta54.jar [pl_PL, en_US, ru_RU, zh_CN, de_DE, pl_PL, en_US, ru_RU, zh_CN, de_DE]
[15:25:45] [Client thread/DEBUG] [notfine/]: Enabling mod notfine
[15:25:45] [Client thread/DEBUG] [FML/]: Found translations in Angelica-1.0.0-beta54.jar [pl_PL, en_US, ru_RU, zh_CN, de_DE, pl_PL, en_US, ru_RU, zh_CN, de_DE]
[15:25:45] [Client thread/DEBUG] [mcpatcherforge/]: Enabling mod mcpatcherforge
[15:25:45] [Client thread/DEBUG] [FML/]: Found translations in Angelica-1.0.0-beta54.jar [pl_PL, en_US, ru_RU, zh_CN, de_DE, pl_PL, en_US, ru_RU, zh_CN, de_DE]
[15:25:45] [Client thread/DEBUG] [ArchitectureCraft/]: Enabling mod ArchitectureCraft
[15:25:45] [Client thread/DEBUG] [FML/]: Found translations in ArchitectureCraft-1.7.2-mc1.7.10.jar [en_US]
[15:25:45] [Client thread/DEBUG] [coretweaks/]: Enabling mod coretweaks
[15:25:45] [Client thread/DEBUG] [FML/]: Found translations in CoreTweaks-1.7.10-0.3.3.2.jar [en_US, zh_CN]
[15:25:45] [Client thread/DEBUG] [CustomMainMenu/]: Enabling mod CustomMainMenu
[15:25:45] [Client thread/DEBUG] [damagemark/]: Enabling mod damagemark
[15:25:45] [Client thread/DEBUG] [erde/]: Enabling mod erde
[15:25:45] [Client thread/DEBUG] [flansmod/]: Enabling mod flansmod
[15:25:45] [Client thread/DEBUG] [FML/]: Found translations in Flan's Mod Ultimate-1.58-Reforged.jar [de_DE, en_US, fr_FR, pt_BR, ru_RU, zh_CN]
[15:25:45] [Client thread/DEBUG] [gtnhlib/]: Enabling mod gtnhlib
[15:25:45] [Client thread/DEBUG] [hbm/]: Enabling mod hbm
[15:25:45] [Client thread/DEBUG] [FML/]: Found translations in HBM-NTM-[1.0.27_X5649].jar [de_DE, en_US, fr_FR, it_IT, pl_PL, ru_RU, test, uk_UA, zh_CN]
[15:25:45] [Client thread/DEBUG] [hidenames/]: Enabling mod hidenames
[15:25:45] [Client thread/DEBUG] [mcheli/]: Enabling mod mcheli
[15:25:45] [Client thread/DEBUG] [FML/]: Injecting found translation assets for lang en_US at assets/mcheli/lang/en_US.lang into language system
[15:25:45] [Client thread/DEBUG] [FML/]: Injecting found translation assets for lang ja_JP at assets/mcheli/lang/ja_JP.lang into language system
[15:25:45] [Client thread/DEBUG] [FML/]: Injecting found translation assets for lang ru_RU at assets/mcheli/lang/ru_RU.lang into language system
[15:25:45] [Client thread/DEBUG] [FML/]: Injecting found translation assets for lang zh_CN at assets/mcheli/lang/zh_CN.lang into language system
[15:25:45] [Client thread/DEBUG] [mchrmixin/]: Enabling mod mchrmixin
[15:25:45] [Client thread/DEBUG] [qemenu/]: Enabling mod qemenu
[15:25:45] [Client thread/DEBUG] [FML/]: Found translations in QEMenu.jar [zh_CN]
[15:25:45] [Client thread/DEBUG] [signpic/]: Enabling mod signpic
[15:25:45] [Client thread/DEBUG] [FML/]: Found translations in SignPicture-1.7.10-2.8.0-universal.jar [en_US, ja_JP, zh_TW]
[15:25:45] [Client thread/DEBUG] [stepup/]: Enabling mod stepup
[15:25:45] [Client thread/DEBUG] [UnicodeFontExtension/]: Enabling mod UnicodeFontExtension
[15:25:45] [Client thread/DEBUG] [FML/]: Found translations in UnicodeFontExtension.jar [en_US, ja_JP]
[15:25:45] [Client thread/DEBUG] [vexview/]: Enabling mod vexview
[15:25:45] [Client thread/DEBUG] [FML/]: Found translations in Vexview.jar [en_us, zh_CN]
[15:25:45] [Client thread/DEBUG] [XaeroMinimap/]: Enabling mod XaeroMinimap
[15:25:45] [Client thread/DEBUG] [FML/]: Found translations in Xaeros_Minimap_21.10.44_Forge_1.7.10.jar [cs_CZ, da_DK, de_DE, el_GR, en_US, es_AR, es_ES, es_MX, et_EE, fr_FR, hr_HR, hu_HU, id_ID, it_IT, ja_JP, lv_LV, nl_NL, pl_PL, pt_BR, pt_PT, ru_RU, sr_SP, th_TH, tr_TR, uk_UA]
[15:25:45] [Client thread/DEBUG] [XaeroWorldMap/]: Enabling mod XaeroWorldMap
[15:25:45] [Client thread/DEBUG] [FML/]: Found translations in XaerosWorldMap_1.14.1.33_Forge_1.7.10.jar [de_DE, en_US]
[15:25:45] [Client thread/TRACE] [FML/]: Verifying mod requirements are satisfied
[15:25:45] [Client thread/TRACE] [FML/]: All mod requirements are satisfied
[15:25:45] [Client thread/TRACE] [FML/]: Sorting mods into an ordered list
[15:25:45] [Client thread/TRACE] [FML/]: Mod sorting completed successfully
[15:25:45] [Client thread/DEBUG] [FML/]: Mod sorting data
[15:25:45] [Client thread/DEBUG] [FML/]: 	UnicodeFontExtension(Unicode Font Extension:1.7.10-2.7): UnicodeFontExtension.jar (before:*)
[15:25:45] [Client thread/DEBUG] [FML/]: 	unimixins(UniMixins:0.1.23): !+unimixins-all-1.7.10-0.1.23.jar ()
[15:25:45] [Client thread/DEBUG] [FML/]: 	unimixins-mixin(UniMixins: Mixin (UniMix):0.1.23): !+unimixins-all-1.7.10-0.1.23.jar ()
[15:25:45] [Client thread/DEBUG] [FML/]: 	unimixins-compat(UniMixins: Compatibility:0.1.23): !+unimixins-all-1.7.10-0.1.23.jar ()
[15:25:45] [Client thread/DEBUG] [FML/]: 	mixingasm(UniMixins: Mixingasm:0.3): !+unimixins-all-1.7.10-0.1.23.jar ()
[15:25:45] [Client thread/DEBUG] [FML/]: 	spongemixins(UniMixins: SpongeMixins:2.0.1): !+unimixins-all-1.7.10-0.1.23.jar ()
[15:25:45] [Client thread/DEBUG] [FML/]: 	mixinbooterlegacy(UniMixins: MixinBooterLegacy:1.2.1): !+unimixins-all-1.7.10-0.1.23.jar ()
[15:25:45] [Client thread/DEBUG] [FML/]: 	gasstation(UniMixins: GasStation:0.5.1): !+unimixins-all-1.7.10-0.1.23.jar ()
[15:25:45] [Client thread/DEBUG] [FML/]: 	gtnhmixins(UniMixins: GTNHMixins:2.2.0): !+unimixins-all-1.7.10-0.1.23.jar ()
[15:25:45] [Client thread/DEBUG] [FML/]: 	mixinextras(UniMixins: MixinExtras:0.1.23): !+unimixins-all-1.7.10-0.1.23.jar ()
[15:25:45] [Client thread/DEBUG] [FML/]: 	worldedit(WorldEdit:6.1.1): [创世神] worldedit-forge-mc1.7.10-6.1.1-dist.jar ()
[15:25:45] [Client thread/DEBUG] [FML/]: 	embeddium(Embeddium:1.0.0-beta54): Angelica-1.0.0-beta54.jar ()
[15:25:45] [Client thread/DEBUG] [FML/]: 	gtnhlib(GTNH Lib:0.6.39): GTNH-Lib-0.6.39.jar ()
[15:25:45] [Client thread/DEBUG] [FML/]: 	angelica(Angelica:1.0.0-beta54): Angelica-1.0.0-beta54.jar (required-after:gtnhlib@[0.6.6,);before:lwjgl3ify@[1.5.3,);after:hodgepodge@[2.4.4,);after:CodeChickenCore@[1.2.0,);after:archaicfix@[0.7.0,);)
[15:25:45] [Client thread/DEBUG] [FML/]: 	notfine(NotFine:1.0.0-beta54): Angelica-1.0.0-beta54.jar ()
[15:25:45] [Client thread/DEBUG] [FML/]: 	mcpatcherforge(MCPatcherForge:1.0.0-alpha): Angelica-1.0.0-beta54.jar ()
[15:25:45] [Client thread/DEBUG] [FML/]: 	ArchitectureCraft(ArchitectureCraft:1.7.2): ArchitectureCraft-1.7.2-mc1.7.10.jar ()
[15:25:45] [Client thread/DEBUG] [FML/]: 	coretweaks(CoreTweaks:0.3.3.2): CoreTweaks-1.7.10-0.3.3.2.jar ()
[15:25:45] [Client thread/DEBUG] [FML/]: 	CustomMainMenu(Custom Main Menu:1.9.2): CustomMainMenu.jar ()
[15:25:45] [Client thread/DEBUG] [FML/]: 	damagemark(DamageMark:2.3): DamageMarkMod-1.7.10-2.3-BFMC.jar ()
[15:25:45] [Client thread/DEBUG] [FML/]: 	erde(Entity Render Extender:1.0c): EntityRenderDistanceExtender-1.0c.jar ()
[15:25:45] [Client thread/DEBUG] [FML/]: 	flansmod(Flan's Mod Ultimate (Stability Edition):1.58-Reforged): Flan's Mod Ultimate-1.58-Reforged.jar ()
[15:25:45] [Client thread/DEBUG] [FML/]: 	CoFHAPI(API: CoFHAPI:1.7.10R1.0.2): HBM-NTM-[1.0.27_X5649].jar ()
[15:25:45] [Client thread/DEBUG] [FML/]: 	CoFHAPI|energy(API: CoFHAPI|energy:1.7.10R1.0.2): HBM-NTM-[1.0.27_X5649].jar ()
[15:25:45] [Client thread/DEBUG] [FML/]: 	hbm(Hbm's Nuclear Tech:1.0.27 BETA (5649)): HBM-NTM-[1.0.27_X5649].jar ()
[15:25:45] [Client thread/DEBUG] [FML/]: 	hidenames(Hide Names:1.1.7): Hide+Names-1.7.10-1.1.8.jar ()
[15:25:45] [Client thread/DEBUG] [FML/]: 	mcheli(MCH-Reforged:1.0): mcheli (required-after:Forge@[10.13.2.1230,))
[15:25:45] [Client thread/DEBUG] [FML/]: 	mchrmixin(mchrmixin:1.0): mchr-mixin.jar ()
[15:25:45] [Client thread/DEBUG] [FML/]: 	qemenu(Quick Easy Menu:2.0.3): QEMenu.jar ()
[15:25:45] [Client thread/DEBUG] [FML/]: 	bnnwidget(API: bnnwidget:1.0): SignPicture-1.7.10-2.8.0-universal.jar ()
[15:25:45] [Client thread/DEBUG] [FML/]: 	signpic(SignPicture:2.8.0): SignPicture-1.7.10-2.8.0-universal.jar ()
[15:25:45] [Client thread/DEBUG] [FML/]: 	stepup(StepUp:1.0.1-mc1.7.10): StepUp-1.0.1-mc1.7.10.jar ()
[15:25:45] [Client thread/DEBUG] [FML/]: 	vexview(VexView:2.6.10): Vexview.jar ()
[15:25:45] [Client thread/DEBUG] [FML/]: 	XaeroMinimap(Xaero's Minimap:21.10.23): Xaeros_Minimap_21.10.44_Forge_1.7.10.jar ()
[15:25:45] [Client thread/DEBUG] [FML/]: 	XaeroWorldMap(Xaero's World Map:1.14.1.33): XaerosWorldMap_1.14.1.33_Forge_1.7.10.jar ()
[15:25:45] [Client thread/INFO] [MixinBooter/]: Instantiating all ILateMixinLoader implemented classes...
[15:25:45] [Client thread/DEBUG] [GTNHMixins/]: Searching ASMData for ILateMixinLoaders
[15:25:45] [Client thread/DEBUG] [GTNHMixins/]: LiteLoader not present
[15:25:45] [Client thread/DEBUG] [GTNHMixins/]: LoadedMods [flansmod, erde, CustomMainMenu, vexview, unimixins-compat, Forge, mcpatcherforge, GTNHLib Core, signpic, XaeroMinimap, mchrmixin, mixinbooterlegacy, mcp, unimixins-mixin, UraniumPlus, mixingasm, gtnhmixins, angelica, InputFix, mixinextras, FML, notfine, spongemixins, qemenu, worldedit, stepup, hidenames, xaerominimap_core, gtnhlib, UnicodeFontExtensionCore, UnicodeFontExtension, hbm, unimixins, ArchitectureCraft, mcheli, XaeroWorldMap, xaeroworldmap_core, gasstation, embeddium, coretweaks, damagemark]
[15:25:45] [Client thread/DEBUG] [GTNHMixins/]: Loading mixins from ILateMixinLoader [com.gtnewhorizons.angelica.AngelicaLateMixins]
[15:25:45] [Client thread/DEBUG] [GTNHMixins/]: ITargetMods found during Phase LATE: []
[15:25:45] [Client thread/DEBUG] [GTNHMixins/]: ITargetMods not found during Phase LATE: [SECURITYCRAFT, THAUMCRAFT, TWILIGHT_FOREST, NATURA, MINEFACTORY_RELOADED, CAMPFIRE_BACKPORT, WITCHERY, EXTRAUTILS, TINKERS_CONSTRUCT]
[15:25:45] [Client thread/DEBUG] [GTNHMixins/]: Not loading the following LATE mixins: [client.securitycraft.MixinBlockReinforcedFenceGate, client.securitycraft.MixinBlockReinforcedIronBars, client.extrautils.MixinRenderBlockConnectedTextures, client.extrautils.MixinRenderBlockConnectedTexturesEthereal, client.extrautils.MixinIconConnectedTexture, client.minefactoryreloaded.MixinRedNetCableRenderer, client.campfirebackport.MixinRenderBlockCampfire, notfine.leaves.natura.MixinBerryBush, notfine.leaves.natura.MixinNetherBerryBush, notfine.leaves.thaumcraft.MixinBlockMagicalLeaves, notfine.faceculling.thaumcraft.MixinBlockWoodenDevice, notfine.faceculling.thaumcraft.MixinBlockStoneDevice, notfine.faceculling.thaumcraft.MixinBlockTable, notfine.leaves.tconstruct.MixinOreberryBush, notfine.leaves.witchery.MixinBlockWitchLeaves, notfine.leaves.twilightforest.MixinBlockTFLeaves, notfine.leaves.twilightforest.MixinBlockTFLeaves3, notfine.leaves.twilightforest.MixinBlockTFMagicLeaves]
[15:25:45] [Client thread/DEBUG] [mixin/]: Selecting config mixins.angelica.late.json
[15:25:45] [Client thread/DEBUG] [mixin/]: Preparing mixins.angelica.late.json (0)
[15:25:45] [Client thread/TRACE] [mcp/mcp]: Sending event FMLConstructionEvent to mod mcp
[15:25:45] [Client thread/TRACE] [mcp/mcp]: Sent event FMLConstructionEvent to mod mcp
[15:25:45] [Client thread/DEBUG] [FML/]: Bar Step: Construction - Minecraft Coder Pack took 0.001s
[15:25:45] [Client thread/TRACE] [FML/FML]: Sending event FMLConstructionEvent to mod FML
[15:25:46] [Client thread/TRACE] [FML/FML]: Mod FML is using network checker : Invoking method checkModLists
[15:25:46] [Client thread/TRACE] [FML/FML]: Testing mod FML to verify it accepts its own version in a remote connection
[15:25:46] [Client thread/TRACE] [FML/FML]: The mod FML accepts its own version (7.10.99.99)
[15:25:46] [Client thread/INFO] [FML/FML]: Attempting connection with missing mods [mcp, FML, Forge, InputFix, UnicodeFontExtensionCore, UraniumPlus, xaerominimap_core, xaeroworldmap_core, GTNHLib Core, unimixins, unimixins-mixin, unimixins-compat, mixingasm, spongemixins, mixinbooterlegacy, gasstation, gtnhmixins, mixinextras, worldedit, embeddium, angelica, notfine, mcpatcherforge, ArchitectureCraft, coretweaks, CustomMainMenu, damagemark, erde, flansmod, gtnhlib, hbm, hidenames, mcheli, mchrmixin, qemenu, signpic, stepup, UnicodeFontExtension, vexview, XaeroMinimap, XaeroWorldMap] at CLIENT
[15:25:46] [Client thread/INFO] [FML/FML]: Attempting connection with missing mods [mcp, FML, Forge, InputFix, UnicodeFontExtensionCore, UraniumPlus, xaerominimap_core, xaeroworldmap_core, GTNHLib Core, unimixins, unimixins-mixin, unimixins-compat, mixingasm, spongemixins, mixinbooterlegacy, gasstation, gtnhmixins, mixinextras, worldedit, embeddium, angelica, notfine, mcpatcherforge, ArchitectureCraft, coretweaks, CustomMainMenu, damagemark, erde, flansmod, gtnhlib, hbm, hidenames, mcheli, mchrmixin, qemenu, signpic, stepup, UnicodeFontExtension, vexview, XaeroMinimap, XaeroWorldMap] at SERVER
[15:25:46] [Client thread/TRACE] [FML/FML]: Sent event FMLConstructionEvent to mod FML
[15:25:46] [Client thread/DEBUG] [FML/]: Bar Step: Construction - Forge Mod Loader took 0.516s
[15:25:46] [Client thread/TRACE] [Forge/Forge]: Sending event FMLConstructionEvent to mod Forge
[15:25:46] [Client thread/TRACE] [FML/Forge]: Mod Forge is using network checker : No network checking performed
[15:25:46] [Client thread/TRACE] [FML/Forge]: Testing mod Forge to verify it accepts its own version in a remote connection
[15:25:46] [Client thread/TRACE] [FML/Forge]: The mod Forge accepts its own version (10.13.4.1614)
[15:25:46] [Client thread/TRACE] [Forge/Forge]: Sent event FMLConstructionEvent to mod Forge
[15:25:46] [Client thread/DEBUG] [FML/]: Bar Step: Construction - Minecraft Forge took 0.005s
[15:25:46] [Client thread/TRACE] [InputFix/InputFix]: Sending event FMLConstructionEvent to mod InputFix
[15:25:46] [Client thread/TRACE] [InputFix/InputFix]: Sent event FMLConstructionEvent to mod InputFix
[15:25:46] [Client thread/DEBUG] [FML/]: Bar Step: Construction - InputFix took 0.000s
[15:25:46] [Client thread/TRACE] [UnicodeFontExtensionCore/UnicodeFontExtensionCore]: Sending event FMLConstructionEvent to mod UnicodeFontExtensionCore
[15:25:46] [Client thread/TRACE] [UnicodeFontExtensionCore/UnicodeFontExtensionCore]: Sent event FMLConstructionEvent to mod UnicodeFontExtensionCore
[15:25:46] [Client thread/DEBUG] [FML/]: Bar Step: Construction - Unicode Font Extension Core took 0.000s
[15:25:46] [Client thread/TRACE] [UraniumPlus/UraniumPlus]: Sending event FMLConstructionEvent to mod UraniumPlus
[15:25:46] [Client thread/TRACE] [UraniumPlus/UraniumPlus]: Sent event FMLConstructionEvent to mod UraniumPlus
[15:25:46] [Client thread/DEBUG] [FML/]: Bar Step: Construction - Added title and actionbar support for client and server took 0.000s
[15:25:46] [Client thread/TRACE] [xaerominimap_core/xaerominimap_core]: Sending event FMLConstructionEvent to mod xaerominimap_core
[15:25:46] [Client thread/TRACE] [xaerominimap_core/xaerominimap_core]: Sent event FMLConstructionEvent to mod xaerominimap_core
[15:25:46] [Client thread/DEBUG] [FML/]: Bar Step: Construction - XaeroMinimapCore took 0.000s
[15:25:46] [Client thread/TRACE] [xaeroworldmap_core/xaeroworldmap_core]: Sending event FMLConstructionEvent to mod xaeroworldmap_core
[15:25:46] [Client thread/TRACE] [xaeroworldmap_core/xaeroworldmap_core]: Sent event FMLConstructionEvent to mod xaeroworldmap_core
[15:25:46] [Client thread/DEBUG] [FML/]: Bar Step: Construction - XaeroWorldMapCore took 0.000s
[15:25:46] [Client thread/TRACE] [GTNHLib Core/GTNHLib Core]: Sending event FMLConstructionEvent to mod GTNHLib Core
[15:25:46] [Client thread/TRACE] [GTNHLib Core/GTNHLib Core]: Sent event FMLConstructionEvent to mod GTNHLib Core
[15:25:46] [Client thread/DEBUG] [FML/]: Bar Step: Construction - GTNHLib Core took 0.003s
[15:25:46] [Client thread/TRACE] [UnicodeFontExtension/UnicodeFontExtension]: Sending event FMLConstructionEvent to mod UnicodeFontExtension
[15:25:46] [Client thread/TRACE] [FML/UnicodeFontExtension]: Mod UnicodeFontExtension is using network checker : Accepting version 1.7.10-2.7
[15:25:46] [Client thread/TRACE] [FML/UnicodeFontExtension]: Testing mod UnicodeFontExtension to verify it accepts its own version in a remote connection
[15:25:46] [Client thread/TRACE] [FML/UnicodeFontExtension]: The mod UnicodeFontExtension accepts its own version (1.7.10-2.7)
[15:25:46] [Client thread/DEBUG] [FML/UnicodeFontExtension]: Attempting to inject @SidedProxy classes into UnicodeFontExtension
[15:25:46] [Client thread/TRACE] [UnicodeFontExtension/UnicodeFontExtension]: Sent event FMLConstructionEvent to mod UnicodeFontExtension
[15:25:46] [Client thread/DEBUG] [FML/]: Bar Step: Construction - Unicode Font Extension took 0.010s
[15:25:46] [Client thread/TRACE] [unimixins/unimixins]: Sending event FMLConstructionEvent to mod unimixins
[15:25:46] [Client thread/TRACE] [FML/unimixins]: Mod unimixins is using network checker : No network checking performed
[15:25:46] [Client thread/TRACE] [FML/unimixins]: Testing mod unimixins to verify it accepts its own version in a remote connection
[15:25:46] [Client thread/TRACE] [FML/unimixins]: The mod unimixins accepts its own version (0.1.23)
[15:25:46] [Client thread/DEBUG] [FML/unimixins]: Attempting to inject @SidedProxy classes into unimixins
[15:25:46] [Client thread/TRACE] [unimixins/unimixins]: Sent event FMLConstructionEvent to mod unimixins
[15:25:46] [Client thread/DEBUG] [FML/]: Bar Step: Construction - UniMixins took 0.001s
[15:25:46] [Client thread/TRACE] [unimixins-mixin/unimixins-mixin]: Sending event FMLConstructionEvent to mod unimixins-mixin
[15:25:46] [Client thread/TRACE] [FML/unimixins-mixin]: Mod unimixins-mixin is using network checker : No network checking performed
[15:25:46] [Client thread/TRACE] [FML/unimixins-mixin]: Testing mod unimixins-mixin to verify it accepts its own version in a remote connection
[15:25:46] [Client thread/TRACE] [FML/unimixins-mixin]: The mod unimixins-mixin accepts its own version (0.1.23)
[15:25:46] [Client thread/DEBUG] [FML/unimixins-mixin]: Attempting to inject @SidedProxy classes into unimixins-mixin
[15:25:46] [Client thread/TRACE] [unimixins-mixin/unimixins-mixin]: Sent event FMLConstructionEvent to mod unimixins-mixin
[15:25:46] [Client thread/DEBUG] [FML/]: Bar Step: Construction - UniMixins: Mixin (UniMix) took 0.001s
[15:25:46] [Client thread/TRACE] [unimixins-compat/unimixins-compat]: Sending event FMLConstructionEvent to mod unimixins-compat
[15:25:46] [Client thread/TRACE] [FML/unimixins-compat]: Mod unimixins-compat is using network checker : No network checking performed
[15:25:46] [Client thread/TRACE] [FML/unimixins-compat]: Testing mod unimixins-compat to verify it accepts its own version in a remote connection
[15:25:46] [Client thread/TRACE] [FML/unimixins-compat]: The mod unimixins-compat accepts its own version (0.1.23)
[15:25:46] [Client thread/DEBUG] [FML/unimixins-compat]: Attempting to inject @SidedProxy classes into unimixins-compat
[15:25:46] [Client thread/TRACE] [unimixins-compat/unimixins-compat]: Sent event FMLConstructionEvent to mod unimixins-compat
[15:25:46] [Client thread/DEBUG] [FML/]: Bar Step: Construction - UniMixins: Compatibility took 0.001s
[15:25:46] [Client thread/TRACE] [mixingasm/mixingasm]: Sending event FMLConstructionEvent to mod mixingasm
[15:25:46] [Client thread/TRACE] [FML/mixingasm]: Mod mixingasm is using network checker : No network checking performed
[15:25:46] [Client thread/TRACE] [FML/mixingasm]: Testing mod mixingasm to verify it accepts its own version in a remote connection
[15:25:46] [Client thread/TRACE] [FML/mixingasm]: The mod mixingasm accepts its own version (0.3)
[15:25:46] [Client thread/DEBUG] [FML/mixingasm]: Attempting to inject @SidedProxy classes into mixingasm
[15:25:46] [Client thread/TRACE] [mixingasm/mixingasm]: Sent event FMLConstructionEvent to mod mixingasm
[15:25:46] [Client thread/DEBUG] [FML/]: Bar Step: Construction - UniMixins: Mixingasm took 0.001s
[15:25:46] [Client thread/TRACE] [spongemixins/spongemixins]: Sending event FMLConstructionEvent to mod spongemixins
[15:25:46] [Client thread/TRACE] [FML/spongemixins]: Mod spongemixins is using network checker : No network checking performed
[15:25:46] [Client thread/TRACE] [FML/spongemixins]: Testing mod spongemixins to verify it accepts its own version in a remote connection
[15:25:46] [Client thread/TRACE] [FML/spongemixins]: The mod spongemixins accepts its own version (2.0.1)
[15:25:46] [Client thread/DEBUG] [FML/spongemixins]: Attempting to inject @SidedProxy classes into spongemixins
[15:25:46] [Client thread/TRACE] [spongemixins/spongemixins]: Sent event FMLConstructionEvent to mod spongemixins
[15:25:46] [Client thread/DEBUG] [FML/]: Bar Step: Construction - UniMixins: SpongeMixins took 0.001s
[15:25:46] [Client thread/TRACE] [mixinbooterlegacy/mixinbooterlegacy]: Sending event FMLConstructionEvent to mod mixinbooterlegacy
[15:25:46] [Client thread/TRACE] [FML/mixinbooterlegacy]: Mod mixinbooterlegacy is using network checker : No network checking performed
[15:25:46] [Client thread/TRACE] [FML/mixinbooterlegacy]: Testing mod mixinbooterlegacy to verify it accepts its own version in a remote connection
[15:25:46] [Client thread/TRACE] [FML/mixinbooterlegacy]: The mod mixinbooterlegacy accepts its own version (1.2.1)
[15:25:46] [Client thread/DEBUG] [FML/mixinbooterlegacy]: Attempting to inject @SidedProxy classes into mixinbooterlegacy
[15:25:46] [Client thread/TRACE] [mixinbooterlegacy/mixinbooterlegacy]: Sent event FMLConstructionEvent to mod mixinbooterlegacy
[15:25:46] [Client thread/DEBUG] [FML/]: Bar Step: Construction - UniMixins: MixinBooterLegacy took 0.001s
[15:25:46] [Client thread/TRACE] [gasstation/gasstation]: Sending event FMLConstructionEvent to mod gasstation
[15:25:46] [Client thread/TRACE] [FML/gasstation]: Mod gasstation is using network checker : No network checking performed
[15:25:46] [Client thread/TRACE] [FML/gasstation]: Testing mod gasstation to verify it accepts its own version in a remote connection
[15:25:46] [Client thread/TRACE] [FML/gasstation]: The mod gasstation accepts its own version (0.5.1)
[15:25:46] [Client thread/DEBUG] [FML/gasstation]: Attempting to inject @SidedProxy classes into gasstation
[15:25:46] [Client thread/TRACE] [gasstation/gasstation]: Sent event FMLConstructionEvent to mod gasstation
[15:25:46] [Client thread/DEBUG] [FML/]: Bar Step: Construction - UniMixins: GasStation took 0.001s
[15:25:46] [Client thread/TRACE] [gtnhmixins/gtnhmixins]: Sending event FMLConstructionEvent to mod gtnhmixins
[15:25:46] [Client thread/TRACE] [FML/gtnhmixins]: Mod gtnhmixins is using network checker : No network checking performed
[15:25:46] [Client thread/TRACE] [FML/gtnhmixins]: Testing mod gtnhmixins to verify it accepts its own version in a remote connection
[15:25:46] [Client thread/TRACE] [FML/gtnhmixins]: The mod gtnhmixins accepts its own version (2.2.0)
[15:25:46] [Client thread/DEBUG] [FML/gtnhmixins]: Attempting to inject @SidedProxy classes into gtnhmixins
[15:25:46] [Client thread/TRACE] [gtnhmixins/gtnhmixins]: Sent event FMLConstructionEvent to mod gtnhmixins
[15:25:46] [Client thread/DEBUG] [FML/]: Bar Step: Construction - UniMixins: GTNHMixins took 0.000s
[15:25:46] [Client thread/TRACE] [mixinextras/mixinextras]: Sending event FMLConstructionEvent to mod mixinextras
[15:25:46] [Client thread/TRACE] [FML/mixinextras]: Mod mixinextras is using network checker : No network checking performed
[15:25:46] [Client thread/TRACE] [FML/mixinextras]: Testing mod mixinextras to verify it accepts its own version in a remote connection
[15:25:46] [Client thread/TRACE] [FML/mixinextras]: The mod mixinextras accepts its own version (0.1.23)
[15:25:46] [Client thread/DEBUG] [FML/mixinextras]: Attempting to inject @SidedProxy classes into mixinextras
[15:25:46] [Client thread/TRACE] [mixinextras/mixinextras]: Sent event FMLConstructionEvent to mod mixinextras
[15:25:46] [Client thread/DEBUG] [FML/]: Bar Step: Construction - UniMixins: MixinExtras took 0.001s
[15:25:46] [Client thread/TRACE] [worldedit/worldedit]: Sending event FMLConstructionEvent to mod worldedit
[15:25:46] [Client thread/TRACE] [FML/worldedit]: Mod worldedit is using network checker : No network checking performed
[15:25:46] [Client thread/TRACE] [FML/worldedit]: Testing mod worldedit to verify it accepts its own version in a remote connection
[15:25:46] [Client thread/TRACE] [FML/worldedit]: The mod worldedit accepts its own version (6.1.1)
[15:25:46] [Client thread/DEBUG] [FML/worldedit]: Attempting to inject @SidedProxy classes into worldedit
[15:25:46] [Client thread/TRACE] [worldedit/worldedit]: Sent event FMLConstructionEvent to mod worldedit
[15:25:46] [Client thread/DEBUG] [FML/]: Bar Step: Construction - WorldEdit took 0.017s
[15:25:46] [Client thread/TRACE] [embeddium/embeddium]: Sending event FMLConstructionEvent to mod embeddium
[15:25:46] [Client thread/TRACE] [FML/embeddium]: Mod embeddium is using network checker : No network checking performed
[15:25:46] [Client thread/TRACE] [FML/embeddium]: Testing mod embeddium to verify it accepts its own version in a remote connection
[15:25:46] [Client thread/TRACE] [FML/embeddium]: The mod embeddium accepts its own version (1.0.0-beta54)
[15:25:46] [Client thread/DEBUG] [FML/embeddium]: Attempting to inject @SidedProxy classes into embeddium
[15:25:46] [Client thread/TRACE] [embeddium/embeddium]: Sent event FMLConstructionEvent to mod embeddium
[15:25:46] [Client thread/DEBUG] [FML/]: Bar Step: Construction - Embeddium took 0.015s
[15:25:46] [Client thread/TRACE] [gtnhlib/gtnhlib]: Sending event FMLConstructionEvent to mod gtnhlib
[15:25:46] [Client thread/TRACE] [FML/gtnhlib]: Mod gtnhlib is using network checker : Accepting range [0.0.13,)
[15:25:46] [Client thread/TRACE] [FML/gtnhlib]: Testing mod gtnhlib to verify it accepts its own version in a remote connection
[15:25:46] [Client thread/TRACE] [FML/gtnhlib]: The mod gtnhlib accepts its own version (0.6.39)
[15:25:46] [Client thread/DEBUG] [FML/gtnhlib]: Attempting to inject @SidedProxy classes into gtnhlib
[15:25:46] [Client thread/TRACE] [gtnhlib/gtnhlib]: Sent event FMLConstructionEvent to mod gtnhlib
[15:25:46] [Client thread/DEBUG] [FML/]: Bar Step: Construction - GTNH Lib took 0.010s
[15:25:46] [Client thread/TRACE] [angelica/angelica]: Sending event FMLConstructionEvent to mod angelica
[15:25:46] [Client thread/TRACE] [FML/angelica]: Mod angelica is using network checker : No network checking performed
[15:25:46] [Client thread/TRACE] [FML/angelica]: Testing mod angelica to verify it accepts its own version in a remote connection
[15:25:46] [Client thread/TRACE] [FML/angelica]: The mod angelica accepts its own version (1.0.0-beta54)
[15:25:46] [Client thread/DEBUG] [FML/angelica]: Attempting to inject @SidedProxy classes into angelica
[15:25:46] [Client thread/TRACE] [angelica/angelica]: Sent event FMLConstructionEvent to mod angelica
[15:25:46] [Client thread/DEBUG] [FML/]: Bar Step: Construction - Angelica took 0.001s
[15:25:46] [Client thread/TRACE] [notfine/notfine]: Sending event FMLConstructionEvent to mod notfine
[15:25:46] [Client thread/TRACE] [FML/notfine]: Mod notfine is using network checker : No network checking performed
[15:25:46] [Client thread/TRACE] [FML/notfine]: Testing mod notfine to verify it accepts its own version in a remote connection
[15:25:46] [Client thread/TRACE] [FML/notfine]: The mod notfine accepts its own version (1.0.0-beta54)
[15:25:46] [Client thread/DEBUG] [FML/notfine]: Attempting to inject @SidedProxy classes into notfine
[15:25:46] [Client thread/TRACE] [notfine/notfine]: Sent event FMLConstructionEvent to mod notfine
[15:25:46] [Client thread/DEBUG] [FML/]: Bar Step: Construction - NotFine took 0.001s
[15:25:46] [Client thread/TRACE] [mcpatcherforge/mcpatcherforge]: Sending event FMLConstructionEvent to mod mcpatcherforge
[15:25:46] [Client thread/TRACE] [FML/mcpatcherforge]: Mod mcpatcherforge is using network checker : No network checking performed
[15:25:46] [Client thread/TRACE] [FML/mcpatcherforge]: Testing mod mcpatcherforge to verify it accepts its own version in a remote connection
[15:25:46] [Client thread/TRACE] [FML/mcpatcherforge]: The mod mcpatcherforge accepts its own version (1.0.0-alpha)
[15:25:46] [Client thread/DEBUG] [FML/mcpatcherforge]: Attempting to inject @SidedProxy classes into mcpatcherforge
[15:25:46] [Client thread/TRACE] [mcpatcherforge/mcpatcherforge]: Sent event FMLConstructionEvent to mod mcpatcherforge
[15:25:46] [Client thread/DEBUG] [FML/]: Bar Step: Construction - MCPatcherForge took 0.001s
[15:25:46] [Client thread/TRACE] [ArchitectureCraft/ArchitectureCraft]: Sending event FMLConstructionEvent to mod ArchitectureCraft
[15:25:46] [Client thread/TRACE] [FML/ArchitectureCraft]: Mod ArchitectureCraft is using network checker : Accepting range [1.7,1.8)
[15:25:46] [Client thread/TRACE] [FML/ArchitectureCraft]: Testing mod ArchitectureCraft to verify it accepts its own version in a remote connection
[15:25:46] [Client thread/TRACE] [FML/ArchitectureCraft]: The mod ArchitectureCraft accepts its own version (1.7.2)
[15:25:46] [Client thread/DEBUG] [FML/ArchitectureCraft]: Attempting to inject @SidedProxy classes into ArchitectureCraft
[15:25:46] [Client thread/TRACE] [ArchitectureCraft/ArchitectureCraft]: Sent event FMLConstructionEvent to mod ArchitectureCraft
[15:25:46] [Client thread/DEBUG] [FML/]: Bar Step: Construction - ArchitectureCraft took 0.015s
[15:25:46] [Client thread/TRACE] [coretweaks/coretweaks]: Sending event FMLConstructionEvent to mod coretweaks
[15:25:46] [Client thread/TRACE] [FML/coretweaks]: Mod coretweaks is using network checker : Accepting version 0.3.3.2
[15:25:46] [Client thread/TRACE] [FML/coretweaks]: Testing mod coretweaks to verify it accepts its own version in a remote connection
[15:25:46] [Client thread/TRACE] [FML/coretweaks]: The mod coretweaks accepts its own version (0.3.3.2)
[15:25:46] [Client thread/DEBUG] [FML/coretweaks]: Attempting to inject @SidedProxy classes into coretweaks
[15:25:46] [Client thread/DEBUG] [mclib(coretweaks)/coretweaks]: Initializing MCLib 0.1.3 in coretweaks
[15:25:46] [Client thread/TRACE] [mclib(coretweaks)/coretweaks]: Registering package makamys.coretweaks.repackage.makamys.mclib
[15:25:46] [Client thread/TRACE] [coretweaks/coretweaks]: Sent event FMLConstructionEvent to mod coretweaks
[15:25:46] [Client thread/DEBUG] [FML/]: Bar Step: Construction - CoreTweaks took 0.013s
[15:25:46] [Client thread/TRACE] [CustomMainMenu/CustomMainMenu]: Sending event FMLConstructionEvent to mod CustomMainMenu
[15:25:46] [Client thread/TRACE] [FML/CustomMainMenu]: Mod CustomMainMenu is using network checker : Accepting version 1.9.2
[15:25:46] [Client thread/TRACE] [FML/CustomMainMenu]: Testing mod CustomMainMenu to verify it accepts its own version in a remote connection
[15:25:46] [Client thread/TRACE] [FML/CustomMainMenu]: The mod CustomMainMenu accepts its own version (1.9.2)
[15:25:46] [Client thread/DEBUG] [FML/CustomMainMenu]: Attempting to inject @SidedProxy classes into CustomMainMenu
[15:25:46] [Client thread/TRACE] [CustomMainMenu/CustomMainMenu]: Sent event FMLConstructionEvent to mod CustomMainMenu
[15:25:46] [Client thread/DEBUG] [FML/]: Bar Step: Construction - Custom Main Menu took 0.004s
[15:25:46] [Client thread/TRACE] [damagemark/damagemark]: Sending event FMLConstructionEvent to mod damagemark
[15:25:46] [Client thread/TRACE] [FML/damagemark]: Mod damagemark is using network checker : Accepting version 2.3
[15:25:46] [Client thread/TRACE] [FML/damagemark]: Testing mod damagemark to verify it accepts its own version in a remote connection
[15:25:46] [Client thread/TRACE] [FML/damagemark]: The mod damagemark accepts its own version (2.3)
[15:25:46] [Client thread/DEBUG] [FML/damagemark]: Attempting to inject @SidedProxy classes into damagemark
[15:25:46] [Client thread/TRACE] [damagemark/damagemark]: Sent event FMLConstructionEvent to mod damagemark
[15:25:46] [Client thread/DEBUG] [FML/]: Bar Step: Construction - DamageMark took 0.003s
[15:25:46] [Client thread/TRACE] [erde/erde]: Sending event FMLConstructionEvent to mod erde
[15:25:46] [Client thread/TRACE] [FML/erde]: Mod erde is using network checker : Accepting version 1.0c
[15:25:46] [Client thread/TRACE] [FML/erde]: Testing mod erde to verify it accepts its own version in a remote connection
[15:25:46] [Client thread/TRACE] [FML/erde]: The mod erde accepts its own version (1.0c)
[15:25:46] [Client thread/DEBUG] [FML/erde]: Attempting to inject @SidedProxy classes into erde
[15:25:46] [Client thread/TRACE] [erde/erde]: Sent event FMLConstructionEvent to mod erde
[15:25:46] [Client thread/DEBUG] [FML/]: Bar Step: Construction - Entity Render Extender took 0.001s
[15:25:46] [Client thread/TRACE] [flansmod/flansmod]: Sending event FMLConstructionEvent to mod flansmod
[15:25:46] [Client thread/INFO] [STDOUT/flansmod]: [xaero.common.core.transformer.ClassNodeTransformer:transform:26]: Transforming class apx net.minecraft.world.chunk.Chunk
[15:25:46] [Client thread/INFO] [STDOUT/flansmod]: [xaero.map.core.transformer.ClassNodeTransformer:transform:26]: Transforming class net.minecraft.world.chunk.Chunk
[15:25:46] [Client thread/DEBUG] [mixin/flansmod]: Mixing sodium.MixinChunk from mixins.angelica.early.json into net.minecraft.world.chunk.Chunk
[15:25:46] [Client thread/DEBUG] [org.spongepowered.asm.service.mojang.MixinServiceLaunchWrapper/flansmod]: Rebuilding transformer delegation list:
[15:25:46] [Client thread/DEBUG] [org.spongepowered.asm.service.mojang.MixinServiceLaunchWrapper/flansmod]: Found name transformer: cpw.mods.fml.common.asm.transformers.DeobfuscationTransformer$$CoreTweaksProxy
[15:25:46] [Client thread/DEBUG] [org.spongepowered.asm.service.mojang.MixinServiceLaunchWrapper/flansmod]:   Adding:    cpw.mods.fml.common.asm.transformers.PatchingTransformer
[15:25:46] [Client thread/DEBUG] [org.spongepowered.asm.service.mojang.MixinServiceLaunchWrapper/flansmod]:   Excluding: org.spongepowered.asm.mixin.transformer.Proxy
[15:25:46] [Client thread/DEBUG] [org.spongepowered.asm.service.mojang.MixinServiceLaunchWrapper/flansmod]:   Adding:    io.github.legacymoddingmc.unimixins.gtnhmixins.asm.LegacyGTNHMixinExtrasGenerator
[15:25:46] [Client thread/DEBUG] [org.spongepowered.asm.service.mojang.MixinServiceLaunchWrapper/flansmod]:   Excluding: io.github.legacymoddingmc.unimixins.compat.asm.ASMRemapperTransformer
[15:25:46] [Client thread/DEBUG] [org.spongepowered.asm.service.mojang.MixinServiceLaunchWrapper/flansmod]:   Adding:    cpw.mods.fml.common.asm.transformers.MarkerTransformer
[15:25:46] [Client thread/DEBUG] [org.spongepowered.asm.service.mojang.MixinServiceLaunchWrapper/flansmod]:   Adding:    cpw.mods.fml.common.asm.transformers.SideTransformer$$CoreTweaksProxy
[15:25:46] [Client thread/DEBUG] [org.spongepowered.asm.service.mojang.MixinServiceLaunchWrapper/flansmod]:   Excluding: cpw.mods.fml.common.asm.transformers.EventSubscriptionTransformer
[15:25:46] [Client thread/DEBUG] [org.spongepowered.asm.service.mojang.MixinServiceLaunchWrapper/flansmod]:   Adding:    net.minecraftforge.classloading.FluidIdTransformer$$CoreTweaksProxy
[15:25:46] [Client thread/DEBUG] [org.spongepowered.asm.service.mojang.MixinServiceLaunchWrapper/flansmod]:   Excluding: net.tclproject.mysteriumlib.asm.common.FirstClassTransformer
[15:25:46] [Client thread/DEBUG] [org.spongepowered.asm.service.mojang.MixinServiceLaunchWrapper/flansmod]:   Excluding: lain.mods.inputfix.InputFixTransformer
[15:25:46] [Client thread/DEBUG] [org.spongepowered.asm.service.mojang.MixinServiceLaunchWrapper/flansmod]:   Excluding: com.kamesuta.mc.signpic.asm.SignPictureTransformer
[15:25:46] [Client thread/DEBUG] [org.spongepowered.asm.service.mojang.MixinServiceLaunchWrapper/flansmod]:   Excluding: bre.ufex.asm.Transformer
[15:25:46] [Client thread/DEBUG] [org.spongepowered.asm.service.mojang.MixinServiceLaunchWrapper/flansmod]:   Excluding: xaero.common.core.transformer.ChunkTransformer
[15:25:46] [Client thread/DEBUG] [org.spongepowered.asm.service.mojang.MixinServiceLaunchWrapper/flansmod]:   Excluding: xaero.common.core.transformer.NetHandlerPlayClientTransformer
[15:25:46] [Client thread/DEBUG] [org.spongepowered.asm.service.mojang.MixinServiceLaunchWrapper/flansmod]:   Excluding: xaero.common.core.transformer.EntityPlayerTransformer
[15:25:46] [Client thread/DEBUG] [org.spongepowered.asm.service.mojang.MixinServiceLaunchWrapper/flansmod]:   Excluding: xaero.common.core.transformer.AbstractClientPlayerTransformer
[15:25:46] [Client thread/DEBUG] [org.spongepowered.asm.service.mojang.MixinServiceLaunchWrapper/flansmod]:   Excluding: xaero.common.core.transformer.WorldClientTransformer
[15:25:46] [Client thread/DEBUG] [org.spongepowered.asm.service.mojang.MixinServiceLaunchWrapper/flansmod]:   Excluding: xaero.common.core.transformer.EntityClientPlayerMPTransformer
[15:25:46] [Client thread/DEBUG] [org.spongepowered.asm.service.mojang.MixinServiceLaunchWrapper/flansmod]:   Excluding: xaero.common.core.transformer.PlayerListTransformer
[15:25:46] [Client thread/DEBUG] [org.spongepowered.asm.service.mojang.MixinServiceLaunchWrapper/flansmod]:   Excluding: xaero.common.core.transformer.GuiIngameForgeTransformer
[15:25:46] [Client thread/DEBUG] [org.spongepowered.asm.service.mojang.MixinServiceLaunchWrapper/flansmod]:   Excluding: xaero.common.core.transformer.ModelRendererTransformer
[15:25:46] [Client thread/DEBUG] [org.spongepowered.asm.service.mojang.MixinServiceLaunchWrapper/flansmod]:   Excluding: xaero.map.core.transformer.ChunkTransformer
[15:25:46] [Client thread/DEBUG] [org.spongepowered.asm.service.mojang.MixinServiceLaunchWrapper/flansmod]:   Excluding: xaero.map.core.transformer.NetHandlerPlayClientTransformer
[15:25:46] [Client thread/DEBUG] [org.spongepowered.asm.service.mojang.MixinServiceLaunchWrapper/flansmod]:   Excluding: xaero.map.core.transformer.EntityPlayerTransformer
[15:25:46] [Client thread/DEBUG] [org.spongepowered.asm.service.mojang.MixinServiceLaunchWrapper/flansmod]:   Excluding: xaero.map.core.transformer.AbstractClientPlayerTransformer
[15:25:46] [Client thread/DEBUG] [org.spongepowered.asm.service.mojang.MixinServiceLaunchWrapper/flansmod]:   Excluding: xaero.map.core.transformer.WorldClientTransformer
[15:25:46] [Client thread/DEBUG] [org.spongepowered.asm.service.mojang.MixinServiceLaunchWrapper/flansmod]:   Excluding: xaero.map.core.transformer.PlayerListTransformer
[15:25:46] [Client thread/DEBUG] [org.spongepowered.asm.service.mojang.MixinServiceLaunchWrapper/flansmod]:   Excluding: io.github.legacymoddingmc.unimixins.compat.asm.EnhanceCrashReportsTransformer
[15:25:46] [Client thread/DEBUG] [org.spongepowered.asm.service.mojang.MixinServiceLaunchWrapper/flansmod]:   Excluding: com.gtnewhorizons.angelica.transform.compat.transformers.specific.StacksOnStacksTransformer
[15:25:46] [Client thread/DEBUG] [org.spongepowered.asm.service.mojang.MixinServiceLaunchWrapper/flansmod]:   Excluding: com.gtnewhorizons.angelica.transform.compat.transformers.specific.ImmersiveEngineeringTransformer
[15:25:46] [Client thread/DEBUG] [org.spongepowered.asm.service.mojang.MixinServiceLaunchWrapper/flansmod]:   Excluding: com.gtnewhorizons.angelica.transform.compat.GenericCompatTransformer
[15:25:46] [Client thread/DEBUG] [org.spongepowered.asm.service.mojang.MixinServiceLaunchWrapper/flansmod]:   Excluding: makamys.coretweaks.asm.ModDiscovererTransformer
[15:25:46] [Client thread/DEBUG] [org.spongepowered.asm.service.mojang.MixinServiceLaunchWrapper/flansmod]:   Excluding: makamys.coretweaks.asm.FMLLogTransformer
[15:25:46] [Client thread/DEBUG] [org.spongepowered.asm.service.mojang.MixinServiceLaunchWrapper/flansmod]:   Excluding: com.gtnewhorizon.gtnhlib.core.transformer.EventBusSubTransformer
[15:25:46] [Client thread/DEBUG] [org.spongepowered.asm.service.mojang.MixinServiceLaunchWrapper/flansmod]:   Adding:    cpw.mods.fml.common.asm.transformers.DeobfuscationTransformer$$CoreTweaksProxy
[15:25:46] [Client thread/DEBUG] [org.spongepowered.asm.service.mojang.MixinServiceLaunchWrapper/flansmod]:   Adding:    cpw.mods.fml.common.asm.transformers.AccessTransformer
[15:25:46] [Client thread/DEBUG] [org.spongepowered.asm.service.mojang.MixinServiceLaunchWrapper/flansmod]:   Adding:    net.minecraftforge.transformers.ForgeAccessTransformer
[15:25:46] [Client thread/DEBUG] [org.spongepowered.asm.service.mojang.MixinServiceLaunchWrapper/flansmod]:   Adding:    io.github.legacymoddingmc.unimixins.all.AllCore$CombinedAccessTransformer
[15:25:46] [Client thread/DEBUG] [org.spongepowered.asm.service.mojang.MixinServiceLaunchWrapper/flansmod]:   Adding:    cpw.mods.fml.common.asm.transformers.ModAccessTransformer
[15:25:46] [Client thread/DEBUG] [org.spongepowered.asm.service.mojang.MixinServiceLaunchWrapper/flansmod]:   Adding:    cpw.mods.fml.common.asm.transformers.ItemStackTransformer
[15:25:46] [Client thread/DEBUG] [org.spongepowered.asm.service.mojang.MixinServiceLaunchWrapper/flansmod]:   Excluding: org.spongepowered.asm.mixin.transformer.Proxy
[15:25:46] [Client thread/DEBUG] [org.spongepowered.asm.service.mojang.MixinServiceLaunchWrapper/flansmod]:   Excluding: net.tclproject.mysteriumlib.asm.common.CustomClassTransformer
[15:25:46] [Client thread/DEBUG] [org.spongepowered.asm.service.mojang.MixinServiceLaunchWrapper/flansmod]:   Excluding: cpw.mods.fml.common.asm.transformers.TerminalTransformer$$CoreTweaksProxy
[15:25:46] [Client thread/DEBUG] [org.spongepowered.asm.service.mojang.MixinServiceLaunchWrapper/flansmod]:   Excluding: org.spongepowered.asm.mixin.transformer.Proxy
[15:25:46] [Client thread/DEBUG] [org.spongepowered.asm.service.mojang.MixinServiceLaunchWrapper/flansmod]:   Excluding: com.gtnewhorizons.angelica.transform.RedirectorTransformer
[15:25:46] [Client thread/DEBUG] [org.spongepowered.asm.service.mojang.MixinServiceLaunchWrapper/flansmod]:   Adding:    com.gtnewhorizons.angelica.transform.BlockTransformer
[15:25:46] [Client thread/DEBUG] [org.spongepowered.asm.service.mojang.MixinServiceLaunchWrapper/flansmod]:   Adding:    com.gtnewhorizon.gtnhlib.core.transformer.TessellatorRedirectorTransformer
[15:25:46] [Client thread/DEBUG] [org.spongepowered.asm.service.mojang.MixinServiceLaunchWrapper/flansmod]:   Adding:    cpw.mods.fml.common.asm.transformers.ModAPITransformer
[15:25:46] [Client thread/DEBUG] [org.spongepowered.asm.service.mojang.MixinServiceLaunchWrapper/flansmod]: Transformer delegation list created with 14 entries
[15:25:46] [Client thread/TRACE] [mixin/flansmod]: Added class metadata for com/gtnewhorizons/angelica/compat/ModStatus to metadata cache
[15:25:46] [Client thread/TRACE] [mixin/flansmod]: Added class metadata for com/gtnewhorizons/angelica/compat/endlessids/EndlessIDsCompat to metadata cache
[15:25:46] [Client thread/TRACE] [mixin/flansmod]: Added class metadata for net/minecraft/world/biome/WorldChunkManager to metadata cache
[15:25:46] [Client thread/DEBUG] [mixin/flansmod]: Mixing bugfix.heightmaprange.MixinChunk from coretweaks.mixin.json into net.minecraft.world.chunk.Chunk
[15:25:46] [Client thread/DEBUG] [mixin/flansmod]: Mixing bugfix.forge5160.MixinChunk from coretweaks.mixin.json into net.minecraft.world.chunk.Chunk
[15:25:46] [Client thread/DEBUG] [mixin/flansmod]: mixins.angelica.early.json:sodium.MixinChunk from mod angelica->@Inject::sodium$populateBiomes(Lorg/spongepowered/asm/mixin/injection/callback/CallbackInfo;)V doesn't use it's CallbackInfo
[15:25:46] [Client thread/DEBUG] [mixin/flansmod]: mixins.angelica.early.json:sodium.MixinChunk from mod angelica->@Inject::sodium$populateBiomes(Lorg/spongepowered/asm/mixin/injection/callback/CallbackInfo;)V has 0 override(s) in child classes
[15:25:46] [Client thread/DEBUG] [mixin/flansmod]: mixins.angelica.early.json:sodium.MixinChunk from mod angelica->@Inject::sodium$populateBiomes(Lorg/spongepowered/asm/mixin/injection/callback/CallbackInfo;)V won't be passed a CallbackInfo as a result
[15:25:46] [Client thread/DEBUG] [mixin/flansmod]: coretweaks.mixin.json:bugfix.forge5160.MixinChunk from mod coretweaks->@Inject::postEntityModification(Lorg/spongepowered/asm/mixin/injection/callback/CallbackInfo;)V doesn't use it's CallbackInfo
[15:25:46] [Client thread/DEBUG] [mixin/flansmod]: coretweaks.mixin.json:bugfix.forge5160.MixinChunk from mod coretweaks->@Inject::postEntityModification(Lorg/spongepowered/asm/mixin/injection/callback/CallbackInfo;)V has 0 override(s) in child classes
[15:25:46] [Client thread/DEBUG] [mixin/flansmod]: coretweaks.mixin.json:bugfix.forge5160.MixinChunk from mod coretweaks->@Inject::postEntityModification(Lorg/spongepowered/asm/mixin/injection/callback/CallbackInfo;)V won't be passed a CallbackInfo as a result
[15:25:46] [Client thread/DEBUG] [mixin/flansmod]: coretweaks.mixin.json:bugfix.forge5160.MixinChunk from mod coretweaks->@Inject::postEntityModification(Lorg/spongepowered/asm/mixin/injection/callback/CallbackInfo;)V doesn't use it's CallbackInfo
[15:25:46] [Client thread/DEBUG] [mixin/flansmod]: coretweaks.mixin.json:bugfix.forge5160.MixinChunk from mod coretweaks->@Inject::postEntityModification(Lorg/spongepowered/asm/mixin/injection/callback/CallbackInfo;)V has 0 override(s) in child classes
[15:25:46] [Client thread/DEBUG] [mixin/flansmod]: coretweaks.mixin.json:bugfix.forge5160.MixinChunk from mod coretweaks->@Inject::postEntityModification(Lorg/spongepowered/asm/mixin/injection/callback/CallbackInfo;)V won't be passed a CallbackInfo as a result
[15:25:46] [Client thread/TRACE] [FML/flansmod]: Mod flansmod is using network checker : Accepting range 1.58-Reforged
[15:25:46] [Client thread/TRACE] [FML/flansmod]: Testing mod flansmod to verify it accepts its own version in a remote connection
[15:25:46] [Client thread/TRACE] [FML/flansmod]: The mod flansmod accepts its own version (1.58-Reforged)
[15:25:46] [Client thread/DEBUG] [FML/flansmod]: Attempting to inject @SidedProxy classes into flansmod
[15:25:46] [Client thread/DEBUG] [mixin/flansmod]: Mixing angelica.optimizations.MixinRendererLivingEntity from mixins.angelica.early.json into net.minecraft.client.renderer.entity.RendererLivingEntity
[15:25:46] [Client thread/TRACE] [mixin/flansmod]: Added class metadata for net/minecraft/entity/EntityLiving to metadata cache
[15:25:46] [Client thread/TRACE] [mixin/flansmod]: Added class metadata for net/minecraft/util/EnumChatFormatting to metadata cache
[15:25:46] [Client thread/DEBUG] [mixin/flansmod]: Mixing shaders.MixinRendererLivingEntity from mixins.angelica.early.json into net.minecraft.client.renderer.entity.RendererLivingEntity
[15:25:46] [Client thread/TRACE] [mixin/flansmod]: Added class metadata for java/lang/Float to metadata cache
[15:25:46] [Client thread/TRACE] [mixin/flansmod]: Added class metadata for net/coderbot/iris/uniforms/CapturedRenderingState to metadata cache
[15:25:46] [Client thread/TRACE] [mixin/flansmod]: Added class metadata for net/coderbot/iris/gbuffer_overrides/matching/SpecialCondition to metadata cache
[15:25:46] [Client thread/TRACE] [mixin/flansmod]: Added class metadata for net/coderbot/iris/layer/GbufferPrograms to metadata cache
[15:25:46] [Client thread/TRACE] [mixin/flansmod]: Added class metadata for net/minecraft/client/model/ModelBase to metadata cache
[15:25:46] [Client thread/TRACE] [mixin/flansmod]: Added class metadata for net/minecraft/client/renderer/entity/RenderSpider to metadata cache
[15:25:46] [Client thread/TRACE] [mixin/flansmod]: Added class metadata for net/minecraft/client/renderer/entity/RenderDragon to metadata cache
[15:25:46] [Client thread/TRACE] [mixin/flansmod]: Added class metadata for net/minecraft/client/renderer/entity/RenderEnderman to metadata cache
[15:25:46] [Client thread/TRACE] [flansmod/flansmod]: Sent event FMLConstructionEvent to mod flansmod
[15:25:46] [Client thread/DEBUG] [FML/]: Bar Step: Construction - Flan's Mod Ultimate (Stability Edition) took 0.161s
[15:25:46] [Client thread/TRACE] [hbm/hbm]: Sending event FMLConstructionEvent to mod hbm
[15:25:46] [Client thread/TRACE] [FML/hbm]: Mod hbm is using network checker : Accepting version 1.0.27 BETA (5649)
[15:25:46] [Client thread/TRACE] [FML/hbm]: Testing mod hbm to verify it accepts its own version in a remote connection
[15:25:46] [Client thread/TRACE] [FML/hbm]: The mod hbm accepts its own version (1.0.27 BETA (5649))
[15:25:46] [Client thread/DEBUG] [FML/hbm]: Attempting to inject @SidedProxy classes into hbm
[15:25:46] [Client thread/DEBUG] [mixin/hbm]: Mixing notfine.glint.MixinRenderBiped from mixins.angelica.early.json into net.minecraft.client.renderer.entity.RenderBiped
[15:25:46] [Client thread/TRACE] [mixin/hbm]: Added class metadata for net/minecraft/client/renderer/entity/RenderLiving to metadata cache
[15:25:46] [Client thread/TRACE] [hbm/hbm]: Sent event FMLConstructionEvent to mod hbm
[15:25:46] [Client thread/DEBUG] [FML/]: Bar Step: Construction - Hbm's Nuclear Tech took 0.220s
[15:25:46] [Client thread/TRACE] [hidenames/hidenames]: Sending event FMLConstructionEvent to mod hidenames
[15:25:46] [Client thread/TRACE] [FML/hidenames]: Mod hidenames is using network checker : Accepting version 1.1.7
[15:25:46] [Client thread/TRACE] [FML/hidenames]: Testing mod hidenames to verify it accepts its own version in a remote connection
[15:25:46] [Client thread/TRACE] [FML/hidenames]: The mod hidenames accepts its own version (1.1.7)
[15:25:46] [Client thread/DEBUG] [FML/hidenames]: Attempting to inject @SidedProxy classes into hidenames
[15:25:46] [Client thread/TRACE] [hidenames/hidenames]: Sent event FMLConstructionEvent to mod hidenames
[15:25:46] [Client thread/DEBUG] [FML/]: Bar Step: Construction - Hide Names took 0.004s
[15:25:46] [Client thread/TRACE] [mcheli/mcheli]: Sending event FMLConstructionEvent to mod mcheli
[15:25:46] [Client thread/TRACE] [FML/mcheli]: Mod mcheli is using network checker : Accepting version 1.0
[15:25:46] [Client thread/TRACE] [FML/mcheli]: Testing mod mcheli to verify it accepts its own version in a remote connection
[15:25:46] [Client thread/TRACE] [FML/mcheli]: The mod mcheli accepts its own version (1.0)
[15:25:46] [Client thread/DEBUG] [FML/mcheli]: Attempting to inject @SidedProxy classes into mcheli
[15:25:46] [Client thread/TRACE] [mcheli/mcheli]: Sent event FMLConstructionEvent to mod mcheli
[15:25:46] [Client thread/DEBUG] [FML/]: Bar Step: Construction - MCH-Reforged took 0.087s
[15:25:46] [Client thread/TRACE] [mchrmixin/mchrmixin]: Sending event FMLConstructionEvent to mod mchrmixin
[15:25:46] [Client thread/TRACE] [FML/mchrmixin]: Mod mchrmixin is using network checker : Accepting version 1.0
[15:25:46] [Client thread/TRACE] [FML/mchrmixin]: Testing mod mchrmixin to verify it accepts its own version in a remote connection
[15:25:46] [Client thread/TRACE] [FML/mchrmixin]: The mod mchrmixin accepts its own version (1.0)
[15:25:46] [Client thread/DEBUG] [FML/mchrmixin]: Attempting to inject @SidedProxy classes into mchrmixin
[15:25:46] [Client thread/TRACE] [mchrmixin/mchrmixin]: Sent event FMLConstructionEvent to mod mchrmixin
[15:25:46] [Client thread/DEBUG] [FML/]: Bar Step: Construction - mchrmixin took 0.003s
[15:25:46] [Client thread/TRACE] [qemenu/qemenu]: Sending event FMLConstructionEvent to mod qemenu
[15:25:46] [Client thread/TRACE] [FML/qemenu]: Mod qemenu is using network checker : Accepting version 2.0.3
[15:25:46] [Client thread/TRACE] [FML/qemenu]: Testing mod qemenu to verify it accepts its own version in a remote connection
[15:25:46] [Client thread/TRACE] [FML/qemenu]: The mod qemenu accepts its own version (2.0.3)
[15:25:46] [Client thread/DEBUG] [FML/qemenu]: Attempting to inject @SidedProxy classes into qemenu
[15:25:46] [Client thread/TRACE] [qemenu/qemenu]: Sent event FMLConstructionEvent to mod qemenu
[15:25:46] [Client thread/DEBUG] [FML/]: Bar Step: Construction - Quick Easy Menu took 0.009s
[15:25:46] [Client thread/TRACE] [signpic/signpic]: Sending event FMLConstructionEvent to mod signpic
[15:25:46] [Client thread/TRACE] [FML/signpic]: Mod signpic is using network checker : Invoking method checkModList
[15:25:46] [Client thread/TRACE] [FML/signpic]: Testing mod signpic to verify it accepts its own version in a remote connection
[15:25:46] [Client thread/TRACE] [FML/signpic]: The mod signpic accepts its own version (2.8.0)
[15:25:46] [Client thread/DEBUG] [FML/signpic]: Attempting to inject @SidedProxy classes into signpic
[15:25:46] [Client thread/TRACE] [signpic/signpic]: Sent event FMLConstructionEvent to mod signpic
[15:25:46] [Client thread/DEBUG] [FML/]: Bar Step: Construction - SignPicture took 0.004s
[15:25:46] [Client thread/TRACE] [stepup/stepup]: Sending event FMLConstructionEvent to mod stepup
[15:25:46] [Client thread/TRACE] [FML/stepup]: Mod stepup is using network checker : Accepting version 1.0.1-mc1.7.10
[15:25:46] [Client thread/TRACE] [FML/stepup]: Testing mod stepup to verify it accepts its own version in a remote connection
[15:25:46] [Client thread/TRACE] [FML/stepup]: The mod stepup accepts its own version (1.0.1-mc1.7.10)
[15:25:46] [Client thread/DEBUG] [FML/stepup]: Attempting to inject @SidedProxy classes into stepup
[15:25:46] [Client thread/TRACE] [stepup/stepup]: Sent event FMLConstructionEvent to mod stepup
[15:25:46] [Client thread/DEBUG] [FML/]: Bar Step: Construction - StepUp took 0.005s
[15:25:46] [Client thread/TRACE] [vexview/vexview]: Sending event FMLConstructionEvent to mod vexview
[15:25:46] [Client thread/TRACE] [FML/vexview]: Mod vexview is using network checker : Accepting version 2.6.10
[15:25:46] [Client thread/TRACE] [FML/vexview]: Testing mod vexview to verify it accepts its own version in a remote connection
[15:25:46] [Client thread/TRACE] [FML/vexview]: The mod vexview accepts its own version (2.6.10)
[15:25:46] [Client thread/DEBUG] [FML/vexview]: Attempting to inject @SidedProxy classes into vexview
[15:25:46] [Client thread/TRACE] [vexview/vexview]: Sent event FMLConstructionEvent to mod vexview
[15:25:46] [Client thread/DEBUG] [FML/]: Bar Step: Construction - VexView took 0.010s
[15:25:46] [Client thread/TRACE] [XaeroMinimap/XaeroMinimap]: Sending event FMLConstructionEvent to mod XaeroMinimap
[15:25:46] [Client thread/TRACE] [FML/XaeroMinimap]: Mod XaeroMinimap is using network checker : No network checking performed
[15:25:46] [Client thread/TRACE] [FML/XaeroMinimap]: Testing mod XaeroMinimap to verify it accepts its own version in a remote connection
[15:25:46] [Client thread/TRACE] [FML/XaeroMinimap]: The mod XaeroMinimap accepts its own version (21.10.23)
[15:25:46] [Client thread/DEBUG] [FML/XaeroMinimap]: Attempting to inject @SidedProxy classes into XaeroMinimap
[15:25:46] [Client thread/TRACE] [XaeroMinimap/XaeroMinimap]: Sent event FMLConstructionEvent to mod XaeroMinimap
[15:25:46] [Client thread/DEBUG] [FML/]: Bar Step: Construction - Xaero's Minimap took 0.018s
[15:25:46] [Client thread/TRACE] [XaeroWorldMap/XaeroWorldMap]: Sending event FMLConstructionEvent to mod XaeroWorldMap
[15:25:46] [Client thread/TRACE] [FML/XaeroWorldMap]: Mod XaeroWorldMap is using network checker : No network checking performed
[15:25:46] [Client thread/TRACE] [FML/XaeroWorldMap]: Testing mod XaeroWorldMap to verify it accepts its own version in a remote connection
[15:25:46] [Client thread/TRACE] [FML/XaeroWorldMap]: The mod XaeroWorldMap accepts its own version (1.14.1.33)
[15:25:46] [Client thread/DEBUG] [FML/XaeroWorldMap]: Attempting to inject @SidedProxy classes into XaeroWorldMap
[15:25:46] [Client thread/TRACE] [XaeroWorldMap/XaeroWorldMap]: Sent event FMLConstructionEvent to mod XaeroWorldMap
[15:25:46] [Client thread/DEBUG] [FML/]: Bar Step: Construction - Xaero's World Map took 0.016s
[15:25:46] [Client thread/DEBUG] [FML/]: Bar Finished: Construction took 1.162s
[15:25:46] [Client thread/DEBUG] [FML/]: Mod signature data
[15:25:46] [Client thread/DEBUG] [FML/]:  	Valid Signatures:
[15:25:46] [Client thread/DEBUG] [FML/]: 		(e3c3d50c7c986df74c645c0ac54639741c90a557) FML	(Forge Mod Loader	7.10.99.99)	forge-1.7.10-10.13.4.1614-1.7.10.jar
[15:25:46] [Client thread/DEBUG] [FML/]: 		(e3c3d50c7c986df74c645c0ac54639741c90a557) Forge	(Minecraft Forge	10.13.4.1614)	forge-1.7.10-10.13.4.1614-1.7.10.jar
[15:25:46] [Client thread/DEBUG] [FML/]:  	Missing Signatures:
[15:25:46] [Client thread/DEBUG] [FML/]: 		mcp	(Minecraft Coder Pack	9.05)	minecraft.jar
[15:25:46] [Client thread/DEBUG] [FML/]: 		InputFix	(InputFix	1.7.10-v6)	minecraft.jar
[15:25:46] [Client thread/DEBUG] [FML/]: 		UnicodeFontExtensionCore	(Unicode Font Extension Core	1.7.10-2.6)	minecraft.jar
[15:25:46] [Client thread/DEBUG] [FML/]: 		UraniumPlus	(Added title and actionbar support for client and server	1.0)	UraniumPlus.jar
[15:25:46] [Client thread/DEBUG] [FML/]: 		xaerominimap_core	(XaeroMinimapCore	1.7.10-1.0)	minecraft.jar
[15:25:46] [Client thread/DEBUG] [FML/]: 		xaeroworldmap_core	(XaeroWorldMapCore	1.7.10-1.0)	minecraft.jar
[15:25:46] [Client thread/DEBUG] [FML/]: 		GTNHLib Core	(GTNHLib Core	0.6.39)	minecraft.jar
[15:25:46] [Client thread/DEBUG] [FML/]: 		UnicodeFontExtension	(Unicode Font Extension	1.7.10-2.7)	UnicodeFontExtension.jar
[15:25:46] [Client thread/DEBUG] [FML/]: 		unimixins	(UniMixins	0.1.23)	!+unimixins-all-1.7.10-0.1.23.jar
[15:25:46] [Client thread/DEBUG] [FML/]: 		unimixins-mixin	(UniMixins: Mixin (UniMix)	0.1.23)	!+unimixins-all-1.7.10-0.1.23.jar
[15:25:46] [Client thread/DEBUG] [FML/]: 		unimixins-compat	(UniMixins: Compatibility	0.1.23)	!+unimixins-all-1.7.10-0.1.23.jar
[15:25:46] [Client thread/DEBUG] [FML/]: 		mixingasm	(UniMixins: Mixingasm	0.3)	!+unimixins-all-1.7.10-0.1.23.jar
[15:25:46] [Client thread/DEBUG] [FML/]: 		spongemixins	(UniMixins: SpongeMixins	2.0.1)	!+unimixins-all-1.7.10-0.1.23.jar
[15:25:46] [Client thread/DEBUG] [FML/]: 		mixinbooterlegacy	(UniMixins: MixinBooterLegacy	1.2.1)	!+unimixins-all-1.7.10-0.1.23.jar
[15:25:46] [Client thread/DEBUG] [FML/]: 		gasstation	(UniMixins: GasStation	0.5.1)	!+unimixins-all-1.7.10-0.1.23.jar
[15:25:46] [Client thread/DEBUG] [FML/]: 		gtnhmixins	(UniMixins: GTNHMixins	2.2.0)	!+unimixins-all-1.7.10-0.1.23.jar
[15:25:46] [Client thread/DEBUG] [FML/]: 		mixinextras	(UniMixins: MixinExtras	0.1.23)	!+unimixins-all-1.7.10-0.1.23.jar
[15:25:46] [Client thread/DEBUG] [FML/]: 		worldedit	(WorldEdit	6.1.1)	[创世神] worldedit-forge-mc1.7.10-6.1.1-dist.jar
[15:25:46] [Client thread/DEBUG] [FML/]: 		embeddium	(Embeddium	1.0.0-beta54)	Angelica-1.0.0-beta54.jar
[15:25:46] [Client thread/DEBUG] [FML/]: 		gtnhlib	(GTNH Lib	0.6.39)	GTNH-Lib-0.6.39.jar
[15:25:46] [Client thread/DEBUG] [FML/]: 		angelica	(Angelica	1.0.0-beta54)	Angelica-1.0.0-beta54.jar
[15:25:46] [Client thread/DEBUG] [FML/]: 		notfine	(NotFine	1.0.0-beta54)	Angelica-1.0.0-beta54.jar
[15:25:46] [Client thread/DEBUG] [FML/]: 		mcpatcherforge	(MCPatcherForge	1.0.0-alpha)	Angelica-1.0.0-beta54.jar
[15:25:46] [Client thread/DEBUG] [FML/]: 		ArchitectureCraft	(ArchitectureCraft	1.7.2)	ArchitectureCraft-1.7.2-mc1.7.10.jar
[15:25:46] [Client thread/DEBUG] [FML/]: 		coretweaks	(CoreTweaks	0.3.3.2)	CoreTweaks-1.7.10-0.3.3.2.jar
[15:25:46] [Client thread/DEBUG] [FML/]: 		CustomMainMenu	(Custom Main Menu	1.9.2)	CustomMainMenu.jar
[15:25:46] [Client thread/DEBUG] [FML/]: 		damagemark	(DamageMark	2.3)	DamageMarkMod-1.7.10-2.3-BFMC.jar
[15:25:46] [Client thread/DEBUG] [FML/]: 		erde	(Entity Render Extender	1.0c)	EntityRenderDistanceExtender-1.0c.jar
[15:25:46] [Client thread/DEBUG] [FML/]: 		flansmod	(Flan's Mod Ultimate (Stability Edition)	1.58-Reforged)	Flan's Mod Ultimate-1.58-Reforged.jar
[15:25:46] [Client thread/DEBUG] [FML/]: 		hbm	(Hbm's Nuclear Tech	1.0.27 BETA (5649))	HBM-NTM-[1.0.27_X5649].jar
[15:25:46] [Client thread/DEBUG] [FML/]: 		hidenames	(Hide Names	1.1.7)	Hide+Names-1.7.10-1.1.8.jar
[15:25:46] [Client thread/DEBUG] [FML/]: 		mcheli	(MCH-Reforged	1.0)	mcheli
[15:25:46] [Client thread/DEBUG] [FML/]: 		mchrmixin	(mchrmixin	1.0)	mchr-mixin.jar
[15:25:46] [Client thread/DEBUG] [FML/]: 		qemenu	(Quick Easy Menu	2.0.3)	QEMenu.jar
[15:25:46] [Client thread/DEBUG] [FML/]: 		signpic	(SignPicture	2.8.0)	SignPicture-1.7.10-2.8.0-universal.jar
[15:25:46] [Client thread/DEBUG] [FML/]: 		stepup	(StepUp	1.0.1-mc1.7.10)	StepUp-1.0.1-mc1.7.10.jar
[15:25:46] [Client thread/DEBUG] [FML/]: 		vexview	(VexView	2.6.10)	Vexview.jar
[15:25:46] [Client thread/DEBUG] [FML/]: 		XaeroMinimap	(Xaero's Minimap	21.10.23)	Xaeros_Minimap_21.10.44_Forge_1.7.10.jar
[15:25:46] [Client thread/DEBUG] [FML/]: 		XaeroWorldMap	(Xaero's World Map	1.14.1.33)	XaerosWorldMap_1.14.1.33_Forge_1.7.10.jar
[15:25:46] [Client thread/DEBUG] [FML/]: Bar Step: Loading Resources - Default took 0.005s
[15:25:46] [Client thread/DEBUG] [FML/]: Bar Step: Loading Resources - FMLFileResourcePack:Forge Mod Loader took 0.001s
[15:25:46] [Client thread/DEBUG] [FML/]: Bar Step: Loading Resources - FMLFileResourcePack:Minecraft Forge took 0.001s
[15:25:46] [Client thread/DEBUG] [FML/]: Bar Step: Loading Resources - FMLFileResourcePack:Added title and actionbar support for client and server took 0.000s
[15:25:46] [Client thread/DEBUG] [FML/]: Bar Step: Loading Resources - FMLFileResourcePack:UniMixins took 0.002s
[15:25:46] [Client thread/DEBUG] [FML/]: Bar Step: Loading Resources - FMLFileResourcePack:UniMixins: Mixin (UniMix) took 0.002s
[15:25:46] [Client thread/DEBUG] [FML/]: Bar Step: Loading Resources - FMLFileResourcePack:UniMixins: Compatibility took 0.002s
[15:25:46] [Client thread/DEBUG] [FML/]: Bar Step: Loading Resources - FMLFileResourcePack:UniMixins: Mixingasm took 0.024s
[15:25:46] [Client thread/DEBUG] [FML/]: Bar Step: Loading Resources - FMLFileResourcePack:UniMixins: SpongeMixins took 0.003s
[15:25:46] [Client thread/DEBUG] [FML/]: Bar Step: Loading Resources - FMLFileResourcePack:UniMixins: MixinBooterLegacy took 0.003s
[15:25:46] [Client thread/DEBUG] [FML/]: Bar Step: Loading Resources - FMLFileResourcePack:UniMixins: GasStation took 0.003s
[15:25:46] [Client thread/DEBUG] [FML/]: Bar Step: Loading Resources - FMLFileResourcePack:UniMixins: GTNHMixins took 0.003s
[15:25:46] [Client thread/DEBUG] [FML/]: Bar Step: Loading Resources - FMLFileResourcePack:UniMixins: MixinExtras took 0.003s
[15:25:46] [Client thread/DEBUG] [FML/]: Bar Step: Loading Resources - FMLFileResourcePack:WorldEdit took 0.001s
[15:25:46] [Client thread/DEBUG] [FML/]: Bar Step: Loading Resources - FMLFileResourcePack:Embeddium took 0.002s
[15:25:46] [Client thread/DEBUG] [FML/]: Bar Step: Loading Resources - FMLFileResourcePack:Angelica took 0.002s
[15:25:46] [Client thread/DEBUG] [FML/]: Bar Step: Loading Resources - FMLFileResourcePack:NotFine took 0.002s
[15:25:46] [Client thread/DEBUG] [FML/]: Bar Step: Loading Resources - FMLFileResourcePack:MCPatcherForge took 0.002s
[15:25:46] [Client thread/DEBUG] [FML/]: Bar Step: Loading Resources - FMLFileResourcePack:ArchitectureCraft took 0.001s
[15:25:46] [Client thread/DEBUG] [FML/]: Bar Step: Loading Resources - FMLFileResourcePack:CoreTweaks took 0.001s
[15:25:46] [Client thread/DEBUG] [FML/]: Bar Step: Loading Resources - FMLFileResourcePack:Custom Main Menu took 0.000s
[15:25:46] [Client thread/DEBUG] [FML/]: Bar Step: Loading Resources - FMLFileResourcePack:DamageMark took 0.000s
[15:25:46] [Client thread/DEBUG] [FML/]: Bar Step: Loading Resources - FMLFileResourcePack:Entity Render Extender took 0.000s
[15:25:46] [Client thread/DEBUG] [FML/]: Bar Step: Loading Resources - FMLFileResourcePack:Flan's Mod Ultimate (Stability Edition) took 0.001s
[15:25:46] [Client thread/DEBUG] [FML/]: Bar Step: Loading Resources - FMLFileResourcePack:GTNH Lib took 0.005s
[15:25:46] [Client thread/DEBUG] [FML/]: Bar Step: Loading Resources - FMLFileResourcePack:Hbm's Nuclear Tech took 0.007s
[15:25:46] [Client thread/DEBUG] [FML/]: Bar Step: Loading Resources - FMLFileResourcePack:Hide Names took 0.000s
[15:25:46] [Client thread/DEBUG] [FML/]: Bar Step: Loading Resources - FMLFileResourcePack:MCH-Reforged took 0.001s
[15:25:46] [Client thread/DEBUG] [FML/]: Bar Step: Loading Resources - FMLFileResourcePack:mchrmixin took 0.001s
[15:25:46] [Client thread/DEBUG] [FML/]: Bar Step: Loading Resources - FMLFileResourcePack:Quick Easy Menu took 0.000s
[15:25:46] [Client thread/DEBUG] [FML/]: Bar Step: Loading Resources - FMLFileResourcePack:SignPicture took 0.000s
[15:25:46] [Client thread/DEBUG] [FML/]: Bar Step: Loading Resources - FMLFileResourcePack:StepUp took 0.000s
[15:25:46] [Client thread/DEBUG] [FML/]: Bar Step: Loading Resources - FMLFileResourcePack:Unicode Font Extension took 0.000s
[15:25:46] [Client thread/DEBUG] [FML/]: Bar Step: Loading Resources - FMLFileResourcePack:VexView took 0.000s
[15:25:46] [Client thread/DEBUG] [FML/]: Bar Step: Loading Resources - FMLFileResourcePack:Xaero's Minimap took 0.000s
[15:25:46] [Client thread/DEBUG] [FML/]: Bar Step: Loading Resources - FMLFileResourcePack:Xaero's World Map took 0.000s
[15:25:46] [Client thread/DEBUG] [FML/]: Bar Step: Loading Resources - BFMC Resourcepack took 0.001s
[15:25:46] [Client thread/DEBUG] [FML/]: Bar Finished: Reloading took 0.034s
[15:25:46] [Client thread/DEBUG] [FML/]: Bar Step: Loading Resources - Reloading listeners took 0.034s
[15:25:46] [Client thread/DEBUG] [FML/]: Bar Finished: Loading Resources took 0.113s
[15:25:46] [Client thread/DEBUG] [Forge Mod Loader/]: Mod Forge Mod Loader is missing a pack.mcmeta file, substituting a dummy one
[15:25:46] [Client thread/DEBUG] [Minecraft Forge/]: Mod Minecraft Forge is missing a pack.mcmeta file, substituting a dummy one
[15:25:46] [Client thread/DEBUG] [Added title and actionbar support for client and server/]: Mod Added title and actionbar support for client and server is missing a pack.mcmeta file, substituting a dummy one
[15:25:46] [Client thread/DEBUG] [UniMixins/]: Mod UniMixins is missing a pack.mcmeta file, substituting a dummy one
[15:25:46] [Client thread/DEBUG] [UniMixins: Mixin (UniMix)/]: Mod UniMixins: Mixin (UniMix) is missing a pack.mcmeta file, substituting a dummy one
[15:25:46] [Client thread/DEBUG] [UniMixins: Compatibility/]: Mod UniMixins: Compatibility is missing a pack.mcmeta file, substituting a dummy one
[15:25:46] [Client thread/DEBUG] [UniMixins: Mixingasm/]: Mod UniMixins: Mixingasm is missing a pack.mcmeta file, substituting a dummy one
[15:25:46] [Client thread/DEBUG] [UniMixins: SpongeMixins/]: Mod UniMixins: SpongeMixins is missing a pack.mcmeta file, substituting a dummy one
[15:25:46] [Client thread/DEBUG] [UniMixins: MixinBooterLegacy/]: Mod UniMixins: MixinBooterLegacy is missing a pack.mcmeta file, substituting a dummy one
[15:25:46] [Client thread/DEBUG] [UniMixins: GasStation/]: Mod UniMixins: GasStation is missing a pack.mcmeta file, substituting a dummy one
[15:25:46] [Client thread/DEBUG] [UniMixins: GTNHMixins/]: Mod UniMixins: GTNHMixins is missing a pack.mcmeta file, substituting a dummy one
[15:25:46] [Client thread/DEBUG] [UniMixins: MixinExtras/]: Mod UniMixins: MixinExtras is missing a pack.mcmeta file, substituting a dummy one
[15:25:46] [Client thread/DEBUG] [WorldEdit/]: Mod WorldEdit is missing a pack.mcmeta file, substituting a dummy one
[15:25:46] [Client thread/DEBUG] [ArchitectureCraft/]: Mod ArchitectureCraft is missing a pack.mcmeta file, substituting a dummy one
[15:25:46] [Client thread/DEBUG] [CoreTweaks/]: Mod CoreTweaks is missing a pack.mcmeta file, substituting a dummy one
[15:25:46] [Client thread/DEBUG] [Custom Main Menu/]: Mod Custom Main Menu is missing a pack.mcmeta file, substituting a dummy one
[15:25:46] [Client thread/DEBUG] [DamageMark/]: Mod DamageMark is missing a pack.mcmeta file, substituting a dummy one
[15:25:46] [Client thread/DEBUG] [Entity Render Extender/]: Mod Entity Render Extender is missing a pack.mcmeta file, substituting a dummy one
[15:25:46] [Client thread/DEBUG] [GTNH Lib/]: Mod GTNH Lib is missing a pack.mcmeta file, substituting a dummy one
[15:25:46] [Client thread/DEBUG] [Hbm's Nuclear Tech/]: Mod Hbm's Nuclear Tech is missing a pack.mcmeta file, substituting a dummy one
[15:25:46] [Client thread/DEBUG] [Hide Names/]: Mod Hide Names is missing a pack.mcmeta file, substituting a dummy one
[15:25:46] [Client thread/DEBUG] [MCH-Reforged/]: Mod MCH-Reforged is missing a pack.mcmeta file, substituting a dummy one
[15:25:46] [Client thread/DEBUG] [mchrmixin/]: Mod mchrmixin is missing a pack.mcmeta file, substituting a dummy one
[15:25:46] [Client thread/DEBUG] [Quick Easy Menu/]: Mod Quick Easy Menu is missing a pack.mcmeta file, substituting a dummy one
[15:25:46] [Client thread/DEBUG] [StepUp/]: Mod StepUp is missing a pack.mcmeta file, substituting a dummy one
[15:25:46] [Client thread/DEBUG] [Unicode Font Extension/]: Mod Unicode Font Extension is missing a pack.mcmeta file, substituting a dummy one
[15:25:46] [Client thread/DEBUG] [Xaero's Minimap/]: Mod Xaero's Minimap is missing a pack.mcmeta file, substituting a dummy one
[15:25:46] [Client thread/DEBUG] [Xaero's World Map/]: Mod Xaero's World Map is missing a pack.mcmeta file, substituting a dummy one
[15:25:46] [Client thread/INFO] [FML/]: Processing ObjectHolder annotations
[15:25:46] [Client thread/INFO] [FML/]: Found 341 ObjectHolder annotations
[15:25:46] [Client thread/INFO] [FML/]: Identifying ItemStackHolder annotations
[15:25:46] [Client thread/INFO] [FML/]: Found 0 ItemStackHolder annotations
[15:25:46] [Client thread/INFO] [mclib(coretweaks)/]: Latest version of MCLib present: 0.1.3 @ makamys.coretweaks.repackage.makamys.mclib
[15:25:46] [Client thread/TRACE] [mclib(coretweaks)/]: Running preinit
[15:25:47] [Client thread/TRACE] [mcp/mcp]: Sending event FMLPreInitializationEvent to mod mcp
[15:25:47] [Client thread/TRACE] [mcp/mcp]: Sent event FMLPreInitializationEvent to mod mcp
[15:25:47] [Client thread/DEBUG] [FML/]: Bar Step: PreInitialization - Minecraft Coder Pack took 0.000s
[15:25:47] [Client thread/TRACE] [FML/FML]: Sending event FMLPreInitializationEvent to mod FML
[15:25:47] [Client thread/TRACE] [FML/FML]: Sent event FMLPreInitializationEvent to mod FML
[15:25:47] [Client thread/DEBUG] [FML/]: Bar Step: PreInitialization - Forge Mod Loader took 0.000s
[15:25:47] [Client thread/TRACE] [Forge/Forge]: Sending event FMLPreInitializationEvent to mod Forge
[15:25:47] [Client thread/INFO] [FML/Forge]: Configured a dormant chunk cache size of 0
[15:25:47] [Client thread/TRACE] [Forge/Forge]: Sent event FMLPreInitializationEvent to mod Forge
[15:25:47] [Client thread/DEBUG] [FML/]: Bar Step: PreInitialization - Minecraft Forge took 0.011s
[15:25:47] [Client thread/TRACE] [InputFix/InputFix]: Sending event FMLPreInitializationEvent to mod InputFix
[15:25:47] [Client thread/TRACE] [InputFix/InputFix]: Sent event FMLPreInitializationEvent to mod InputFix
[15:25:47] [Client thread/DEBUG] [FML/]: Bar Step: PreInitialization - InputFix took 0.000s
[15:25:47] [Client thread/TRACE] [UnicodeFontExtensionCore/UnicodeFontExtensionCore]: Sending event FMLPreInitializationEvent to mod UnicodeFontExtensionCore
[15:25:47] [Client thread/TRACE] [UnicodeFontExtensionCore/UnicodeFontExtensionCore]: Sent event FMLPreInitializationEvent to mod UnicodeFontExtensionCore
[15:25:47] [Client thread/DEBUG] [FML/]: Bar Step: PreInitialization - Unicode Font Extension Core took 0.000s
[15:25:47] [Client thread/TRACE] [UraniumPlus/UraniumPlus]: Sending event FMLPreInitializationEvent to mod UraniumPlus
[15:25:47] [Client thread/TRACE] [UraniumPlus/UraniumPlus]: Sent event FMLPreInitializationEvent to mod UraniumPlus
[15:25:47] [Client thread/DEBUG] [FML/]: Bar Step: PreInitialization - Added title and actionbar support for client and server took 0.000s
[15:25:47] [Client thread/TRACE] [xaerominimap_core/xaerominimap_core]: Sending event FMLPreInitializationEvent to mod xaerominimap_core
[15:25:47] [Client thread/TRACE] [xaerominimap_core/xaerominimap_core]: Sent event FMLPreInitializationEvent to mod xaerominimap_core
[15:25:47] [Client thread/DEBUG] [FML/]: Bar Step: PreInitialization - XaeroMinimapCore took 0.000s
[15:25:47] [Client thread/TRACE] [xaeroworldmap_core/xaeroworldmap_core]: Sending event FMLPreInitializationEvent to mod xaeroworldmap_core
[15:25:47] [Client thread/TRACE] [xaeroworldmap_core/xaeroworldmap_core]: Sent event FMLPreInitializationEvent to mod xaeroworldmap_core
[15:25:47] [Client thread/DEBUG] [FML/]: Bar Step: PreInitialization - XaeroWorldMapCore took 0.000s
[15:25:47] [Client thread/TRACE] [GTNHLib Core/GTNHLib Core]: Sending event FMLPreInitializationEvent to mod GTNHLib Core
[15:25:47] [Client thread/TRACE] [GTNHLib Core/GTNHLib Core]: Sent event FMLPreInitializationEvent to mod GTNHLib Core
[15:25:47] [Client thread/DEBUG] [FML/]: Bar Step: PreInitialization - GTNHLib Core took 0.000s
[15:25:47] [Client thread/TRACE] [UnicodeFontExtension/UnicodeFontExtension]: Sending event FMLPreInitializationEvent to mod UnicodeFontExtension
[15:25:47] [Client thread/TRACE] [UnicodeFontExtension/UnicodeFontExtension]: Sent event FMLPreInitializationEvent to mod UnicodeFontExtension
[15:25:47] [Client thread/DEBUG] [FML/]: Bar Step: PreInitialization - Unicode Font Extension took 0.002s
[15:25:47] [Client thread/TRACE] [unimixins/unimixins]: Sending event FMLPreInitializationEvent to mod unimixins
[15:25:47] [Client thread/TRACE] [unimixins/unimixins]: Sent event FMLPreInitializationEvent to mod unimixins
[15:25:47] [Client thread/DEBUG] [FML/]: Bar Step: PreInitialization - UniMixins took 0.000s
[15:25:47] [Client thread/TRACE] [unimixins-mixin/unimixins-mixin]: Sending event FMLPreInitializationEvent to mod unimixins-mixin
[15:25:47] [Client thread/TRACE] [unimixins-mixin/unimixins-mixin]: Sent event FMLPreInitializationEvent to mod unimixins-mixin
[15:25:47] [Client thread/DEBUG] [FML/]: Bar Step: PreInitialization - UniMixins: Mixin (UniMix) took 0.000s
[15:25:47] [Client thread/TRACE] [unimixins-compat/unimixins-compat]: Sending event FMLPreInitializationEvent to mod unimixins-compat
[15:25:47] [Client thread/TRACE] [unimixins-compat/unimixins-compat]: Sent event FMLPreInitializationEvent to mod unimixins-compat
[15:25:47] [Client thread/DEBUG] [FML/]: Bar Step: PreInitialization - UniMixins: Compatibility took 0.000s
[15:25:47] [Client thread/TRACE] [mixingasm/mixingasm]: Sending event FMLPreInitializationEvent to mod mixingasm
[15:25:47] [Client thread/TRACE] [mixingasm/mixingasm]: Sent event FMLPreInitializationEvent to mod mixingasm
[15:25:47] [Client thread/DEBUG] [FML/]: Bar Step: PreInitialization - UniMixins: Mixingasm took 0.000s
[15:25:47] [Client thread/TRACE] [spongemixins/spongemixins]: Sending event FMLPreInitializationEvent to mod spongemixins
[15:25:47] [Client thread/TRACE] [spongemixins/spongemixins]: Sent event FMLPreInitializationEvent to mod spongemixins
[15:25:47] [Client thread/DEBUG] [FML/]: Bar Step: PreInitialization - UniMixins: SpongeMixins took 0.000s
[15:25:47] [Client thread/TRACE] [mixinbooterlegacy/mixinbooterlegacy]: Sending event FMLPreInitializationEvent to mod mixinbooterlegacy
[15:25:47] [Client thread/TRACE] [mixinbooterlegacy/mixinbooterlegacy]: Sent event FMLPreInitializationEvent to mod mixinbooterlegacy
[15:25:47] [Client thread/DEBUG] [FML/]: Bar Step: PreInitialization - UniMixins: MixinBooterLegacy took 0.000s
[15:25:47] [Client thread/TRACE] [gasstation/gasstation]: Sending event FMLPreInitializationEvent to mod gasstation
[15:25:47] [Client thread/TRACE] [gasstation/gasstation]: Sent event FMLPreInitializationEvent to mod gasstation
[15:25:47] [Client thread/DEBUG] [FML/]: Bar Step: PreInitialization - UniMixins: GasStation took 0.000s
[15:25:47] [Client thread/TRACE] [gtnhmixins/gtnhmixins]: Sending event FMLPreInitializationEvent to mod gtnhmixins
[15:25:47] [Client thread/TRACE] [gtnhmixins/gtnhmixins]: Sent event FMLPreInitializationEvent to mod gtnhmixins
[15:25:47] [Client thread/DEBUG] [FML/]: Bar Step: PreInitialization - UniMixins: GTNHMixins took 0.000s
[15:25:47] [Client thread/TRACE] [mixinextras/mixinextras]: Sending event FMLPreInitializationEvent to mod mixinextras
[15:25:47] [Client thread/TRACE] [mixinextras/mixinextras]: Sent event FMLPreInitializationEvent to mod mixinextras
[15:25:47] [Client thread/DEBUG] [FML/]: Bar Step: PreInitialization - UniMixins: MixinExtras took 0.000s
[15:25:47] [Client thread/TRACE] [worldedit/worldedit]: Sending event FMLPreInitializationEvent to mod worldedit
[15:25:47] [Client thread/TRACE] [worldedit/worldedit]: Sent event FMLPreInitializationEvent to mod worldedit
[15:25:47] [Client thread/DEBUG] [FML/]: Bar Step: PreInitialization - WorldEdit took 0.008s
[15:25:47] [Client thread/TRACE] [embeddium/embeddium]: Sending event FMLPreInitializationEvent to mod embeddium
[15:25:47] [Client thread/TRACE] [embeddium/embeddium]: Sent event FMLPreInitializationEvent to mod embeddium
[15:25:47] [Client thread/DEBUG] [FML/]: Bar Step: PreInitialization - Embeddium took 0.003s
[15:25:47] [Client thread/TRACE] [gtnhlib/gtnhlib]: Sending event FMLPreInitializationEvent to mod gtnhlib
[15:25:47] [Client thread/INFO] [gtnhlib/gtnhlib]: GTNHLib version 0.6.39 loaded.
[15:25:47] [Client thread/TRACE] [gtnhlib/gtnhlib]: Sent event FMLPreInitializationEvent to mod gtnhlib
[15:25:47] [Client thread/DEBUG] [FML/]: Bar Step: PreInitialization - GTNH Lib took 0.002s
[15:25:47] [Client thread/TRACE] [angelica/angelica]: Sending event FMLPreInitializationEvent to mod angelica
[15:25:47] [Client thread/DEBUG] [mixin/angelica]: Mixing notfine.clouds.MixinEntityRenderer from mixins.angelica.early.json into net.minecraft.client.renderer.EntityRenderer
[15:25:47] [Client thread/DEBUG] [mixin/angelica]: Mixing angelica.MixinEntityRenderer from mixins.angelica.early.json into net.minecraft.client.renderer.EntityRenderer
[15:25:47] [Client thread/TRACE] [mixin/angelica]: Added class metadata for com/gtnewhorizons/angelica/rendering/RenderingState to metadata cache
[15:25:47] [Client thread/DEBUG] [mixin/angelica]: Mixing angelica.dynamiclights.MixinEntityRenderer from mixins.angelica.early.json into net.minecraft.client.renderer.EntityRenderer
[15:25:47] [Client thread/DEBUG] [mixin/angelica]: Mixing sodium.MixinEntityRenderer from mixins.angelica.early.json into net.minecraft.client.renderer.EntityRenderer
[15:25:47] [Client thread/TRACE] [mixin/angelica]: Added class metadata for me/jellysquid/mods/sodium/client/gl/compat/FogHelper to metadata cache
[15:25:47] [Client thread/DEBUG] [mixin/angelica]: Mixing shaders.MixinEntityRenderer from mixins.angelica.early.json into net.minecraft.client.renderer.EntityRenderer
[15:25:47] [Client thread/TRACE] [mixin/angelica]: Added class metadata for net/coderbot/iris/uniforms/SystemTimeUniforms to metadata cache
[15:25:47] [Client thread/TRACE] [mixin/angelica]: Added class metadata for net/coderbot/iris/gl/program/Program to metadata cache
[15:25:47] [Client thread/TRACE] [mixin/angelica]: Added class metadata for com/llamalad7/mixinextras/sugar/ref/LocalRef to metadata cache
[15:25:47] [Client thread/TRACE] [mixin/angelica]: Added class metadata for com/gtnewhorizons/angelica/compat/mojang/Camera to metadata cache
[15:25:47] [Client thread/TRACE] [mixin/angelica]: Added class metadata for net/coderbot/iris/pipeline/HandRenderer to metadata cache
[15:25:47] [Client thread/TRACE] [mixin/angelica]: Added class metadata for net/irisshaders/iris/api/v0/IrisApi to metadata cache
[15:25:47] [Client thread/TRACE] [mixin/angelica]: Added class metadata for net/coderbot/iris/pipeline/WorldRenderingPhase to metadata cache
[15:25:47] [Client thread/DEBUG] [mixin/angelica]: Mixing angelica.zoom.MixinEntityRenderer_Zoom from mixins.angelica.early.json into net.minecraft.client.renderer.EntityRenderer
[15:25:47] [Client thread/DEBUG] [mixin/angelica]: Mixing notfine.toggle.MixinEntityRenderer from mixins.angelica.early.json into net.minecraft.client.renderer.EntityRenderer
[15:25:47] [Client thread/DEBUG] [mixin/angelica]: Mixing notfine.toggle.MixinEntityRenderer$RenderRainSnow from mixins.angelica.early.json into net.minecraft.client.renderer.EntityRenderer
[15:25:47] [Client thread/DEBUG] [mixin/angelica]: Mixing tweak.farplane.MixinEntityRenderer from coretweaks.mixin.json into net.minecraft.client.renderer.EntityRenderer
[15:25:47] [Client thread/TRACE] [mixin/angelica]: Added class metadata for makamys/coretweaks/tweak/FarPlaneDistanceTweaker to metadata cache
[15:25:47] [Client thread/TRACE] [mixin/angelica]: Added class metadata for com/gtnewhorizons/angelica/mixins/interfaces/EntityRendererAccessor to metadata cache
[15:25:47] [Client thread/DEBUG] [mixin/angelica]: mixins.angelica.early.json:angelica.MixinEntityRenderer from mod angelica->@Inject::angelica$captureCameraMatrix(FILorg/spongepowered/asm/mixin/injection/callback/CallbackInfo;)V doesn't use it's CallbackInfo
[15:25:47] [Client thread/DEBUG] [mixin/angelica]: mixins.angelica.early.json:angelica.MixinEntityRenderer from mod angelica->@Inject::angelica$captureCameraMatrix(FILorg/spongepowered/asm/mixin/injection/callback/CallbackInfo;)V has 0 override(s) in child classes
[15:25:47] [Client thread/DEBUG] [mixin/angelica]: mixins.angelica.early.json:angelica.MixinEntityRenderer from mod angelica->@Inject::angelica$captureCameraMatrix(FILorg/spongepowered/asm/mixin/injection/callback/CallbackInfo;)V won't be passed a CallbackInfo as a result
[15:25:47] [Client thread/DEBUG] [mixin/angelica]: mixins.angelica.early.json:angelica.dynamiclights.MixinEntityRenderer from mod angelica->@Inject::updateDynamicLights(FJLorg/spongepowered/asm/mixin/injection/callback/CallbackInfo;)V doesn't use it's CallbackInfo
[15:25:47] [Client thread/DEBUG] [mixin/angelica]: mixins.angelica.early.json:angelica.dynamiclights.MixinEntityRenderer from mod angelica->@Inject::updateDynamicLights(FJLorg/spongepowered/asm/mixin/injection/callback/CallbackInfo;)V has 0 override(s) in child classes
[15:25:47] [Client thread/DEBUG] [mixin/angelica]: mixins.angelica.early.json:angelica.dynamiclights.MixinEntityRenderer from mod angelica->@Inject::updateDynamicLights(FJLorg/spongepowered/asm/mixin/injection/callback/CallbackInfo;)V won't be passed a CallbackInfo as a result
[15:25:47] [Client thread/DEBUG] [mixin/angelica]: mixins.angelica.early.json:sodium.MixinEntityRenderer from mod angelica->@Inject::storeFog(Lorg/spongepowered/asm/mixin/injection/callback/CallbackInfo;)V doesn't use it's CallbackInfo
[15:25:47] [Client thread/DEBUG] [mixin/angelica]: mixins.angelica.early.json:sodium.MixinEntityRenderer from mod angelica->@Inject::storeFog(Lorg/spongepowered/asm/mixin/injection/callback/CallbackInfo;)V has 0 override(s) in child classes
[15:25:47] [Client thread/DEBUG] [mixin/angelica]: mixins.angelica.early.json:sodium.MixinEntityRenderer from mod angelica->@Inject::storeFog(Lorg/spongepowered/asm/mixin/injection/callback/CallbackInfo;)V won't be passed a CallbackInfo as a result
[15:25:47] [Client thread/DEBUG] [mixin/angelica]: mixins.angelica.early.json:shaders.MixinEntityRenderer from mod angelica->@Inject::iris$beginRender(FJLorg/spongepowered/asm/mixin/injection/callback/CallbackInfo;)V doesn't use it's CallbackInfo
[15:25:47] [Client thread/DEBUG] [mixin/angelica]: mixins.angelica.early.json:shaders.MixinEntityRenderer from mod angelica->@Inject::iris$beginRender(FJLorg/spongepowered/asm/mixin/injection/callback/CallbackInfo;)V has 0 override(s) in child classes
[15:25:47] [Client thread/DEBUG] [mixin/angelica]: mixins.angelica.early.json:shaders.MixinEntityRenderer from mod angelica->@Inject::iris$beginRender(FJLorg/spongepowered/asm/mixin/injection/callback/CallbackInfo;)V won't be passed a CallbackInfo as a result
[15:25:47] [Client thread/DEBUG] [mixin/angelica]: mixins.angelica.early.json:shaders.MixinEntityRenderer from mod angelica->@Inject::iris$endLevelRender(FJLorg/spongepowered/asm/mixin/injection/callback/CallbackInfo;)V doesn't use it's CallbackInfo
[15:25:47] [Client thread/DEBUG] [mixin/angelica]: mixins.angelica.early.json:shaders.MixinEntityRenderer from mod angelica->@Inject::iris$endLevelRender(FJLorg/spongepowered/asm/mixin/injection/callback/CallbackInfo;)V has 0 override(s) in child classes
[15:25:47] [Client thread/DEBUG] [mixin/angelica]: mixins.angelica.early.json:shaders.MixinEntityRenderer from mod angelica->@Inject::iris$endLevelRender(FJLorg/spongepowered/asm/mixin/injection/callback/CallbackInfo;)V won't be passed a CallbackInfo as a result
[15:25:47] [Client thread/DEBUG] [mixin/angelica]: mixins.angelica.early.json:shaders.MixinEntityRenderer from mod angelica->@Inject::iris$beginEntities(FJLorg/spongepowered/asm/mixin/injection/callback/CallbackInfo;)V doesn't use it's CallbackInfo
[15:25:47] [Client thread/DEBUG] [mixin/angelica]: mixins.angelica.early.json:shaders.MixinEntityRenderer from mod angelica->@Inject::iris$beginEntities(FJLorg/spongepowered/asm/mixin/injection/callback/CallbackInfo;)V has 0 override(s) in child classes
[15:25:47] [Client thread/DEBUG] [mixin/angelica]: mixins.angelica.early.json:shaders.MixinEntityRenderer from mod angelica->@Inject::iris$beginEntities(FJLorg/spongepowered/asm/mixin/injection/callback/CallbackInfo;)V won't be passed a CallbackInfo as a result
[15:25:47] [Client thread/DEBUG] [mixin/angelica]: mixins.angelica.early.json:shaders.MixinEntityRenderer from mod angelica->@Inject::iris$beginSky(FJLorg/spongepowered/asm/mixin/injection/callback/CallbackInfo;)V doesn't use it's CallbackInfo
[15:25:47] [Client thread/DEBUG] [mixin/angelica]: mixins.angelica.early.json:shaders.MixinEntityRenderer from mod angelica->@Inject::iris$beginSky(FJLorg/spongepowered/asm/mixin/injection/callback/CallbackInfo;)V has 0 override(s) in child classes
[15:25:47] [Client thread/DEBUG] [mixin/angelica]: mixins.angelica.early.json:shaders.MixinEntityRenderer from mod angelica->@Inject::iris$beginSky(FJLorg/spongepowered/asm/mixin/injection/callback/CallbackInfo;)V won't be passed a CallbackInfo as a result
[15:25:47] [Client thread/DEBUG] [mixin/angelica]: mixins.angelica.early.json:shaders.MixinEntityRenderer from mod angelica->@Inject::iris$endSky(FJLorg/spongepowered/asm/mixin/injection/callback/CallbackInfo;)V doesn't use it's CallbackInfo
[15:25:47] [Client thread/DEBUG] [mixin/angelica]: mixins.angelica.early.json:shaders.MixinEntityRenderer from mod angelica->@Inject::iris$endSky(FJLorg/spongepowered/asm/mixin/injection/callback/CallbackInfo;)V has 0 override(s) in child classes
[15:25:47] [Client thread/DEBUG] [mixin/angelica]: mixins.angelica.early.json:shaders.MixinEntityRenderer from mod angelica->@Inject::iris$endSky(FJLorg/spongepowered/asm/mixin/injection/callback/CallbackInfo;)V won't be passed a CallbackInfo as a result
[15:25:47] [Client thread/DEBUG] [mixin/angelica]: mixins.angelica.early.json:shaders.MixinEntityRenderer from mod angelica->@Inject::iris$beginWeatherAndwriteRainAndSnowToDepthBuffer(FJLorg/spongepowered/asm/mixin/injection/callback/CallbackInfo;)V doesn't use it's CallbackInfo
[15:25:47] [Client thread/DEBUG] [mixin/angelica]: mixins.angelica.early.json:shaders.MixinEntityRenderer from mod angelica->@Inject::iris$beginWeatherAndwriteRainAndSnowToDepthBuffer(FJLorg/spongepowered/asm/mixin/injection/callback/CallbackInfo;)V has 0 override(s) in child classes
[15:25:47] [Client thread/DEBUG] [mixin/angelica]: mixins.angelica.early.json:shaders.MixinEntityRenderer from mod angelica->@Inject::iris$beginWeatherAndwriteRainAndSnowToDepthBuffer(FJLorg/spongepowered/asm/mixin/injection/callback/CallbackInfo;)V won't be passed a CallbackInfo as a result
[15:25:47] [Client thread/DEBUG] [mixin/angelica]: mixins.angelica.early.json:shaders.MixinEntityRenderer from mod angelica->@Inject::iris$endWeather(FJLorg/spongepowered/asm/mixin/injection/callback/CallbackInfo;)V doesn't use it's CallbackInfo
[15:25:47] [Client thread/DEBUG] [mixin/angelica]: mixins.angelica.early.json:shaders.MixinEntityRenderer from mod angelica->@Inject::iris$endWeather(FJLorg/spongepowered/asm/mixin/injection/callback/CallbackInfo;)V has 0 override(s) in child classes
[15:25:47] [Client thread/DEBUG] [mixin/angelica]: mixins.angelica.early.json:shaders.MixinEntityRenderer from mod angelica->@Inject::iris$endWeather(FJLorg/spongepowered/asm/mixin/injection/callback/CallbackInfo;)V won't be passed a CallbackInfo as a result
[15:25:47] [Client thread/DEBUG] [mixin/angelica]: Mixing angelica.animation.MixinTextureMap from mixins.angelica.early.json into net.minecraft.client.renderer.texture.TextureMap
[15:25:47] [Client thread/TRACE] [mixin/angelica]: Added class metadata for com/gtnewhorizons/angelica/utils/AnimationMode to metadata cache
[15:25:47] [Client thread/TRACE] [mixin/angelica]: Added class metadata for com/gtnewhorizons/angelica/utils/ManagedEnum to metadata cache
[15:25:47] [Client thread/DEBUG] [mixin/angelica]: Mixing shaders.startup.MixinTextureMap from mixins.angelica.early.json into net.minecraft.client.renderer.texture.TextureMap
[15:25:47] [Client thread/TRACE] [mixin/angelica]: Added class metadata for net/coderbot/iris/texture/pbr/TextureAtlasExtension to metadata cache
[15:25:47] [Client thread/TRACE] [mixin/angelica]: Added class metadata for net/coderbot/iris/texture/pbr/PBRAtlasHolder to metadata cache
[15:25:47] [Client thread/DEBUG] [mixin/angelica]: Mixing notfine.interpolatedtexturemap.MixinTextureMap from mixins.angelica.early.json into net.minecraft.client.renderer.texture.TextureMap
[15:25:47] [Client thread/TRACE] [mixin/angelica]: Added class metadata for net/minecraft/client/resources/IResource to metadata cache
[15:25:47] [Client thread/TRACE] [mixin/angelica]: Added class metadata for net/minecraft/client/resources/SimpleResource to metadata cache
[15:25:47] [Client thread/TRACE] [mixin/angelica]: Added class metadata for com/google/gson/JsonPrimitive to metadata cache
[15:25:47] [Client thread/TRACE] [mixin/angelica]: Added class metadata for jss/notfine/render/InterpolatedIcon to metadata cache
[15:25:47] [Client thread/DEBUG] [mixin/angelica]: Mixing mcpatcherforge.ctm_cc.MixinTextureMap from mixins.angelica.early.json into net.minecraft.client.renderer.texture.TextureMap
[15:25:47] [Client thread/TRACE] [mixin/angelica]: Added class metadata for com/prupe/mcpatcher/mal/tile/TileLoader to metadata cache
[15:25:47] [Client thread/TRACE] [mixin/angelica]: Added class metadata for net/minecraft/client/renderer/texture/ITickableTextureObject to metadata cache
[15:25:47] [Client thread/TRACE] [mixin/angelica]: Added class metadata for net/minecraft/client/renderer/texture/ITickable to metadata cache
[15:25:47] [Client thread/TRACE] [mixin/angelica]: Added class metadata for java/lang/Enum to metadata cache
[15:25:47] [Client thread/TRACE] [mixin/angelica]: Added class metadata for net/minecraft/client/resources/data/IMetadataSection to metadata cache
[15:25:47] [Client thread/DEBUG] [mixin/angelica]: mixins.angelica.early.json:shaders.startup.MixinTextureMap from mod angelica->@Inject::iris$onTailUpdateAnimations(Lorg/spongepowered/asm/mixin/injection/callback/CallbackInfo;)V doesn't use it's CallbackInfo
[15:25:47] [Client thread/DEBUG] [mixin/angelica]: mixins.angelica.early.json:shaders.startup.MixinTextureMap from mod angelica->@Inject::iris$onTailUpdateAnimations(Lorg/spongepowered/asm/mixin/injection/callback/CallbackInfo;)V has 0 override(s) in child classes
[15:25:47] [Client thread/DEBUG] [mixin/angelica]: mixins.angelica.early.json:shaders.startup.MixinTextureMap from mod angelica->@Inject::iris$onTailUpdateAnimations(Lorg/spongepowered/asm/mixin/injection/callback/CallbackInfo;)V won't be passed a CallbackInfo as a result
[15:25:47] [Client thread/DEBUG] [mixin/angelica]: mixins.angelica.early.json:notfine.interpolatedtexturemap.MixinTextureMap from mod angelica->@Inject::registerInterpolatedIcon(Ljava/lang/String;Lorg/spongepowered/asm/mixin/injection/callback/CallbackInfoReturnable;)V does use it's CallbackInfoReturnable
[15:25:47] [Client thread/DEBUG] [mixin/angelica]: mixins.angelica.early.json:notfine.interpolatedtexturemap.MixinTextureMap from mod angelica->@Inject::registerInterpolatedIcon(Ljava/lang/String;Lorg/spongepowered/asm/mixin/injection/callback/CallbackInfoReturnable;)V does use it's CallbackInfoReturnable
[15:25:47] [Client thread/DEBUG] [mixin/angelica]: mixins.angelica.early.json:mcpatcherforge.ctm_cc.MixinTextureMap from mod angelica->@Inject::modifyLoadTextureAtlas(Lnet/minecraft/client/resources/IResourceManager;Lorg/spongepowered/asm/mixin/injection/callback/CallbackInfo;)V doesn't use it's CallbackInfo
[15:25:47] [Client thread/DEBUG] [mixin/angelica]: mixins.angelica.early.json:mcpatcherforge.ctm_cc.MixinTextureMap from mod angelica->@Inject::modifyLoadTextureAtlas(Lnet/minecraft/client/resources/IResourceManager;Lorg/spongepowered/asm/mixin/injection/callback/CallbackInfo;)V has 0 override(s) in child classes
[15:25:47] [Client thread/DEBUG] [mixin/angelica]: mixins.angelica.early.json:mcpatcherforge.ctm_cc.MixinTextureMap from mod angelica->@Inject::modifyLoadTextureAtlas(Lnet/minecraft/client/resources/IResourceManager;Lorg/spongepowered/asm/mixin/injection/callback/CallbackInfo;)V won't be passed a CallbackInfo as a result
[15:25:47] [Client thread/TRACE] [mixin/angelica]: Added class metadata for net/minecraft/client/renderer/texture/TextureCompass to metadata cache
[15:25:47] [Client thread/TRACE] [mixin/angelica]: Added class metadata for net/minecraft/client/renderer/texture/TextureClock to metadata cache
[15:25:47] [Client thread/TRACE] [angelica/angelica]: Sent event FMLPreInitializationEvent to mod angelica
[15:25:47] [Client thread/DEBUG] [FML/]: Bar Step: PreInitialization - Angelica took 0.072s
[15:25:47] [Client thread/TRACE] [notfine/notfine]: Sending event FMLPreInitializationEvent to mod notfine
[15:25:47] [Client thread/TRACE] [notfine/notfine]: Sent event FMLPreInitializationEvent to mod notfine
[15:25:47] [Client thread/DEBUG] [FML/]: Bar Step: PreInitialization - NotFine took 0.014s
[15:25:47] [Client thread/TRACE] [mcpatcherforge/mcpatcherforge]: Sending event FMLPreInitializationEvent to mod mcpatcherforge
[15:25:47] [Client thread/TRACE] [mcpatcherforge/mcpatcherforge]: Sent event FMLPreInitializationEvent to mod mcpatcherforge
[15:25:47] [Client thread/DEBUG] [FML/]: Bar Step: PreInitialization - MCPatcherForge took 0.000s
[15:25:47] [Client thread/TRACE] [ArchitectureCraft/ArchitectureCraft]: Sending event FMLPreInitializationEvent to mod ArchitectureCraft
[15:25:47] [Client thread/TRACE] [ArchitectureCraft/ArchitectureCraft]: Sent event FMLPreInitializationEvent to mod ArchitectureCraft
[15:25:47] [Client thread/DEBUG] [FML/]: Bar Step: PreInitialization - ArchitectureCraft took 0.065s
[15:25:47] [Client thread/TRACE] [coretweaks/coretweaks]: Sending event FMLPreInitializationEvent to mod coretweaks
[15:25:47] [Client thread/TRACE] [coretweaks/coretweaks]: Sent event FMLPreInitializationEvent to mod coretweaks
[15:25:47] [Client thread/DEBUG] [FML/]: Bar Step: PreInitialization - CoreTweaks took 0.014s
[15:25:47] [pool-5-thread-1/DEBUG] [updatechecklib/coretweaks]: Checking CoreTweaks for updates
[15:25:47] [Client thread/TRACE] [CustomMainMenu/CustomMainMenu]: Sending event FMLPreInitializationEvent to mod CustomMainMenu
[15:25:47] [Client thread/DEBUG] [mixin/CustomMainMenu]: Mixing fml.MixinGuiModList from mixins.gtnhlib.early.json into cpw.mods.fml.client.GuiModList
[15:25:47] [Client thread/TRACE] [mixin/CustomMainMenu]: Added class metadata for net/minecraft/client/gui/GuiButton to metadata cache
[15:25:47] [Client thread/TRACE] [mixin/CustomMainMenu]: Added class metadata for com/gtnewhorizon/gtnhlib/config/ConfigurationManager to metadata cache
[15:25:47] [Client thread/TRACE] [mixin/CustomMainMenu]: Added class metadata for com/gtnewhorizon/gtnhlib/config/SimpleGuiConfig to metadata cache
[15:25:47] [Client thread/TRACE] [mixin/CustomMainMenu]: Added class metadata for cpw/mods/fml/client/config/GuiConfig to metadata cache
[15:25:47] [Client thread/TRACE] [mixin/CustomMainMenu]: Added class metadata for cpw/mods/fml/client/IModGuiFactory to metadata cache
[15:25:47] [Client thread/TRACE] [mixin/CustomMainMenu]: Added class metadata for com/gtnewhorizon/gtnhlib/config/ConfigException to metadata cache
[15:25:47] [Client thread/DEBUG] [mixin/CustomMainMenu]: mixins.gtnhlib.early.json:fml.MixinGuiModList from mod gtnhlib->@Inject::gtnhlib$autoCreateGuiConfig(Lnet/minecraft/client/gui/GuiButton;Lorg/spongepowered/asm/mixin/injection/callback/CallbackInfo;)V does use it's CallbackInfo
[15:25:47] [Client thread/DEBUG] [mixin/CustomMainMenu]: mixins.gtnhlib.early.json:fml.MixinGuiModList from mod gtnhlib->@Inject::gtnhlib$checkForRegisteredConfig(IIFLorg/spongepowered/asm/mixin/injection/callback/CallbackInfo;)V doesn't use it's CallbackInfo
[15:25:47] [Client thread/DEBUG] [mixin/CustomMainMenu]: mixins.gtnhlib.early.json:fml.MixinGuiModList from mod gtnhlib->@Inject::gtnhlib$checkForRegisteredConfig(IIFLorg/spongepowered/asm/mixin/injection/callback/CallbackInfo;)V has 0 override(s) in child classes
[15:25:47] [Client thread/DEBUG] [mixin/CustomMainMenu]: mixins.gtnhlib.early.json:fml.MixinGuiModList from mod gtnhlib->@Inject::gtnhlib$checkForRegisteredConfig(IIFLorg/spongepowered/asm/mixin/injection/callback/CallbackInfo;)V won't be passed a CallbackInfo as a result
[15:25:47] [Client thread/TRACE] [CustomMainMenu/CustomMainMenu]: Sent event FMLPreInitializationEvent to mod CustomMainMenu
[15:25:47] [Client thread/DEBUG] [FML/]: Bar Step: PreInitialization - Custom Main Menu took 0.040s
[15:25:47] [Client thread/TRACE] [damagemark/damagemark]: Sending event FMLPreInitializationEvent to mod damagemark
[15:25:47] [Client thread/TRACE] [damagemark/damagemark]: Sent event FMLPreInitializationEvent to mod damagemark
[15:25:47] [Client thread/DEBUG] [FML/]: Bar Step: PreInitialization - DamageMark took 0.005s
[15:25:47] [Client thread/TRACE] [erde/erde]: Sending event FMLPreInitializationEvent to mod erde
[15:25:47] [Client thread/TRACE] [erde/erde]: Sent event FMLPreInitializationEvent to mod erde
[15:25:47] [Client thread/DEBUG] [FML/]: Bar Step: PreInitialization - Entity Render Extender took 0.002s
[15:25:47] [Client thread/TRACE] [flansmod/flansmod]: Sending event FMLPreInitializationEvent to mod flansmod
[15:25:47] [Client thread/INFO] [FMUR/flansmod]: Pre-initializing Flan's mod.
[15:25:47] [Client thread/INFO] [STDOUT/flansmod]: [xaero.common.core.transformer.ClassNodeTransformer:transform:26]: Transforming class bix net.minecraft.client.model.ModelRenderer
[15:25:47] [Client thread/DEBUG] [mixin/flansmod]: Mixing angelica.vbo.MixinModelRenderer from mixins.angelica.early.json into net.minecraft.client.model.ModelRenderer
[15:25:47] [Client thread/TRACE] [mixin/flansmod]: Added class metadata for com/gtnewhorizon/gtnhlib/client/renderer/vbo/VBOManager to metadata cache
[15:25:47] [Client thread/TRACE] [mixin/flansmod]: Added class metadata for com/gtnewhorizon/gtnhlib/client/renderer/TessellatorManager to metadata cache
[15:25:47] [Client thread/TRACE] [mixin/flansmod]: Added class metadata for com/gtnewhorizon/gtnhlib/client/renderer/vertex/DefaultVertexFormat to metadata cache
[15:25:47] [Client thread/DEBUG] [mixin/flansmod]: Mixing angelica.dynamiclights.MixinItemRenderer from mixins.angelica.early.json into net.minecraft.client.renderer.ItemRenderer
[15:25:47] [Client thread/DEBUG] [mixin/flansmod]: Mixing shaders.MixinItemRenderer from mixins.angelica.early.json into net.minecraft.client.renderer.ItemRenderer
[15:25:47] [Client thread/TRACE] [mixin/flansmod]: Added class metadata for com/gtnewhorizons/angelica/compat/mojang/InteractionHand to metadata cache
[15:25:47] [Client thread/DEBUG] [mixin/flansmod]: Mixing notfine.glint.MixinItemRenderer from mixins.angelica.early.json into net.minecraft.client.renderer.ItemRenderer
[15:25:47] [Client thread/DEBUG] [mixin/flansmod]: mixins.angelica.early.json:shaders.MixinItemRenderer from mod angelica->@Inject::iris$skipTranslucentHands(FLorg/spongepowered/asm/mixin/injection/callback/CallbackInfo;)V does use it's CallbackInfo
[15:25:47] [Client thread/DEBUG] [mixin/flansmod]: Mixing sodium.MixinClientRegistry from mixins.angelica.early.json into cpw.mods.fml.client.registry.ClientRegistry
[15:25:47] [Client thread/DEBUG] [mixin/flansmod]: Mixing sodium.MixinTileEntityRendererDispatcher from mixins.angelica.early.json into net.minecraft.client.renderer.tileentity.TileEntityRendererDispatcher
[15:25:47] [Client thread/TRACE] [mixin/flansmod]: Added class metadata for java/util/concurrent/ConcurrentHashMap to metadata cache
[15:25:47] [Client thread/TRACE] [mixin/flansmod]: Added class metadata for java/util/concurrent/ConcurrentMap to metadata cache
[15:25:47] [Client thread/DEBUG] [mixin/flansmod]: mixins.angelica.early.json:sodium.MixinTileEntityRendererDispatcher from mod angelica->@Inject::useConcurrentMap(Lorg/spongepowered/asm/mixin/injection/callback/CallbackInfo;)V doesn't use it's CallbackInfo
[15:25:47] [Client thread/DEBUG] [mixin/flansmod]: mixins.angelica.early.json:sodium.MixinTileEntityRendererDispatcher from mod angelica->@Inject::useConcurrentMap(Lorg/spongepowered/asm/mixin/injection/callback/CallbackInfo;)V has 0 override(s) in child classes
[15:25:47] [Client thread/DEBUG] [mixin/flansmod]: mixins.angelica.early.json:sodium.MixinTileEntityRendererDispatcher from mod angelica->@Inject::useConcurrentMap(Lorg/spongepowered/asm/mixin/injection/callback/CallbackInfo;)V won't be passed a CallbackInfo as a result
[15:25:47] [Client thread/DEBUG] [mixin/flansmod]: Mixing shaders.MixinTileEntityBeaconRenderer from mixins.angelica.early.json into net.minecraft.client.renderer.tileentity.TileEntityBeaconRenderer
[15:25:47] [Client thread/TRACE] [mixin/flansmod]: Added class metadata for net/minecraft/client/renderer/tileentity/TileEntitySpecialRenderer to metadata cache
[15:25:47] [Client thread/TRACE] [mixin/flansmod]: Added class metadata for net/minecraft/tileentity/TileEntityBeacon to metadata cache
[15:25:47] [Client thread/DEBUG] [mixin/flansmod]: mixins.angelica.early.json:shaders.MixinTileEntityBeaconRenderer from mod angelica->@Inject::onRenderTileEntityAt(Lnet/minecraft/tileentity/TileEntityBeacon;DDDFLorg/spongepowered/asm/mixin/injection/callback/CallbackInfo;)V doesn't use it's CallbackInfo
[15:25:47] [Client thread/DEBUG] [mixin/flansmod]: mixins.angelica.early.json:shaders.MixinTileEntityBeaconRenderer from mod angelica->@Inject::onRenderTileEntityAt(Lnet/minecraft/tileentity/TileEntityBeacon;DDDFLorg/spongepowered/asm/mixin/injection/callback/CallbackInfo;)V has 0 override(s) in child classes
[15:25:47] [Client thread/DEBUG] [mixin/flansmod]: mixins.angelica.early.json:shaders.MixinTileEntityBeaconRenderer from mod angelica->@Inject::onRenderTileEntityAt(Lnet/minecraft/tileentity/TileEntityBeacon;DDDFLorg/spongepowered/asm/mixin/injection/callback/CallbackInfo;)V won't be passed a CallbackInfo as a result
[15:25:47] [Client thread/DEBUG] [mixin/flansmod]: mixins.angelica.early.json:shaders.MixinTileEntityBeaconRenderer from mod angelica->@Inject::afterRenderTileEntityAt(Lnet/minecraft/tileentity/TileEntityBeacon;DDDFLorg/spongepowered/asm/mixin/injection/callback/CallbackInfo;)V doesn't use it's CallbackInfo
[15:25:47] [Client thread/DEBUG] [mixin/flansmod]: mixins.angelica.early.json:shaders.MixinTileEntityBeaconRenderer from mod angelica->@Inject::afterRenderTileEntityAt(Lnet/minecraft/tileentity/TileEntityBeacon;DDDFLorg/spongepowered/asm/mixin/injection/callback/CallbackInfo;)V has 0 override(s) in child classes
[15:25:47] [Client thread/DEBUG] [mixin/flansmod]: mixins.angelica.early.json:shaders.MixinTileEntityBeaconRenderer from mod angelica->@Inject::afterRenderTileEntityAt(Lnet/minecraft/tileentity/TileEntityBeacon;DDDFLorg/spongepowered/asm/mixin/injection/callback/CallbackInfo;)V won't be passed a CallbackInfo as a result
[15:25:47] [Client thread/INFO] [FMUR/flansmod]: Registered renderers.
[15:25:47] [Client thread/INFO] [FMUR/flansmod]: Loaded content pack : Armor
[15:25:47] [Client thread/INFO] [FMUR/flansmod]: Loaded content pack : BFMC Gun Pack
[15:25:47] [Client thread/INFO] [FMUR/flansmod]: Loaded content pack : BFMC Gun Pack Exp
[15:25:47] [Client thread/INFO] [FMUR/flansmod]: Loaded content pack : BFMCpack
[15:25:47] [Client thread/INFO] [FMUR/flansmod]: Loaded content pack : simple parts-content pack-1.7.10-4.10.0.jar
[15:25:47] [Client thread/TRACE] [flansmod/flansmod]: Parsed dependency info : [] [] []
[15:25:47] [Client thread/DEBUG] [FML/flansmod]: Injecting found translation assets for lang en_US at assets/flansmod/lang/en_US.lang into language system
[15:25:47] [Client thread/DEBUG] [FML/flansmod]: Injecting found translation assets for lang zh_CN at assets/flansmod/lang/zh_CN.lang into language system
[15:25:47] [Client thread/INFO] [FMUR/flansmod]: Loaded content pack : Armor
[15:25:47] [Client thread/TRACE] [flansmod/flansmod]: Parsed dependency info : [] [] []
[15:25:47] [Client thread/DEBUG] [FML/flansmod]: Injecting found translation assets for lang en_US at assets/flansmod/lang/en_US.lang into language system
[15:25:47] [Client thread/DEBUG] [FML/flansmod]: Injecting found translation assets for lang zh_CN at assets/flansmod/lang/zh_CN.lang into language system
[15:25:47] [Client thread/INFO] [FMUR/flansmod]: Loaded content pack : BFMC Gun Pack
[15:25:47] [Client thread/TRACE] [flansmod/flansmod]: Parsed dependency info : [] [] []
[15:25:47] [Client thread/DEBUG] [FML/flansmod]: Injecting found translation assets for lang en_US at assets/flansmod/lang/en_US.lang into language system
[15:25:47] [Client thread/DEBUG] [FML/flansmod]: Injecting found translation assets for lang zh_CN at assets/flansmod/lang/zh_CN.lang into language system
[15:25:47] [Client thread/INFO] [FMUR/flansmod]: Loaded content pack : BFMC Gun Pack Exp
[15:25:47] [Client thread/TRACE] [flansmod/flansmod]: Parsed dependency info : [] [] []
[15:25:47] [Client thread/INFO] [FMUR/flansmod]: Loaded content pack : BFMCpack
[15:25:47] [Client thread/TRACE] [flansmod/flansmod]: Parsed dependency info : [] [] []
[15:25:47] [Client thread/DEBUG] [FML/flansmod]: Found translations in simple parts-content pack-1.7.10-4.10.0.jar [de_DE, en_US, ru_RU]
[15:25:47] [Client thread/INFO] [FMUR/flansmod]: Loaded content pack : simple parts-content pack-1.7.10-4.10.0.jar
[15:25:47] [Client thread/INFO] [FMUR/flansmod]: Loaded parts.
[15:25:47] [Client thread/WARN] [FMUR/flansmod]: No model location registered for BFMCpack.Shootbullet
[15:25:47] [Client thread/WARN] [FMUR/flansmod]: No model location registered for BFMCpack.Shootbullet
[15:25:47] [Client thread/WARN] [FMUR/flansmod]: No model location registered for BFMCpack.Shootbullet
[15:25:47] [Client thread/WARN] [FMUR/flansmod]: No model location registered for BFMCpack.Shootbullet25mm
[15:25:47] [Client thread/WARN] [FMUR/flansmod]: No model location registered for BFMCpack.Shootbullet25mm
[15:25:47] [Client thread/WARN] [FMUR/flansmod]: No model location registered for BFMCpack.Shootbullet25mm
[15:25:47] [Client thread/WARN] [FMUR/flansmod]: No model location registered for BFMCpack.Shootbullet25mm
[15:25:47] [Client thread/WARN] [FMUR/flansmod]: No model location registered for BFMCpack.Shootbullet25mm
[15:25:47] [Client thread/WARN] [FMUR/flansmod]: No model location registered for BFMCpack.Shootbullet25mm
[15:25:47] [Client thread/WARN] [FMUR/flansmod]: No model location registered for cvts.MGBullet
[15:25:47] [Client thread/WARN] [FMUR/flansmod]: No model location registered for BFMCpack.Shootbullet25mm
[15:25:47] [Client thread/WARN] [FMUR/flansmod]: No model location registered for BFMCpack.Shootbullet25mm
[15:25:47] [Client thread/WARN] [FMUR/flansmod]: No model location registered for cvts.MGBullet
[15:25:47] [Client thread/WARN] [FMUR/flansmod]: No model location registered for BFMCpack.Shootbullet25mm
[15:25:47] [Client thread/WARN] [FMUR/flansmod]: No model location registered for BFMCpack.Shootbullet25mm
[15:25:47] [Client thread/WARN] [FMUR/flansmod]: No model location registered for BFMCpack.Shootbullet
[15:25:47] [Client thread/WARN] [FMUR/flansmod]: No model location registered for BFMCpack.Shootbullet
[15:25:47] [Client thread/WARN] [FMUR/flansmod]: No model location registered for BFMCpack.Shootbullet
[15:25:47] [Client thread/WARN] [FMUR/flansmod]: No model location registered for BFMCpack.Shootbullet
[15:25:47] [Client thread/WARN] [FMUR/flansmod]: No model location registered for BFMCpack.Shootbullet
[15:25:47] [Client thread/WARN] [FMUR/flansmod]: No model location registered for BFMCpack.Shootbullet
[15:25:47] [Client thread/WARN] [FMUR/flansmod]: No model location registered for BFMCpack.Shootbullet
[15:25:47] [Client thread/WARN] [FMUR/flansmod]: No model location registered for BFMCpack.Shootbullet
[15:25:47] [Client thread/WARN] [FMUR/flansmod]: No model location registered for BFMCpack.Shootbullet
[15:25:47] [Client thread/WARN] [FMUR/flansmod]: No model location registered for mw.RoundGrenade
[15:25:47] [Client thread/WARN] [FMUR/flansmod]: No model location registered for mw.RoundGrenade
[15:25:47] [Client thread/WARN] [FMUR/flansmod]: No model location registered for BFMCpack.Shootbullet
[15:25:47] [Client thread/WARN] [FMUR/flansmod]: No model location registered for BFMCpack.Shootbullet
[15:25:47] [Client thread/WARN] [FMUR/flansmod]: No model location registered for BFMCpack.Shootbullet25mm
[15:25:47] [Client thread/WARN] [FMUR/flansmod]: No model location registered for BFMCpack.Shootbullet
[15:25:47] [Client thread/WARN] [FMUR/flansmod]: No model location registered for cvts.MGBullet
[15:25:47] [Client thread/WARN] [FMUR/flansmod]: No model location registered for cvts.MGBullet
[15:25:47] [Client thread/WARN] [FMUR/flansmod]: No model location registered for BFMCpack.Shootbullet
[15:25:47] [Client thread/WARN] [FMUR/flansmod]: No model location registered for cvts.MGBullet
[15:25:47] [Client thread/WARN] [FMUR/flansmod]: No model location registered for BFMCpack.Shootbullet
[15:25:47] [Client thread/WARN] [FMUR/flansmod]: No model location registered for BFMCpack.Shootbullet
[15:25:47] [Client thread/WARN] [FMUR/flansmod]: No model location registered for BFMCpack.Shootbullet
[15:25:47] [Client thread/WARN] [FMUR/flansmod]: No model location registered for BFMCpack.Shootbullet
[15:25:47] [Client thread/WARN] [FMUR/flansmod]: No model location registered for BFMCpack.Shootbullet
[15:25:47] [Client thread/WARN] [FMUR/flansmod]: No model location registered for BFMCpack.Shootbullet
[15:25:47] [Client thread/WARN] [FMUR/flansmod]: No model location registered for cvts.MGBullet
[15:25:47] [Client thread/WARN] [FMUR/flansmod]: No model location registered for BFMCpack.Shootbullet
[15:25:47] [Client thread/WARN] [FMUR/flansmod]: No model location registered for BFMCpack.Shootbullet
[15:25:47] [Client thread/WARN] [FMUR/flansmod]: No model location registered for BFMCpack.Shootbullet
[15:25:47] [Client thread/WARN] [FMUR/flansmod]: No model location registered for BFMCpack.Shootbullet
[15:25:47] [Client thread/WARN] [FMUR/flansmod]: No model location registered for cvts.MGBullet
[15:25:47] [Client thread/WARN] [FMUR/flansmod]: No model location registered for BFMCpack.Shootbullet
[15:25:47] [Client thread/WARN] [FMUR/flansmod]: No model location registered for BFMCpack.Shootbullet
[15:25:47] [Client thread/WARN] [FMUR/flansmod]: No model location registered for Octagon_Weapons.PG7VS
[15:25:47] [Client thread/WARN] [FMUR/flansmod]: No model location registered for Octagon_Weapons.PG7VS
[15:25:47] [Client thread/WARN] [FMUR/flansmod]: No model location registered for Octagon_Weapons.PG7VS
[15:25:47] [Client thread/WARN] [FMUR/flansmod]: No model location registered for BFMCpack.Shootbullet
[15:25:47] [Client thread/WARN] [FMUR/flansmod]: No model location registered for BFMCpack.Shootbullet
[15:25:47] [Client thread/WARN] [FMUR/flansmod]: No model location registered for cvts.MGBullet
[15:25:47] [Client thread/WARN] [FMUR/flansmod]: No model location registered for BFMCpack.Shootbullet
[15:25:47] [Client thread/WARN] [FMUR/flansmod]: No model location registered for BFMCpack.Shootbullet
[15:25:47] [Client thread/WARN] [FMUR/flansmod]: No model location registered for BFMCpack.Shootbullet
[15:25:47] [Client thread/WARN] [FMUR/flansmod]: No model location registered for BFMCpack.Shootbullet
[15:25:47] [Client thread/WARN] [FMUR/flansmod]: No model location registered for BFMCpack.Shootbullet
[15:25:47] [Client thread/WARN] [FMUR/flansmod]: No model location registered for BFMCpack.Shootbullet
[15:25:47] [Client thread/WARN] [FMUR/flansmod]: No model location registered for BFMCpack.Shootbullet
[15:25:47] [Client thread/WARN] [FMUR/flansmod]: No model location registered for cvts.MGBullet
[15:25:47] [Client thread/WARN] [FMUR/flansmod]: No model location registered for BFMCpack.Shootbullet
[15:25:47] [Client thread/WARN] [FMUR/flansmod]: No model location registered for cvts.MGBullet
[15:25:47] [Client thread/WARN] [FMUR/flansmod]: No model location registered for BFMCpack.Shootbullet
[15:25:47] [Client thread/WARN] [FMUR/flansmod]: No model location registered for BFMCpack.Shootbullet
[15:25:47] [Client thread/WARN] [FMUR/flansmod]: No model location registered for BFMCpack.Shootbullet
[15:25:47] [Client thread/WARN] [FMUR/flansmod]: No model location registered for BFMCpack.Shootbullet
[15:25:47] [Client thread/WARN] [FMUR/flansmod]: No model location registered for ccp.ERYXMissile
[15:25:47] [Client thread/WARN] [FMUR/flansmod]: No model location registered for ccp.ERYXMissile
[15:25:47] [Client thread/WARN] [FMUR/flansmod]: No model location registered for ccp.ERYXMissile
[15:25:47] [Client thread/WARN] [FMUR/flansmod]: No model location registered for mw.MIM23Rocket
[15:25:47] [Client thread/WARN] [FMUR/flansmod]: No model location registered for evp2.9K34Missile
[15:25:47] [Client thread/WARN] [FMUR/flansmod]: No model location registered for dwfirearms.BulletDrone
[15:25:47] [Client thread/WARN] [FMUR/flansmod]: No model location registered for dwfirearms.BulletDrone
[15:25:47] [Client thread/WARN] [FMUR/flansmod]: No model location registered for yeolde.Arrow
[15:25:47] [Client thread/WARN] [FMUR/flansmod]: No model location registered for yeolde.Arrow
[15:25:47] [Client thread/INFO] [FMUR/flansmod]: Reading bullet file failed.
[15:25:47] [Client thread/WARN] [FMUR/flansmod]: No model location registered for evp2.9K34Missile
[15:25:47] [Client thread/WARN] [FMUR/flansmod]: No model location registered for BFMCpack.RorschBullet
[15:25:47] [Client thread/WARN] [FMUR/flansmod]: No model location registered for mw.MIM23Rocket
[15:25:47] [Client thread/WARN] [FMUR/flansmod]: No model location registered for yeolde.Arrow
[15:25:47] [Client thread/ERROR] [FMUR/flansmod]: Failed to load model : flaregunammo (bullet)
java.lang.ClassNotFoundException: com.flansmod.client.model.Modelbullet
	at net.minecraft.launchwrapper.LaunchClassLoader.findClass(LaunchClassLoader.java:191) ~[launchwrapper-1.12.jar:?]
	at java.lang.ClassLoader.loadClass(Unknown Source) ~[?:1.8.0_301]
	at java.lang.ClassLoader.loadClass(Unknown Source) ~[?:1.8.0_301]
	at java.lang.Class.forName0(Native Method) ~[?:1.8.0_301]
	at java.lang.Class.forName(Unknown Source) ~[?:1.8.0_301]
	at com.flansmod.client.ClientProxy.loadModel(ClientProxy.java:339) [ClientProxy.class:?]
	at com.flansmod.common.guns.type.ShootableType.read(ShootableType.java:207) [ShootableType.class:?]
	at com.flansmod.common.guns.type.BulletType.read(BulletType.java:253) [BulletType.class:?]
	at com.flansmod.common.types.InfoType.read(InfoType.java:75) [InfoType.class:?]
	at com.flansmod.common.ContentManager.createItems(ContentManager.java:137) [ContentManager.class:?]
	at com.flansmod.common.FlansMod.preInit(FlansMod.java:373) [FlansMod.class:?]
	at sun.reflect.NativeMethodAccessorImpl.invoke0(Native Method) ~[?:1.8.0_301]
	at sun.reflect.NativeMethodAccessorImpl.invoke(Unknown Source) ~[?:1.8.0_301]
	at sun.reflect.DelegatingMethodAccessorImpl.invoke(Unknown Source) ~[?:1.8.0_301]
	at java.lang.reflect.Method.invoke(Unknown Source) ~[?:1.8.0_301]
	at cpw.mods.fml.common.FMLModContainer.handleModStateEvent(FMLModContainer.java:532) [FMLModContainer.class:?]
	at sun.reflect.GeneratedMethodAccessor4.invoke(Unknown Source) ~[?:?]
	at sun.reflect.DelegatingMethodAccessorImpl.invoke(Unknown Source) ~[?:1.8.0_301]
	at java.lang.reflect.Method.invoke(Unknown Source) ~[?:1.8.0_301]
	at com.google.common.eventbus.EventSubscriber.handleEvent(EventSubscriber.java:74) [guava-17.0.jar:?]
	at com.google.common.eventbus.SynchronizedEventSubscriber.handleEvent(SynchronizedEventSubscriber.java:47) [guava-17.0.jar:?]
	at com.google.common.eventbus.EventBus.dispatch(EventBus.java:322) [guava-17.0.jar:?]
	at com.google.common.eventbus.EventBus.dispatchQueuedEvents(EventBus.java:304) [guava-17.0.jar:?]
	at com.google.common.eventbus.EventBus.post(EventBus.java:275) [guava-17.0.jar:?]
	at cpw.mods.fml.common.LoadController.sendEventToModContainer(LoadController.java:212) [LoadController.class:?]
	at cpw.mods.fml.common.LoadController.propogateStateMessage(LoadController.java:190) [LoadController.class:?]
	at sun.reflect.NativeMethodAccessorImpl.invoke0(Native Method) ~[?:1.8.0_301]
	at sun.reflect.NativeMethodAccessorImpl.invoke(Unknown Source) ~[?:1.8.0_301]
	at sun.reflect.DelegatingMethodAccessorImpl.invoke(Unknown Source) ~[?:1.8.0_301]
	at java.lang.reflect.Method.invoke(Unknown Source) ~[?:1.8.0_301]
	at com.google.common.eventbus.EventSubscriber.handleEvent(EventSubscriber.java:74) [guava-17.0.jar:?]
	at com.google.common.eventbus.SynchronizedEventSubscriber.handleEvent(SynchronizedEventSubscriber.java:47) [guava-17.0.jar:?]
	at com.google.common.eventbus.EventBus.dispatch(EventBus.java:322) [guava-17.0.jar:?]
	at com.google.common.eventbus.EventBus.dispatchQueuedEvents(EventBus.java:304) [guava-17.0.jar:?]
	at com.google.common.eventbus.EventBus.post(EventBus.java:275) [guava-17.0.jar:?]
	at cpw.mods.fml.common.LoadController.distributeStateMessage(LoadController.java:119) [LoadController.class:?]
	at cpw.mods.fml.common.Loader.preinitializeMods(Loader.java:556) [Loader.class:?]
	at cpw.mods.fml.client.FMLClientHandler.beginMinecraftLoading(FMLClientHandler.java:243) [FMLClientHandler.class:?]
	at net.minecraft.client.Minecraft.func_71384_a(Minecraft.java:480) [bao.class:?]
	at net.minecraft.client.Minecraft.func_99999_d(Minecraft.java:4993) [bao.class:?]
	at net.minecraft.client.main.Main.main(SourceFile:148) [Main.class:?]
	at sun.reflect.NativeMethodAccessorImpl.invoke0(Native Method) ~[?:1.8.0_301]
	at sun.reflect.NativeMethodAccessorImpl.invoke(Unknown Source) ~[?:1.8.0_301]
	at sun.reflect.DelegatingMethodAccessorImpl.invoke(Unknown Source) ~[?:1.8.0_301]
	at java.lang.reflect.Method.invoke(Unknown Source) ~[?:1.8.0_301]
	at net.minecraft.launchwrapper.Launch.launch(Launch.java:135) [launchwrapper-1.12.jar:?]
	at net.minecraft.launchwrapper.Launch.main(Launch.java:28) [launchwrapper-1.12.jar:?]
Caused by: java.lang.NullPointerException
	at net.minecraft.launchwrapper.LaunchClassLoader.findClass(LaunchClassLoader.java:182) ~[launchwrapper-1.12.jar:?]
	... 46 more
[15:25:47] [Client thread/ERROR] [FMUR/flansmod]: Failed to load model : flaregunammocruise (bullet)
java.lang.ClassNotFoundException: com.flansmod.client.model.Modelbullet
	at net.minecraft.launchwrapper.LaunchClassLoader.findClass(LaunchClassLoader.java:101) ~[launchwrapper-1.12.jar:?]
	at java.lang.ClassLoader.loadClass(Unknown Source) ~[?:1.8.0_301]
	at java.lang.ClassLoader.loadClass(Unknown Source) ~[?:1.8.0_301]
	at java.lang.Class.forName0(Native Method) ~[?:1.8.0_301]
	at java.lang.Class.forName(Unknown Source) ~[?:1.8.0_301]
	at com.flansmod.client.ClientProxy.loadModel(ClientProxy.java:339) [ClientProxy.class:?]
	at com.flansmod.common.guns.type.ShootableType.read(ShootableType.java:207) [ShootableType.class:?]
	at com.flansmod.common.guns.type.BulletType.read(BulletType.java:253) [BulletType.class:?]
	at com.flansmod.common.types.InfoType.read(InfoType.java:75) [InfoType.class:?]
	at com.flansmod.common.ContentManager.createItems(ContentManager.java:137) [ContentManager.class:?]
	at com.flansmod.common.FlansMod.preInit(FlansMod.java:373) [FlansMod.class:?]
	at sun.reflect.NativeMethodAccessorImpl.invoke0(Native Method) ~[?:1.8.0_301]
	at sun.reflect.NativeMethodAccessorImpl.invoke(Unknown Source) ~[?:1.8.0_301]
	at sun.reflect.DelegatingMethodAccessorImpl.invoke(Unknown Source) ~[?:1.8.0_301]
	at java.lang.reflect.Method.invoke(Unknown Source) ~[?:1.8.0_301]
	at cpw.mods.fml.common.FMLModContainer.handleModStateEvent(FMLModContainer.java:532) [FMLModContainer.class:?]
	at sun.reflect.GeneratedMethodAccessor4.invoke(Unknown Source) ~[?:?]
	at sun.reflect.DelegatingMethodAccessorImpl.invoke(Unknown Source) ~[?:1.8.0_301]
	at java.lang.reflect.Method.invoke(Unknown Source) ~[?:1.8.0_301]
	at com.google.common.eventbus.EventSubscriber.handleEvent(EventSubscriber.java:74) [guava-17.0.jar:?]
	at com.google.common.eventbus.SynchronizedEventSubscriber.handleEvent(SynchronizedEventSubscriber.java:47) [guava-17.0.jar:?]
	at com.google.common.eventbus.EventBus.dispatch(EventBus.java:322) [guava-17.0.jar:?]
	at com.google.common.eventbus.EventBus.dispatchQueuedEvents(EventBus.java:304) [guava-17.0.jar:?]
	at com.google.common.eventbus.EventBus.post(EventBus.java:275) [guava-17.0.jar:?]
	at cpw.mods.fml.common.LoadController.sendEventToModContainer(LoadController.java:212) [LoadController.class:?]
	at cpw.mods.fml.common.LoadController.propogateStateMessage(LoadController.java:190) [LoadController.class:?]
	at sun.reflect.NativeMethodAccessorImpl.invoke0(Native Method) ~[?:1.8.0_301]
	at sun.reflect.NativeMethodAccessorImpl.invoke(Unknown Source) ~[?:1.8.0_301]
	at sun.reflect.DelegatingMethodAccessorImpl.invoke(Unknown Source) ~[?:1.8.0_301]
	at java.lang.reflect.Method.invoke(Unknown Source) ~[?:1.8.0_301]
	at com.google.common.eventbus.EventSubscriber.handleEvent(EventSubscriber.java:74) [guava-17.0.jar:?]
	at com.google.common.eventbus.SynchronizedEventSubscriber.handleEvent(SynchronizedEventSubscriber.java:47) [guava-17.0.jar:?]
	at com.google.common.eventbus.EventBus.dispatch(EventBus.java:322) [guava-17.0.jar:?]
	at com.google.common.eventbus.EventBus.dispatchQueuedEvents(EventBus.java:304) [guava-17.0.jar:?]
	at com.google.common.eventbus.EventBus.post(EventBus.java:275) [guava-17.0.jar:?]
	at cpw.mods.fml.common.LoadController.distributeStateMessage(LoadController.java:119) [LoadController.class:?]
	at cpw.mods.fml.common.Loader.preinitializeMods(Loader.java:556) [Loader.class:?]
	at cpw.mods.fml.client.FMLClientHandler.beginMinecraftLoading(FMLClientHandler.java:243) [FMLClientHandler.class:?]
	at net.minecraft.client.Minecraft.func_71384_a(Minecraft.java:480) [bao.class:?]
	at net.minecraft.client.Minecraft.func_99999_d(Minecraft.java:4993) [bao.class:?]
	at net.minecraft.client.main.Main.main(SourceFile:148) [Main.class:?]
	at sun.reflect.NativeMethodAccessorImpl.invoke0(Native Method) ~[?:1.8.0_301]
	at sun.reflect.NativeMethodAccessorImpl.invoke(Unknown Source) ~[?:1.8.0_301]
	at sun.reflect.DelegatingMethodAccessorImpl.invoke(Unknown Source) ~[?:1.8.0_301]
	at java.lang.reflect.Method.invoke(Unknown Source) ~[?:1.8.0_301]
	at net.minecraft.launchwrapper.Launch.launch(Launch.java:135) [launchwrapper-1.12.jar:?]
	at net.minecraft.launchwrapper.Launch.main(Launch.java:28) [launchwrapper-1.12.jar:?]
[15:25:47] [Client thread/WARN] [FMUR/flansmod]: No model location registered for evp2.9K34Missile
[15:25:47] [Client thread/WARN] [FMUR/flansmod]: No model location registered for yeolde.Arrow
[15:25:47] [Client thread/WARN] [FMUR/flansmod]: No model location registered for mw.MIM23Rocket
[15:25:47] [Client thread/WARN] [FMUR/flansmod]: No model location registered for mw.MIM23Rocket
[15:25:47] [Client thread/WARN] [FMUR/flansmod]: No model location registered for evp2.9K34Missile
[15:25:47] [Client thread/WARN] [FMUR/flansmod]: No model location registered for ccp.ERYXMissile
[15:25:47] [Client thread/WARN] [FMUR/flansmod]: No model location registered for ccp.ERYXMissile
[15:25:47] [Client thread/WARN] [FMUR/flansmod]: No model location registered for Octagon_Weapons.PG7VS
[15:25:47] [Client thread/WARN] [FMUR/flansmod]: No model location registered for evp2.9K34Missile
[15:25:47] [Client thread/WARN] [FMUR/flansmod]: No model location registered for BFMCpack.Shootbullet
[15:25:47] [Client thread/WARN] [FMUR/flansmod]: No model location registered for BFMCpack.Shootbullet
[15:25:47] [Client thread/WARN] [FMUR/flansmod]: No model location registered for BFMCpack.Shootbullet
[15:25:47] [Client thread/WARN] [FMUR/flansmod]: No model location registered for ccp.ERYXMissile
[15:25:47] [Client thread/WARN] [FMUR/flansmod]: No model location registered for BFMCpack.Shootbullet
[15:25:47] [Client thread/WARN] [FMUR/flansmod]: No model location registered for Octagon_Weapons.PG7VS
[15:25:47] [Client thread/WARN] [FMUR/flansmod]: No model location registered for Octagon_Weapons.PG7VS
[15:25:47] [Client thread/WARN] [FMUR/flansmod]: No model location registered for evp2.9K34Missile
[15:25:47] [Client thread/WARN] [FMUR/flansmod]: No model location registered for evp2.9K34Missile
[15:25:47] [Client thread/WARN] [FMUR/flansmod]: No model location registered for BFMCpack.Shootbullet
[15:25:47] [Client thread/WARN] [FMUR/flansmod]: No model location registered for BFMCpack.Shootbullet
[15:25:47] [Client thread/WARN] [FMUR/flansmod]: No model location registered for Octagon_Weapons.PG7VS
[15:25:47] [Client thread/WARN] [FMUR/flansmod]: No model location registered for Octagon_Weapons.PG7VS
[15:25:47] [Client thread/WARN] [FMUR/flansmod]: No model location registered for evp2.9K34Missile
[15:25:47] [Client thread/WARN] [FMUR/flansmod]: No model location registered for BFMCpack.Shootbullet
[15:25:47] [Client thread/WARN] [FMUR/flansmod]: No model location registered for cvts.MGBullet
[15:25:47] [Client thread/WARN] [FMUR/flansmod]: No model location registered for cvts.MGBullet
[15:25:47] [Client thread/WARN] [FMUR/flansmod]: No model location registered for mw.MIM23Rocket
[15:25:47] [Client thread/WARN] [FMUR/flansmod]: No model location registered for BFMCpack.Shootbullet
[15:25:47] [Client thread/WARN] [FMUR/flansmod]: No model location registered for BFMCpack.SUAV
[15:25:47] [Client thread/WARN] [FMUR/flansmod]: No model location registered for cvts.MGBullet
[15:25:47] [Client thread/WARN] [FMUR/flansmod]: No model location registered for BFMCpack.CruiseMissile
[15:25:47] [Client thread/WARN] [FMUR/flansmod]: No model location registered for evp2.9K34Missile
[15:25:47] [Client thread/WARN] [FMUR/flansmod]: No model location registered for BFMCpack.Shootbullet
[15:25:47] [Client thread/INFO] [FMUR/flansmod]: Loaded bullets.
[15:25:47] [Client thread/WARN] [FMUR/flansmod]: No model location registered for BFMCpack.12GSupp
[15:25:47] [Client thread/WARN] [FMUR/flansmod]: No model location registered for DarkZone.M870MCSBarrel
[15:25:47] [Client thread/WARN] [FMUR/flansmod]: No model location registered for DarkZone.UMPFlashHider
[15:25:47] [Client thread/WARN] [FMUR/flansmod]: No model location registered for DarkZone.KXFlashHider
[15:25:47] [Client thread/WARN] [FMUR/flansmod]: No model location registered for DarkZone.74FlashHider
[15:25:47] [Client thread/WARN] [FMUR/flansmod]: No model location registered for DarkZone.74UFlashHider
[15:25:47] [Client thread/WARN] [FMUR/flansmod]: No model location registered for DarkZone.KXFlashHider
[15:25:47] [Client thread/WARN] [FMUR/flansmod]: No model location registered for DarkZone.PP1901FlashHider
[15:25:47] [Client thread/WARN] [FMUR/flansmod]: No model location registered for DarkZone.PP1901FlashHider
[15:25:47] [Client thread/WARN] [FMUR/flansmod]: No model location registered for DarkZone.SVUSilencer
[15:25:47] [Client thread/WARN] [FMUR/flansmod]: No model location registered for svz.NoStock
[15:25:47] [Client thread/WARN] [FMUR/flansmod]: No model location registered for svz.NoStock
[15:25:47] [Client thread/WARN] [FMUR/flansmod]: No model location registered for svz.NoStock
[15:25:47] [Client thread/WARN] [FMUR/flansmod]: No model location registered for Octagon_Weapons.PBS_Silencer762mm
[15:25:47] [Client thread/WARN] [FMUR/flansmod]: No model location registered for svz.NoStock
[15:25:47] [Client thread/WARN] [FMUR/flansmod]: No model location registered for DarkZone.AACFlashHider2
[15:25:47] [Client thread/WARN] [FMUR/flansmod]: No model location registered for Octagon_Weapons.KRISS_Vector_Osprey_Silencer45
[15:25:47] [Client thread/WARN] [FMUR/flansmod]: No model location registered for DarkZone.OTS14Grip
[15:25:47] [Client thread/WARN] [FMUR/flansmod]: No model location registered for Octagon_Weapons.Silencer408_Mod_0
[15:25:47] [Client thread/WARN] [FMUR/flansmod]: No model location registered for DarkZone.762SDN6
[15:25:47] [Client thread/WARN] [FMUR/flansmod]: No model location registered for BFMCpack.QSW06
[15:25:47] [Client thread/WARN] [FMUR/flansmod]: No model location registered for DarkZone.KACQDS
[15:25:47] [Client thread/WARN] [FMUR/flansmod]: No model location registered for DarkZone.AAC9mmSD
[15:25:47] [Client thread/WARN] [FMUR/flansmod]: No model location registered for Octagon_Weapons.Silencer408_Mod_0
[15:25:47] [Client thread/WARN] [FMUR/flansmod]: No model location registered for BFMCpack.Type4Heavy
[15:25:47] [Client thread/WARN] [FMUR/flansmod]: No model location registered for svz.NoStock
[15:25:47] [Client thread/WARN] [FMUR/flansmod]: No model location registered for svz.NoStock
[15:25:47] [Client thread/WARN] [FMUR/flansmod]: No model location registered for svz.NoStock
[15:25:47] [Client thread/WARN] [FMUR/flansmod]: No model location registered for svz.NoStock
[15:25:47] [Client thread/WARN] [FMUR/flansmod]: No model location registered for BFMCpack.AK74MSight
[15:25:47] [Client thread/WARN] [FMUR/flansmod]: No model location registered for BFMCpack.MG101Sight
[15:25:47] [Forge Version Check/INFO] [STDERR/Forge]: [java.lang.Throwable$WrappedPrintStream:println:-1]: com.google.gson.JsonSyntaxException: java.lang.IllegalStateException: Expected BEGIN_OBJECT but was STRING at line 1 column 1
[15:25:47] [Client thread/WARN] [FMUR/flansmod]: No model location registered for BFMCpack.P320_Sight
[15:25:47] [Forge Version Check/INFO] [STDERR/Forge]: [java.lang.Throwable$WrappedPrintStream:println:-1]: 	at com.google.gson.Gson.fromJson(Gson.java:815)
[15:25:47] [Forge Version Check/INFO] [STDERR/Forge]: [java.lang.Throwable$WrappedPrintStream:println:-1]: 	at com.google.gson.Gson.fromJson(Gson.java:768)
[15:25:47] [Forge Version Check/INFO] [STDERR/Forge]: [java.lang.Throwable$WrappedPrintStream:println:-1]: 	at com.google.gson.Gson.fromJson(Gson.java:717)
[15:25:47] [Forge Version Check/INFO] [STDERR/Forge]: [java.lang.Throwable$WrappedPrintStream:println:-1]: 	at com.google.gson.Gson.fromJson(Gson.java:689)
[15:25:47] [Forge Version Check/INFO] [STDERR/Forge]: [java.lang.Throwable$WrappedPrintStream:println:-1]: 	at net.minecraftforge.common.ForgeVersion$1.run(ForgeVersion.java:94)
[15:25:47] [Forge Version Check/INFO] [STDERR/Forge]: [java.lang.Throwable$WrappedPrintStream:println:-1]: Caused by: java.lang.IllegalStateException: Expected BEGIN_OBJECT but was STRING at line 1 column 1
[15:25:47] [Forge Version Check/INFO] [STDERR/Forge]: [java.lang.Throwable$WrappedPrintStream:println:-1]: 	at com.google.gson.stream.JsonReader.beginObject(JsonReader.java:374)
[15:25:47] [Forge Version Check/INFO] [STDERR/Forge]: [java.lang.Throwable$WrappedPrintStream:println:-1]: 	at com.google.gson.internal.bind.MapTypeAdapterFactory$Adapter.read(MapTypeAdapterFactory.java:183)
[15:25:47] [Forge Version Check/INFO] [STDERR/Forge]: [java.lang.Throwable$WrappedPrintStream:println:-1]: 	at com.google.gson.internal.bind.MapTypeAdapterFactory$Adapter.read(MapTypeAdapterFactory.java:145)
[15:25:47] [Forge Version Check/INFO] [STDERR/Forge]: [java.lang.Throwable$WrappedPrintStream:println:-1]: 	at com.google.gson.Gson.fromJson(Gson.java:803)
[15:25:47] [Forge Version Check/INFO] [STDERR/Forge]: [java.lang.Throwable$WrappedPrintStream:println:-1]: 	... 4 more
[15:25:47] [Client thread/WARN] [FMUR/flansmod]: No model location registered for BFMCpack.RAMPAGE_LMG_Sight
[15:25:47] [Client thread/WARN] [FMUR/flansmod]: No model location registered for BFMCpack.AK74MSight
[15:25:47] [Client thread/WARN] [FMUR/flansmod]: No model location registered for svz.NoStock
[15:25:47] [Client thread/WARN] [FMUR/flansmod]: No model location registered for svz.NoStock
[15:25:47] [Client thread/WARN] [FMUR/flansmod]: No model location registered for BFMCpack.1MWLaser
[15:25:47] [Client thread/WARN] [FMUR/flansmod]: No model location registered for BFMCpack.5MWLaser
[15:25:47] [Client thread/WARN] [FMUR/flansmod]: No model location registered for BFMCpack.Detector
[15:25:47] [Client thread/WARN] [FMUR/flansmod]: No model location registered for BFMCpack.FlashLight
[15:25:47] [Client thread/WARN] [FMUR/flansmod]: No model location registered for BFMCpack.TriBeamLaser90D
[15:25:47] [Client thread/WARN] [FMUR/flansmod]: No model location registered for DarkZone.AFG2
[15:25:47] [Client thread/WARN] [FMUR/flansmod]: No model location registered for mpack.stubby
[15:25:47] [Client thread/WARN] [FMUR/flansmod]: No model location registered for BFMCpack.Bipod
[15:25:47] [Client thread/WARN] [FMUR/flansmod]: No model location registered for BFMCpack.ErgoGrip
[15:25:47] [Client thread/WARN] [FMUR/flansmod]: No model location registered for BFMCpack.LaserComp
[15:25:47] [Client thread/WARN] [FMUR/flansmod]: No model location registered for Octagon_Weapons.RVG_Grip
[15:25:47] [Client thread/WARN] [FMUR/flansmod]: No model location registered for svz.NoStock
[15:25:47] [Client thread/WARN] [FMUR/flansmod]: No model location registered for BFMCpack.VerticalGrip
[15:25:47] [Client thread/WARN] [FMUR/flansmod]: No model location registered for BFMCpack.X400
[15:25:47] [Client thread/WARN] [FMUR/flansmod]: No model location registered for DarkZone.ACOGTA01
[15:25:47] [Client thread/WARN] [FMUR/flansmod]: No model location registered for DarkZone.ACOGTA31
[15:25:47] [Client thread/WARN] [FMUR/flansmod]: No model location registered for BFMCpack.Hunter
[15:25:47] [Client thread/WARN] [FMUR/flansmod]: No model location registered for BFMCpack.BARSKA
[15:25:47] [Client thread/WARN] [FMUR/flansmod]: No model location registered for BFMCpack.CL6X
[15:25:47] [Client thread/WARN] [FMUR/flansmod]: No model location registered for mpack.compM4
[15:25:47] [Client thread/WARN] [FMUR/flansmod]: No model location registered for BFMCpack.Coyote
[15:25:47] [Client thread/WARN] [FMUR/flansmod]: No model location registered for mpack.docter
[15:25:47] [Client thread/WARN] [FMUR/flansmod]: No model location registered for mpack.trubrite
[15:25:47] [Client thread/WARN] [FMUR/flansmod]: No model location registered for BFMCpack.HOLO
[15:25:47] [Client thread/WARN] [FMUR/flansmod]: No model location registered for BFMCpack.Hunter
[15:25:47] [Client thread/WARN] [FMUR/flansmod]: No model location registered for BFMCpack.YMA88
[15:25:47] [Client thread/WARN] [FMUR/flansmod]: No model location registered for BFMCpack.Kobra
[15:25:47] [Client thread/WARN] [FMUR/flansmod]: No model location registered for BFMCpack.M145
[15:25:47] [Client thread/WARN] [FMUR/flansmod]: No model location registered for Octagon_Weapons.Aimpoint_High_T1
[15:25:47] [Client thread/WARN] [FMUR/flansmod]: No model location registered for mpack.RSrmr
[15:25:47] [Client thread/WARN] [FMUR/flansmod]: No model location registered for BFMCpack.OKP7
[15:25:47] [Client thread/WARN] [FMUR/flansmod]: No model location registered for BFMCpack.PKA
[15:25:47] [Client thread/WARN] [FMUR/flansmod]: No model location registered for BFMCpack.PKAS
[15:25:47] [Client thread/WARN] [FMUR/flansmod]: No model location registered for BFMCpack.PKS07
[15:25:47] [Client thread/WARN] [FMUR/flansmod]: No model location registered for BFMCpack.Prisma
[15:25:47] [Client thread/WARN] [FMUR/flansmod]: No model location registered for BFMCpack.PSO1
[15:25:47] [Client thread/WARN] [FMUR/flansmod]: No model location registered for BFMCpack.QXM7
[15:25:47] [Client thread/WARN] [FMUR/flansmod]: No model location registered for BFMCpack.Reflex
[15:25:47] [Client thread/WARN] [FMUR/flansmod]: No model location registered for BFMCpack.RifleScope
[15:25:47] [Client thread/WARN] [FMUR/flansmod]: No model location registered for Octagon_Weapons.Locomotive_4x_Sight_Small_Red_Dot_Sight_Mod_1_CoSight
[15:25:47] [Client thread/WARN] [FMUR/flansmod]: No model location registered for BFMCpack.Hunter
[15:25:47] [Client thread/WARN] [FMUR/flansmod]: No model location registered for BFMCpack.CL6X
[15:25:47] [Client thread/WARN] [FMUR/flansmod]: No model location registered for BFMCpack.PKS07
[15:25:47] [Client thread/WARN] [FMUR/flansmod]: No model location registered for BFMCpack.RifleScope
[15:25:47] [Client thread/WARN] [FMUR/flansmod]: No model location registered for BFMCpack.AN94Mount
[15:25:47] [Client thread/WARN] [FMUR/flansmod]: No model location registered for DarkZone.ColtStock
[15:25:47] [Client thread/WARN] [FMUR/flansmod]: No model location registered for DarkZone.PDW
[15:25:47] [Client thread/WARN] [FMUR/flansmod]: No model location registered for DarkZone.SCB
[15:25:47] [Client thread/WARN] [FMUR/flansmod]: No model location registered for svz.NoStock
[15:25:47] [Client thread/WARN] [FMUR/flansmod]: No model location registered for DarkZone.MOE
[15:25:47] [Client thread/WARN] [FMUR/flansmod]: No model location registered for BFMCpack.AK74MStock
[15:25:47] [Client thread/WARN] [FMUR/flansmod]: No model location registered for DarkZone.UBR
[15:25:47] [Client thread/INFO] [FMUR/flansmod]: Loaded attachments.
[15:25:47] [Client thread/WARN] [FMUR/flansmod]: No model location registered for mw.RoundGrenade
[15:25:47] [Client thread/WARN] [FMUR/flansmod]: No model location registered for mw.RoundGrenade
[15:25:47] [Client thread/WARN] [FMUR/flansmod]: No model location registered for mw.RoundGrenade
[15:25:47] [Client thread/WARN] [FMUR/flansmod]: No model location registered for mw.RoundGrenade
[15:25:47] [Client thread/WARN] [FMUR/flansmod]: No model location registered for mw.RoundGrenade
[15:25:47] [Client thread/WARN] [FMUR/flansmod]: No model location registered for mw.RoundGrenade
[15:25:47] [Client thread/WARN] [FMUR/flansmod]: No model location registered for mw.RoundGrenade
[15:25:47] [Client thread/WARN] [FMUR/flansmod]: No model location registered for mw.RoundGrenade
[15:25:47] [Client thread/WARN] [FMUR/flansmod]: No model location registered for mw.RoundGrenade
[15:25:47] [Client thread/WARN] [FMUR/flansmod]: No model location registered for W44.AmmoBag
[15:25:47] [Client thread/WARN] [FMUR/flansmod]: No model location registered for W44.SmallAmmoPouch
[15:25:47] [Client thread/WARN] [FMUR/flansmod]: No model location registered for BFMCpack.SG1
[15:25:47] [Client thread/WARN] [FMUR/flansmod]: No model location registered for BFMCpack.DS3Decoy
[15:25:47] [Client thread/WARN] [FMUR/flansmod]: No model location registered for BFMCpack.ATGrenade
[15:25:47] [Client thread/WARN] [FMUR/flansmod]: No model location registered for BFMCpack.ABGrenade
[15:25:47] [Client thread/WARN] [FMUR/flansmod]: No model location registered for W44.SMine
[15:25:48] [Client thread/WARN] [FMUR/flansmod]: No model location registered for dwfirearms.LupineC4
[15:25:48] [Client thread/WARN] [FMUR/flansmod]: No model location registered for BFMCpack.CombatAxe
[15:25:48] [Client thread/WARN] [FMUR/flansmod]: No model location registered for BFMCpack.DS3Decoy
[15:25:48] [Client thread/WARN] [FMUR/flansmod]: No model location registered for BFMCpack.EMPGrenade
[15:25:48] [Client thread/WARN] [FMUR/flansmod]: No model location registered for dwfirearms.LPMInjector
[15:25:48] [Client thread/WARN] [FMUR/flansmod]: No model location registered for dwfirearms.LPMInjector
[15:25:48] [Client thread/WARN] [FMUR/flansmod]: No model location registered for W44.SatchelCharge
[15:25:48] [Client thread/WARN] [FMUR/flansmod]: No model location registered for BFMCpack.M83
[15:25:48] [Client thread/WARN] [FMUR/flansmod]: No model location registered for BFMCpack.M15ATMine
[15:25:48] [Client thread/WARN] [FMUR/flansmod]: No model location registered for BFMCpack.M18ClayMore
[15:25:48] [Client thread/WARN] [FMUR/flansmod]: No model location registered for BFMCpack.M83
[15:25:48] [Client thread/WARN] [FMUR/flansmod]: No model location registered for BFMCpack.M2SLAM
[15:25:48] [Client thread/WARN] [FMUR/flansmod]: No model location registered for BFMCpack.M83
[15:25:48] [Client thread/WARN] [FMUR/flansmod]: No model location registered for Octagon_Weapons.M67_Grenade
[15:25:48] [Client thread/WARN] [FMUR/flansmod]: No model location registered for BFMCpack.M83
[15:25:48] [Client thread/WARN] [FMUR/flansmod]: No model location registered for Octagon_Weapons.M84_Flash_Bomb
[15:25:48] [Client thread/WARN] [FMUR/flansmod]: No model location registered for BFMCpack.MedicBox
[15:25:48] [Client thread/WARN] [FMUR/flansmod]: No model location registered for W44.MedicalKit
[15:25:48] [Client thread/WARN] [FMUR/flansmod]: No model location registered for mw.RoundGrenade
[15:25:48] [Client thread/WARN] [FMUR/flansmod]: No model location registered for BFMCpack.M83
[15:25:48] [Client thread/WARN] [FMUR/flansmod]: No model location registered for BFMCpack.MTN55
[15:25:48] [Client thread/WARN] [FMUR/flansmod]: No model location registered for BFMCpack.RDX
[15:25:48] [Client thread/WARN] [FMUR/flansmod]: No model location registered for BFMCpack.RGD5
[15:25:48] [Client thread/WARN] [FMUR/flansmod]: No model location registered for BFMCpack.M83
[15:25:48] [Client thread/WARN] [FMUR/flansmod]: No model location registered for BFMCpack.RGD5
[15:25:48] [Client thread/WARN] [FMUR/flansmod]: No model location registered for BFMCpack.RGO
[15:25:48] [Client thread/WARN] [FMUR/flansmod]: No model location registered for BFMCpack.SG1
[15:25:48] [Client thread/WARN] [FMUR/flansmod]: No model location registered for BFMCpack.RGD5
[15:25:48] [Client thread/WARN] [FMUR/flansmod]: No model location registered for mos.T_UGS
[15:25:48] [Client thread/WARN] [FMUR/flansmod]: No model location registered for BFMCpack.M83
[15:25:48] [Client thread/WARN] [FMUR/flansmod]: No model location registered for W44.Dynamite
[15:25:48] [Client thread/WARN] [FMUR/flansmod]: No model location registered for BFMCpack.RGD5
[15:25:48] [Client thread/WARN] [FMUR/flansmod]: No model location registered for Octagon_Weapons.M67_Grenade
[15:25:48] [Client thread/INFO] [FMUR/flansmod]: Loaded grenades.
[15:25:48] [Client thread/WARN] [FMUR/flansmod]: No model location registered for BFMCpack.TestBlockModel
[15:25:48] [Client thread/WARN] [FMUR/flansmod]: No model location registered for rainfire.Fliegerhammer
[15:25:48] [Client thread/WARN] [FMUR/flansmod]: No model location registered for mos.starstreak
[15:25:48] [Client thread/WARN] [FMUR/flansmod]: No model location registered for BFMCpack.SCAR11
[15:25:48] [Client thread/WARN] [FMUR/flansmod]: No model location registered for ransya.SCARL
[15:25:48] [Client thread/WARN] [FMUR/flansmod]: No model location registered for rainfire.GenericFlash
[15:25:48] [Client thread/WARN] [FMUR/flansmod]: No model location registered for BFMCpack.M136CS
[15:25:48] [Client thread/WARN] [FMUR/flansmod]: No model location registered for rainfire.M202FLASH
[15:25:48] [Client thread/WARN] [FMUR/flansmod]: No model location registered for BFMCpack.M60E4
[15:25:48] [Client thread/WARN] [FMUR/flansmod]: No model location registered for BFMCpack.BaldEagle
[15:25:48] [Client thread/WARN] [FMUR/flansmod]: No model location registered for ransya.G17
[15:25:48] [Client thread/WARN] [FMUR/flansmod]: No model location registered for MT.9mm
[15:25:48] [Client thread/WARN] [FMUR/flansmod]: No model location registered for rainfire.GenericFlash
[15:25:48] [Client thread/WARN] [FMUR/flansmod]: No model location registered for BFMCpack.AMR2
[15:25:48] [Client thread/WARN] [FMUR/flansmod]: No model location registered for BFMCpack.AW50
[15:25:48] [Client thread/WARN] [FMUR/flansmod]: No model location registered for BFMCpack.AW50
[15:25:48] [Client thread/WARN] [FMUR/flansmod]: No model location registered for BFMCpack.AW50
[15:25:48] [Client thread/WARN] [FMUR/flansmod]: No model location registered for BFMCpack.Rorsch_MK1
[15:25:48] [Client thread/WARN] [FMUR/flansmod]: No model location registered for rainfire.GenericFlash
[15:25:48] [Client thread/WARN] [FMUR/flansmod]: No model location registered for BFMCpack.ACE23
[15:25:48] [Client thread/WARN] [FMUR/flansmod]: No model location registered for ransya.AK74
[15:25:48] [Client thread/WARN] [FMUR/flansmod]: No model location registered for W44.W44BulletCasing
[15:25:48] [Client thread/WARN] [FMUR/flansmod]: No model location registered for rainfire.GenericFlash
[15:25:48] [Client thread/WARN] [FMUR/flansmod]: No model location registered for BFMCpack.ACE52
[15:25:48] [Client thread/WARN] [FMUR/flansmod]: No model location registered for ransya.AK74
[15:25:48] [Client thread/WARN] [FMUR/flansmod]: No model location registered for W44.W44BulletCasing
[15:25:48] [Client thread/WARN] [FMUR/flansmod]: No model location registered for rainfire.GenericFlash
[15:25:48] [Client thread/WARN] [FMUR/flansmod]: No model location registered for BFMCpack.CQA3
[15:25:48] [Client thread/WARN] [FMUR/flansmod]: No model location registered for ransya.M16
[15:25:48] [Client thread/WARN] [FMUR/flansmod]: No model location registered for W44.W44BulletCasing
[15:25:48] [Client thread/WARN] [FMUR/flansmod]: No model location registered for rainfire.GenericFlash
[15:25:48] [Client thread/WARN] [FMUR/flansmod]: No model location registered for BFMCpack.CSLR14
[15:25:48] [Client thread/WARN] [FMUR/flansmod]: No model location registered for ransya.SCARL
[15:25:48] [Client thread/WARN] [FMUR/flansmod]: No model location registered for W44.W44BulletCasing
[15:25:48] [Client thread/WARN] [FMUR/flansmod]: No model location registered for rainfire.GenericFlash
[15:25:48] [Client thread/WARN] [FMUR/flansmod]: No model location registered for MT.AK74M
[15:25:48] [Client thread/WARN] [FMUR/flansmod]: No model location registered for ransya.AK74
[15:25:48] [Client thread/WARN] [FMUR/flansmod]: No model location registered for W44.W44BulletCasing
[15:25:48] [Client thread/WARN] [FMUR/flansmod]: No model location registered for rainfire.GenericFlash
[15:25:48] [Client thread/WARN] [FMUR/flansmod]: No model location registered for BFMCpack.QBZ191
[15:25:48] [Client thread/WARN] [FMUR/flansmod]: No model location registered for ransya.AK74
[15:25:48] [Client thread/WARN] [FMUR/flansmod]: No model location registered for W44.W44BulletCasing
[15:25:48] [Client thread/WARN] [FMUR/flansmod]: No model location registered for rainfire.GenericFlash
[15:25:48] [Client thread/WARN] [FMUR/flansmod]: No model location registered for W44.W44BulletCasing
[15:25:48] [Client thread/WARN] [FMUR/flansmod]: No model location registered for W44.W44MuzzleFlash
[15:25:48] [Client thread/WARN] [FMUR/flansmod]: No model location registered for BFMCpack.QBZ811
[15:25:48] [Client thread/WARN] [FMUR/flansmod]: No model location registered for ransya.AK74
[15:25:48] [Client thread/WARN] [FMUR/flansmod]: No model location registered for BFMCpack.QBZ951
[15:25:48] [Client thread/WARN] [FMUR/flansmod]: No model location registered for ransya.A91
[15:25:48] [Client thread/WARN] [FMUR/flansmod]: No model location registered for W44.W44BulletCasing
[15:25:48] [Client thread/WARN] [FMUR/flansmod]: No model location registered for rainfire.GenericFlash
[15:25:48] [Client thread/WARN] [FMUR/flansmod]: No model location registered for BFMCpack.PF89
[15:25:48] [Client thread/WARN] [FMUR/flansmod]: No model location registered for BFMCpack.ACE21
[15:25:48] [Client thread/WARN] [FMUR/flansmod]: No model location registered for ransya.AK74
[15:25:48] [Client thread/WARN] [FMUR/flansmod]: No model location registered for W44.W44BulletCasing
[15:25:48] [Client thread/WARN] [FMUR/flansmod]: No model location registered for rainfire.GenericFlash
[15:25:48] [Client thread/WARN] [FMUR/flansmod]: No model location registered for BFMCpack.ACE52CQB
[15:25:48] [Client thread/WARN] [FMUR/flansmod]: No model location registered for ransya.AK74
[15:25:48] [Client thread/WARN] [FMUR/flansmod]: No model location registered for W44.W44BulletCasing
[15:25:48] [Client thread/WARN] [FMUR/flansmod]: No model location registered for rainfire.GenericFlash
[15:25:48] [Client thread/WARN] [FMUR/flansmod]: No model location registered for BFMCpack.QBZ192
[15:25:48] [Client thread/WARN] [FMUR/flansmod]: No model location registered for ransya.AK74
[15:25:48] [Client thread/WARN] [FMUR/flansmod]: No model location registered for W44.W44BulletCasing
[15:25:48] [Client thread/WARN] [FMUR/flansmod]: No model location registered for rainfire.GenericFlash
[15:25:48] [Client thread/WARN] [FMUR/flansmod]: No model location registered for BFMCpack.Type95B1
[15:25:48] [Client thread/WARN] [FMUR/flansmod]: No model location registered for ransya.A91
[15:25:48] [Client thread/WARN] [FMUR/flansmod]: No model location registered for rainfire.GenericFlash
[15:25:48] [Client thread/WARN] [FMUR/flansmod]: No model location registered for BFMCpack.QLG10A
[15:25:48] [Client thread/WARN] [FMUR/flansmod]: No model location registered for ransya.M320
[15:25:48] [Client thread/WARN] [FMUR/flansmod]: No model location registered for BFMCpack.QLG10A
[15:25:48] [Client thread/WARN] [FMUR/flansmod]: No model location registered for ransya.M320
[15:25:48] [Client thread/WARN] [FMUR/flansmod]: No model location registered for BFMCpack.QLG10A
[15:25:48] [Client thread/WARN] [FMUR/flansmod]: No model location registered for ransya.M320
[15:25:48] [Client thread/WARN] [FMUR/flansmod]: No model location registered for BFMCpack.QLG10A
[15:25:48] [Client thread/WARN] [FMUR/flansmod]: No model location registered for ransya.M320
[15:25:48] [Client thread/WARN] [FMUR/flansmod]: No model location registered for BFMCpack.QLG10A
[15:25:48] [Client thread/WARN] [FMUR/flansmod]: No model location registered for ransya.M320
[15:25:48] [Client thread/WARN] [FMUR/flansmod]: No model location registered for BFMCpack.QLG10A
[15:25:48] [Client thread/WARN] [FMUR/flansmod]: No model location registered for ransya.M320
[15:25:48] [Client thread/WARN] [FMUR/flansmod]: No model location registered for BFMCpack.QLG10A
[15:25:48] [Client thread/WARN] [FMUR/flansmod]: No model location registered for ransya.M320
[15:25:48] [Client thread/WARN] [FMUR/flansmod]: No model location registered for BFMCpack.QLG10A
[15:25:48] [Client thread/WARN] [FMUR/flansmod]: No model location registered for ransya.M320
[15:25:48] [Client thread/WARN] [FMUR/flansmod]: No model location registered for BFMCpack.QLG10A
[15:25:48] [Client thread/WARN] [FMUR/flansmod]: No model location registered for ransya.M320
[15:25:48] [Client thread/WARN] [FMUR/flansmod]: No model location registered for BFMCpack.QBB95
[15:25:48] [Client thread/WARN] [FMUR/flansmod]: No model location registered for ransya.A91
[15:25:48] [Client thread/WARN] [FMUR/flansmod]: No model location registered for W44.W44BulletCasing
[15:25:48] [Client thread/WARN] [FMUR/flansmod]: No model location registered for DarkZone.GunFire
[15:25:48] [Client thread/WARN] [FMUR/flansmod]: No model location registered for BFMCpack.Type81M
[15:25:48] [Client thread/WARN] [FMUR/flansmod]: No model location registered for ransya.AK74
[15:25:48] [Client thread/WARN] [FMUR/flansmod]: No model location registered for W44.W44BulletCasing
[15:25:48] [Client thread/WARN] [FMUR/flansmod]: No model location registered for rainfire.GenericFlash
[15:25:48] [Client thread/WARN] [FMUR/flansmod]: No model location registered for BFMCpack.Type88LMG
[15:25:48] [Client thread/WARN] [FMUR/flansmod]: No model location registered for W44.W44BulletCasing
[15:25:48] [Client thread/WARN] [FMUR/flansmod]: No model location registered for rainfire.GenericFlash
[15:25:48] [Client thread/WARN] [FMUR/flansmod]: No model location registered for BFMCpack.U100MK5
[15:25:48] [Client thread/WARN] [FMUR/flansmod]: No model location registered for ransya.M16
[15:25:48] [Client thread/WARN] [FMUR/flansmod]: No model location registered for W44.W44BulletCasing
[15:25:48] [Client thread/WARN] [FMUR/flansmod]: No model location registered for rainfire.GenericFlash
[15:25:48] [Client thread/WARN] [FMUR/flansmod]: No model location registered for BFMCpack.NP22
[15:25:48] [Client thread/WARN] [FMUR/flansmod]: No model location registered for ransya.G17
[15:25:48] [Client thread/WARN] [FMUR/flansmod]: No model location registered for BFMCpack.G17
[15:25:48] [Client thread/WARN] [FMUR/flansmod]: No model location registered for ransya.G17
[15:25:48] [Client thread/WARN] [FMUR/flansmod]: No model location registered for W44.W44BulletCasing
[15:25:48] [Client thread/WARN] [FMUR/flansmod]: No model location registered for rainfire.GenericFlash
[15:25:48] [Client thread/WARN] [FMUR/flansmod]: No model location registered for BFMCpack.NRP357
[15:25:48] [Client thread/WARN] [FMUR/flansmod]: No model location registered for BFMCpack.QSZ92
[15:25:48] [Client thread/WARN] [FMUR/flansmod]: No model location registered for ransya.G17
[15:25:48] [Client thread/WARN] [FMUR/flansmod]: No model location registered for BFMCpack.Type54
[15:25:48] [Client thread/WARN] [FMUR/flansmod]: No model location registered for ransya.G17
[15:25:48] [Client thread/WARN] [FMUR/flansmod]: No model location registered for W44.W44BulletCasing
[15:25:48] [Client thread/WARN] [FMUR/flansmod]: No model location registered for rainfire.GenericFlash
[15:25:48] [Client thread/WARN] [FMUR/flansmod]: No model location registered for BFMCpack.DAO12
[15:25:48] [Client thread/WARN] [FMUR/flansmod]: No model location registered for BFMCpack.HAWK12G
[15:25:48] [Client thread/WARN] [FMUR/flansmod]: No model location registered for ransya.M870
[15:25:48] [Client thread/WARN] [FMUR/flansmod]: No model location registered for BFMCpack.LW2010
[15:25:48] [Client thread/WARN] [FMUR/flansmod]: No model location registered for ransya.M16
[15:25:48] [Client thread/WARN] [FMUR/flansmod]: No model location registered for W44.W44BulletCasing
[15:25:48] [Client thread/WARN] [FMUR/flansmod]: No model location registered for rainfire.GenericFlash
[15:25:48] [Client thread/WARN] [FMUR/flansmod]: No model location registered for BFMCpack.QBS09
[15:25:48] [Client thread/WARN] [FMUR/flansmod]: No model location registered for ransya.M870
[15:25:48] [Client thread/WARN] [FMUR/flansmod]: No model location registered for BFMCpack.CSLS06
[15:25:48] [Client thread/WARN] [FMUR/flansmod]: No model location registered for ransya.A91
[15:25:48] [Client thread/WARN] [FMUR/flansmod]: No model location registered for W44.W44BulletCasing
[15:25:48] [Client thread/WARN] [FMUR/flansmod]: No model location registered for BFMCpack.QCW05
[15:25:48] [Client thread/WARN] [FMUR/flansmod]: No model location registered for ransya.A91
[15:25:48] [Client thread/WARN] [FMUR/flansmod]: No model location registered for BFMCpack.QCW05
[15:25:48] [Client thread/WARN] [FMUR/flansmod]: No model location registered for ransya.A91
[15:25:48] [Client thread/WARN] [FMUR/flansmod]: No model location registered for BFMCpack.TAPS79
[15:25:48] [Client thread/WARN] [FMUR/flansmod]: No model location registered for ransya.AK74
[15:25:48] [Client thread/WARN] [FMUR/flansmod]: No model location registered for BFMCpack.Type82SMG
[15:25:48] [Client thread/WARN] [FMUR/flansmod]: No model location registered for ransya.UMP45
[15:25:48] [Client thread/WARN] [FMUR/flansmod]: No model location registered for BFMCpack.ACE53
[15:25:48] [Client thread/WARN] [FMUR/flansmod]: No model location registered for ransya.AK74
[15:25:48] [Client thread/WARN] [FMUR/flansmod]: No model location registered for W44.W44BulletCasing
[15:25:48] [Client thread/WARN] [FMUR/flansmod]: No model location registered for rainfire.GenericFlash
[15:25:48] [Client thread/WARN] [FMUR/flansmod]: No model location registered for BFMCpack.CSLR4
[15:25:48] [Client thread/WARN] [FMUR/flansmod]: No model location registered for BFMCpack.FYJS
[15:25:48] [Client thread/WARN] [FMUR/flansmod]: No model location registered for BFMCpack.NSG85
[15:25:48] [Client thread/WARN] [FMUR/flansmod]: No model location registered for W44.W44BulletCasing
[15:25:48] [Client thread/WARN] [FMUR/flansmod]: No model location registered for rainfire.GenericFlash
[15:25:48] [Client thread/WARN] [FMUR/flansmod]: No model location registered for BFMCpack.QBU10
[15:25:48] [Client thread/WARN] [FMUR/flansmod]: No model location registered for BFMCpack.QBU191
[15:25:48] [Client thread/WARN] [FMUR/flansmod]: No model location registered for ransya.M16
[15:25:48] [Client thread/WARN] [FMUR/flansmod]: No model location registered for W44.W44BulletCasing
[15:25:48] [Client thread/WARN] [FMUR/flansmod]: No model location registered for rainfire.GenericFlash
[15:25:48] [Client thread/WARN] [FMUR/flansmod]: No model location registered for BFMCpack.QBU88
[15:25:48] [Client thread/WARN] [FMUR/flansmod]: No model location registered for ransya.M21
[15:25:48] [Client thread/WARN] [FMUR/flansmod]: No model location registered for W44.W44BulletCasing
[15:25:48] [Client thread/WARN] [FMUR/flansmod]: No model location registered for rainfire.GenericFlash
[15:25:48] [Client thread/WARN] [FMUR/flansmod]: No model location registered for BFMCpack.AUGA3
[15:25:48] [Client thread/WARN] [FMUR/flansmod]: No model location registered for W44.W44BulletCasing
[15:25:48] [Client thread/WARN] [FMUR/flansmod]: No model location registered for rainfire.GenericFlash
[15:25:48] [Client thread/WARN] [FMUR/flansmod]: No model location registered for BFMCpack.FG42
[15:25:48] [Client thread/WARN] [FMUR/flansmod]: No model location registered for W44.W44BulletCasing
[15:25:48] [Client thread/WARN] [FMUR/flansmod]: No model location registered for DarkZone.GunFire
[15:25:48] [Client thread/WARN] [FMUR/flansmod]: No model location registered for BFMCpack.FG42
[15:25:48] [Client thread/WARN] [FMUR/flansmod]: No model location registered for W44.W44BulletCasing
[15:25:48] [Client thread/WARN] [FMUR/flansmod]: No model location registered for DarkZone.GunFire
[15:25:48] [Client thread/WARN] [FMUR/flansmod]: No model location registered for BFMCpack.G11
[15:25:48] [Client thread/WARN] [FMUR/flansmod]: No model location registered for rainfire.GenericFlash
[15:25:48] [Client thread/WARN] [FMUR/flansmod]: No model location registered for BFMCpack.G11BA
[15:25:48] [Client thread/WARN] [FMUR/flansmod]: No model location registered for rainfire.GenericFlash
[15:25:48] [Client thread/WARN] [FMUR/flansmod]: No model location registered for BFMCpack.G11
[15:25:48] [Client thread/WARN] [FMUR/flansmod]: No model location registered for rainfire.GenericFlash
[15:25:48] [Client thread/WARN] [FMUR/flansmod]: No model location registered for BFMCpack.G11BA
[15:25:48] [Client thread/WARN] [FMUR/flansmod]: No model location registered for rainfire.GenericFlash
[15:25:48] [Client thread/WARN] [FMUR/flansmod]: No model location registered for BFMCpack.M110K5
[15:25:48] [Client thread/WARN] [FMUR/flansmod]: No model location registered for ransya.M16
[15:25:48] [Client thread/WARN] [FMUR/flansmod]: No model location registered for W44.W44BulletCasing
[15:25:48] [Client thread/WARN] [FMUR/flansmod]: No model location registered for rainfire.GenericFlash
[15:25:48] [Client thread/WARN] [FMUR/flansmod]: No model location registered for BFMCpack.M16A4
[15:25:48] [Client thread/WARN] [FMUR/flansmod]: No model location registered for ransya.M16
[15:25:48] [Client thread/WARN] [FMUR/flansmod]: No model location registered for W44.W44BulletCasing
[15:25:48] [Client thread/WARN] [FMUR/flansmod]: No model location registered for rainfire.GenericFlash
[15:25:48] [Client thread/WARN] [FMUR/flansmod]: No model location registered for BFMCpack.NAR10
[15:25:48] [Client thread/WARN] [FMUR/flansmod]: No model location registered for ransya.SCARL
[15:25:48] [Client thread/WARN] [FMUR/flansmod]: No model location registered for W44.W44BulletCasing
[15:25:48] [Client thread/WARN] [FMUR/flansmod]: No model location registered for rainfire.GenericFlash
[15:25:48] [Client thread/WARN] [FMUR/flansmod]: No model location registered for BFMCpack.SA58
[15:25:48] [Client thread/WARN] [FMUR/flansmod]: No model location registered for ransya.M16
[15:25:48] [Client thread/WARN] [FMUR/flansmod]: No model location registered for W44.W44BulletCasing
[15:25:48] [Client thread/WARN] [FMUR/flansmod]: No model location registered for rainfire.GenericFlash
[15:25:48] [Client thread/WARN] [FMUR/flansmod]: No model location registered for W44.W44BulletCasing
[15:25:48] [Client thread/WARN] [FMUR/flansmod]: No model location registered for W44.W44MuzzleFlash
[15:25:48] [Client thread/WARN] [FMUR/flansmod]: No model location registered for BFMCpack.STG44
[15:25:48] [Client thread/WARN] [FMUR/flansmod]: No model location registered for ransya.M16
[15:25:48] [Client thread/WARN] [FMUR/flansmod]: No model location registered for BFMCpack.HK416C
[15:25:48] [Client thread/WARN] [FMUR/flansmod]: No model location registered for ransya.M16
[15:25:48] [Client thread/WARN] [FMUR/flansmod]: No model location registered for W44.W44BulletCasing
[15:25:48] [Client thread/WARN] [FMUR/flansmod]: No model location registered for rainfire.GenericFlash
[15:25:48] [Client thread/WARN] [FMUR/flansmod]: No model location registered for BFMCpack.AVT40
[15:25:48] [Client thread/WARN] [FMUR/flansmod]: No model location registered for W44.W44BulletCasing
[15:25:48] [Client thread/WARN] [FMUR/flansmod]: No model location registered for rainfire.GenericFlash
[15:25:48] [Client thread/WARN] [FMUR/flansmod]: No model location registered for BFMCpack.M2Handheld
[15:25:48] [Client thread/WARN] [FMUR/flansmod]: No model location registered for rainfire.GenericFlash
[15:25:48] [Client thread/WARN] [FMUR/flansmod]: No model location registered for BFMCpack.MG101
[15:25:48] [Client thread/WARN] [FMUR/flansmod]: No model location registered for W44.W44BulletCasing
[15:25:48] [Client thread/WARN] [FMUR/flansmod]: No model location registered for rainfire.GenericFlash
[15:25:48] [Client thread/WARN] [FMUR/flansmod]: No model location registered for BFMCpack.MG101
[15:25:48] [Client thread/WARN] [FMUR/flansmod]: No model location registered for W44.W44BulletCasing
[15:25:48] [Client thread/WARN] [FMUR/flansmod]: No model location registered for rainfire.GenericFlash
[15:25:48] [Client thread/WARN] [FMUR/flansmod]: No model location registered for BFMCpack.MG101Mag
[15:25:48] [Client thread/WARN] [FMUR/flansmod]: No model location registered for W44.W44BulletCasing
[15:25:48] [Client thread/WARN] [FMUR/flansmod]: No model location registered for rainfire.GenericFlash
[15:25:48] [Client thread/WARN] [FMUR/flansmod]: No model location registered for BFMCpack.MG3
[15:25:48] [Client thread/WARN] [FMUR/flansmod]: No model location registered for W44.W44BulletCasing
[15:25:48] [Client thread/WARN] [FMUR/flansmod]: No model location registered for rainfire.GenericFlash
[15:25:48] [Client thread/WARN] [FMUR/flansmod]: No model location registered for BFMCpack.RAMPAGE_LMG
[15:25:48] [Client thread/WARN] [FMUR/flansmod]: No model location registered for W44.W44BulletCasing
[15:25:48] [Client thread/WARN] [FMUR/flansmod]: No model location registered for rainfire.GenericFlash
[15:25:48] [Client thread/WARN] [FMUR/flansmod]: No model location registered for BFMCpack.XM240
[15:25:48] [Client thread/WARN] [FMUR/flansmod]: No model location registered for W44.W44BulletCasing
[15:25:48] [Client thread/WARN] [FMUR/flansmod]: No model location registered for rainfire.GenericFlash
[15:25:48] [Client thread/WARN] [FMUR/flansmod]: No model location registered for BFMCpack.P320
[15:25:48] [Client thread/WARN] [FMUR/flansmod]: No model location registered for ransya.G17
[15:25:48] [Client thread/WARN] [FMUR/flansmod]: No model location registered for W44.W44BulletCasing
[15:25:48] [Client thread/WARN] [FMUR/flansmod]: No model location registered for rainfire.GenericFlash
[15:25:48] [Client thread/WARN] [FMUR/flansmod]: No model location registered for BFMCpack.MA10B
[15:25:48] [Client thread/WARN] [FMUR/flansmod]: No model location registered for ransya.M870
[15:25:48] [Client thread/WARN] [FMUR/flansmod]: No model location registered for rainfire.GenericFlash
[15:25:48] [Client thread/WARN] [FMUR/flansmod]: No model location registered for BFMCpack.STRSG
[15:25:48] [Client thread/WARN] [FMUR/flansmod]: No model location registered for BFMCpack.Beowulf
[15:25:48] [Client thread/WARN] [FMUR/flansmod]: No model location registered for ransya.M16
[15:25:48] [Client thread/WARN] [FMUR/flansmod]: No model location registered for W44.W44BulletCasing
[15:25:48] [Client thread/WARN] [FMUR/flansmod]: No model location registered for rainfire.GenericFlash
[15:25:48] [Client thread/WARN] [FMUR/flansmod]: No model location registered for BFMCpack.LEMK4
[15:25:48] [Client thread/WARN] [FMUR/flansmod]: No model location registered for BFMCpack.M110A2
[15:25:48] [Client thread/WARN] [FMUR/flansmod]: No model location registered for ransya.M16
[15:25:48] [Client thread/WARN] [FMUR/flansmod]: No model location registered for W44.W44BulletCasing
[15:25:48] [Client thread/WARN] [FMUR/flansmod]: No model location registered for rainfire.GenericFlash
[15:25:48] [Client thread/WARN] [FMUR/flansmod]: No model location registered for BFMCpack.Martini
[15:25:48] [Client thread/WARN] [FMUR/flansmod]: No model location registered for BFMCpack.NTW20
[15:25:48] [Client thread/WARN] [FMUR/flansmod]: No model location registered for BFMCpack.PTRD
[15:25:48] [Client thread/WARN] [FMUR/flansmod]: No model location registered for BFMCpack.STRDMRM3
[15:25:48] [Client thread/WARN] [FMUR/flansmod]: No model location registered for BFMCpack.STRDMRM3
[15:25:48] [Client thread/WARN] [FMUR/flansmod]: No model location registered for BFMCpack.VSS
[15:25:48] [Client thread/WARN] [FMUR/flansmod]: No model location registered for mpack.g36
[15:25:48] [Client thread/WARN] [FMUR/flansmod]: No model location registered for mpack.g36c
[15:25:48] [Client thread/WARN] [FMUR/flansmod]: No model location registered for lolipk.HK33K
[15:25:48] [Client thread/WARN] [FMUR/flansmod]: No model location registered for W44.W44BulletCasing
[15:25:48] [Client thread/WARN] [FMUR/flansmod]: No model location registered for DarkZone.GunFire
[15:25:48] [Client thread/WARN] [FMUR/flansmod]: No model location registered for mpack.l86
[15:25:48] [Client thread/WARN] [FMUR/flansmod]: No model location registered for mpack.mg36TD
[15:25:48] [Client thread/WARN] [FMUR/flansmod]: No model location registered for MT.NATO
[15:25:48] [Client thread/WARN] [FMUR/flansmod]: No model location registered for DarkZone.GunFire
[15:25:48] [Client thread/WARN] [FMUR/flansmod]: No model location registered for mpack.fiveseven
[15:25:48] [Client thread/WARN] [FMUR/flansmod]: No model location registered for mpack.p227
[15:25:48] [Client thread/WARN] [FMUR/flansmod]: No model location registered for mos.Barracuda
[15:25:48] [Client thread/WARN] [FMUR/flansmod]: No model location registered for mpack.augpara
[15:25:48] [Client thread/WARN] [FMUR/flansmod]: No model location registered for mpack.hk417
[15:25:48] [Client thread/WARN] [FMUR/flansmod]: No model location registered for dwfirearms.DroneDeployerXD
[15:25:48] [Client thread/WARN] [FMUR/flansmod]: No model location registered for lolipk.SOPMODM4
[15:25:48] [Client thread/WARN] [FMUR/flansmod]: No model location registered for W44.W44BulletCasing
[15:25:48] [Client thread/WARN] [FMUR/flansmod]: No model location registered for rainfire.GenericFlash
[15:25:48] [Client thread/WARN] [FMUR/flansmod]: No model location registered for BFMCpack.DZA11
[15:25:48] [Client thread/WARN] [FMUR/flansmod]: No model location registered for ccp.ERYX
[15:25:48] [Client thread/WARN] [FMUR/flansmod]: No model location registered for BFMCpack.G84
[15:25:48] [Client thread/WARN] [FMUR/flansmod]: No model location registered for BFMCpack.M4CG
[15:25:48] [Client thread/WARN] [FMUR/flansmod]: No model location registered for BFMCpack.M72A7
[15:25:48] [Client thread/WARN] [FMUR/flansmod]: No model location registered for BFMCpack.MBTLAW
[15:25:48] [Client thread/WARN] [FMUR/flansmod]: No model location registered for BFMCpack.Panzerfaust3
[15:25:48] [Client thread/WARN] [FMUR/flansmod]: No model location registered for BFMCpack.RPG7V2
[15:25:48] [Client thread/WARN] [FMUR/flansmod]: No model location registered for BFMCpack.BallisticShield
[15:25:48] [Client thread/WARN] [FMUR/flansmod]: No model location registered for BFMCpack.BlowTorch
[15:25:48] [Client thread/WARN] [FMUR/flansmod]: No model location registered for BFMCpack.Crossbow
[15:25:48] [Client thread/WARN] [FMUR/flansmod]: No model location registered for BFMCpack.LVOA
[15:25:48] [Client thread/WARN] [FMUR/flansmod]: No model location registered for W44.W44BulletCasing
[15:25:48] [Client thread/WARN] [FMUR/flansmod]: No model location registered for rainfire.GenericFlash
[15:25:48] [Client thread/WARN] [FMUR/flansmod]: No model location registered for BFMCpack.Defibrillator
[15:25:48] [Client thread/WARN] [FMUR/flansmod]: No model location registered for BFMCpack.Flag
[15:25:48] [Client thread/WARN] [FMUR/flansmod]: No model location registered for BFMCpack.Flag
[15:25:48] [Client thread/WARN] [FMUR/flansmod]: No model location registered for BFMCpack.Flag
[15:25:48] [Client thread/WARN] [FMUR/flansmod]: No model location registered for BFMCpack.MGL140
[15:25:48] [Client thread/WARN] [FMUR/flansmod]: No model location registered for BFMCpack.QN202
[15:25:48] [Client thread/WARN] [FMUR/flansmod]: No model location registered for ransya.M320
[15:25:48] [Client thread/WARN] [FMUR/flansmod]: No model location registered for BFMCpack.XM25
[15:25:48] [Client thread/WARN] [FMUR/flansmod]: No model location registered for BFMCpack.XM25
[15:25:48] [Client thread/WARN] [FMUR/flansmod]: No model location registered for BFMCpack.XM25
[15:25:48] [Client thread/WARN] [FMUR/flansmod]: No model location registered for BFMCpack.XM25
[15:25:48] [Client thread/WARN] [FMUR/flansmod]: No model location registered for BFMCpack.LightMortar
[15:25:48] [Client thread/WARN] [FMUR/flansmod]: No model location registered for mos.XM214
[15:25:48] [Client thread/WARN] [FMUR/flansmod]: No model location registered for BFMCpack.LAR44
[15:25:48] [Client thread/WARN] [FMUR/flansmod]: No model location registered for W44.AmericanKaBarKnife
[15:25:48] [Client thread/WARN] [FMUR/flansmod]: No model location registered for BFMCpack.ACB90
[15:25:48] [Client thread/WARN] [FMUR/flansmod]: No model location registered for zombie.BaseballBat
[15:25:48] [Client thread/WARN] [FMUR/flansmod]: No model location registered for W44.AmericanKaBarKnife
[15:25:48] [Client thread/WARN] [FMUR/flansmod]: No model location registered for WW1.M9
[15:25:48] [Client thread/WARN] [FMUR/flansmod]: No model location registered for W44.AmericanKaBarKnife
[15:25:48] [Client thread/WARN] [FMUR/flansmod]: No model location registered for W44.AmericanKaBarKnife
[15:25:48] [Client thread/WARN] [FMUR/flansmod]: No model location registered for W44.AmericanKaBarKnife
[15:25:48] [Client thread/WARN] [FMUR/flansmod]: No model location registered for BFMCpack.KATANA
[15:25:48] [Client thread/WARN] [FMUR/flansmod]: No model location registered for BFMCpack.KATANA
[15:25:48] [Client thread/WARN] [FMUR/flansmod]: No model location registered for W44.AmericanKaBarKnife
[15:25:48] [Client thread/WARN] [FMUR/flansmod]: No model location registered for W44.AmericanKaBarKnife
[15:25:48] [Client thread/WARN] [FMUR/flansmod]: No model location registered for zombie.Machete
[15:25:48] [Client thread/WARN] [FMUR/flansmod]: No model location registered for mos.Military_Shovel
[15:25:48] [Client thread/WARN] [FMUR/flansmod]: No model location registered for BFMCpack.MPL50
[15:25:48] [Client thread/WARN] [FMUR/flansmod]: No model location registered for W44.AmericanKaBarKnife
[15:25:48] [Client thread/WARN] [FMUR/flansmod]: No model location registered for W44.AmericanKaBarKnife
[15:25:48] [Client thread/WARN] [FMUR/flansmod]: No model location registered for BFMCpack.LightSword
[15:25:48] [Client thread/WARN] [FMUR/flansmod]: No model location registered for W44.AmericanKaBarKnife
[15:25:48] [Client thread/WARN] [FMUR/flansmod]: No model location registered for W44.AmericanKaBarKnife
[15:25:48] [Client thread/WARN] [FMUR/flansmod]: No model location registered for BFMCpack.Type56
[15:25:48] [Client thread/WARN] [FMUR/flansmod]: No model location registered for W44.AmericanKaBarKnife
[15:25:48] [Client thread/WARN] [FMUR/flansmod]: No model location registered for BFMCpack.MPL50
[15:25:48] [Client thread/WARN] [FMUR/flansmod]: No model location registered for BFMCpack.M93R
[15:25:48] [Client thread/WARN] [FMUR/flansmod]: No model location registered for ransya.G17
[15:25:48] [Client thread/WARN] [FMUR/flansmod]: No model location registered for W44.W44BulletCasing
[15:25:48] [Client thread/WARN] [FMUR/flansmod]: No model location registered for rainfire.GenericFlash
[15:25:48] [Client thread/WARN] [FMUR/flansmod]: No model location registered for BFMCpack.Compact45
[15:25:48] [Client thread/WARN] [FMUR/flansmod]: No model location registered for ransya.G17
[15:25:48] [Client thread/WARN] [FMUR/flansmod]: No model location registered for W44.W44BulletCasing
[15:25:48] [Client thread/WARN] [FMUR/flansmod]: No model location registered for rainfire.GenericFlash
[15:25:48] [Client thread/WARN] [FMUR/flansmod]: No model location registered for BFMCpack.COP357
[15:25:48] [Client thread/WARN] [FMUR/flansmod]: No model location registered for ransya.G17
[15:25:48] [Client thread/WARN] [FMUR/flansmod]: No model location registered for W44.W44BulletCasing
[15:25:48] [Client thread/WARN] [FMUR/flansmod]: No model location registered for rainfire.GenericFlash
[15:25:48] [Client thread/WARN] [FMUR/flansmod]: No model location registered for lolipk.FlareGun
[15:25:48] [Client thread/WARN] [FMUR/flansmod]: No model location registered for BFMCpack.G17
[15:25:48] [Client thread/WARN] [FMUR/flansmod]: No model location registered for ransya.G17
[15:25:48] [Client thread/WARN] [FMUR/flansmod]: No model location registered for W44.W44BulletCasing
[15:25:48] [Client thread/WARN] [FMUR/flansmod]: No model location registered for rainfire.GenericFlash
[15:25:48] [Client thread/WARN] [FMUR/flansmod]: No model location registered for BFMCpack.J941
[15:25:48] [Client thread/WARN] [FMUR/flansmod]: No model location registered for ransya.G17
[15:25:48] [Client thread/WARN] [FMUR/flansmod]: No model location registered for W44.W44BulletCasing
[15:25:48] [Client thread/WARN] [FMUR/flansmod]: No model location registered for rainfire.GenericFlash
[15:25:48] [Client thread/WARN] [FMUR/flansmod]: No model location registered for BFMCpack.M500
[15:25:48] [Client thread/WARN] [FMUR/flansmod]: No model location registered for lolipk.GunFire
[15:25:48] [Client thread/ERROR] [FMUR/flansmod]: Failed to load model : m500 (lolipk.GunFire)
java.lang.ClassNotFoundException: com.flansmod.client.model.lolipk.ModelGunFire
	at net.minecraft.launchwrapper.LaunchClassLoader.findClass(LaunchClassLoader.java:191) ~[launchwrapper-1.12.jar:?]
	at java.lang.ClassLoader.loadClass(Unknown Source) ~[?:1.8.0_301]
	at java.lang.ClassLoader.loadClass(Unknown Source) ~[?:1.8.0_301]
	at java.lang.Class.forName0(Native Method) ~[?:1.8.0_301]
	at java.lang.Class.forName(Unknown Source) ~[?:1.8.0_301]
	at com.flansmod.client.ClientProxy.loadModel(ClientProxy.java:339) [ClientProxy.class:?]
	at com.flansmod.common.guns.type.GunType.read(GunType.java:801) [GunType.class:?]
	at com.flansmod.common.types.InfoType.read(InfoType.java:75) [InfoType.class:?]
	at com.flansmod.common.ContentManager.createItems(ContentManager.java:137) [ContentManager.class:?]
	at com.flansmod.common.FlansMod.preInit(FlansMod.java:373) [FlansMod.class:?]
	at sun.reflect.NativeMethodAccessorImpl.invoke0(Native Method) ~[?:1.8.0_301]
	at sun.reflect.NativeMethodAccessorImpl.invoke(Unknown Source) ~[?:1.8.0_301]
	at sun.reflect.DelegatingMethodAccessorImpl.invoke(Unknown Source) ~[?:1.8.0_301]
	at java.lang.reflect.Method.invoke(Unknown Source) ~[?:1.8.0_301]
	at cpw.mods.fml.common.FMLModContainer.handleModStateEvent(FMLModContainer.java:532) [FMLModContainer.class:?]
	at sun.reflect.GeneratedMethodAccessor4.invoke(Unknown Source) ~[?:?]
	at sun.reflect.DelegatingMethodAccessorImpl.invoke(Unknown Source) ~[?:1.8.0_301]
	at java.lang.reflect.Method.invoke(Unknown Source) ~[?:1.8.0_301]
	at com.google.common.eventbus.EventSubscriber.handleEvent(EventSubscriber.java:74) [guava-17.0.jar:?]
	at com.google.common.eventbus.SynchronizedEventSubscriber.handleEvent(SynchronizedEventSubscriber.java:47) [guava-17.0.jar:?]
	at com.google.common.eventbus.EventBus.dispatch(EventBus.java:322) [guava-17.0.jar:?]
	at com.google.common.eventbus.EventBus.dispatchQueuedEvents(EventBus.java:304) [guava-17.0.jar:?]
	at com.google.common.eventbus.EventBus.post(EventBus.java:275) [guava-17.0.jar:?]
	at cpw.mods.fml.common.LoadController.sendEventToModContainer(LoadController.java:212) [LoadController.class:?]
	at cpw.mods.fml.common.LoadController.propogateStateMessage(LoadController.java:190) [LoadController.class:?]
	at sun.reflect.NativeMethodAccessorImpl.invoke0(Native Method) ~[?:1.8.0_301]
	at sun.reflect.NativeMethodAccessorImpl.invoke(Unknown Source) ~[?:1.8.0_301]
	at sun.reflect.DelegatingMethodAccessorImpl.invoke(Unknown Source) ~[?:1.8.0_301]
	at java.lang.reflect.Method.invoke(Unknown Source) ~[?:1.8.0_301]
	at com.google.common.eventbus.EventSubscriber.handleEvent(EventSubscriber.java:74) [guava-17.0.jar:?]
	at com.google.common.eventbus.SynchronizedEventSubscriber.handleEvent(SynchronizedEventSubscriber.java:47) [guava-17.0.jar:?]
	at com.google.common.eventbus.EventBus.dispatch(EventBus.java:322) [guava-17.0.jar:?]
	at com.google.common.eventbus.EventBus.dispatchQueuedEvents(EventBus.java:304) [guava-17.0.jar:?]
	at com.google.common.eventbus.EventBus.post(EventBus.java:275) [guava-17.0.jar:?]
	at cpw.mods.fml.common.LoadController.distributeStateMessage(LoadController.java:119) [LoadController.class:?]
	at cpw.mods.fml.common.Loader.preinitializeMods(Loader.java:556) [Loader.class:?]
	at cpw.mods.fml.client.FMLClientHandler.beginMinecraftLoading(FMLClientHandler.java:243) [FMLClientHandler.class:?]
	at net.minecraft.client.Minecraft.func_71384_a(Minecraft.java:480) [bao.class:?]
	at net.minecraft.client.Minecraft.func_99999_d(Minecraft.java:4993) [bao.class:?]
	at net.minecraft.client.main.Main.main(SourceFile:148) [Main.class:?]
	at sun.reflect.NativeMethodAccessorImpl.invoke0(Native Method) ~[?:1.8.0_301]
	at sun.reflect.NativeMethodAccessorImpl.invoke(Unknown Source) ~[?:1.8.0_301]
	at sun.reflect.DelegatingMethodAccessorImpl.invoke(Unknown Source) ~[?:1.8.0_301]
	at java.lang.reflect.Method.invoke(Unknown Source) ~[?:1.8.0_301]
	at net.minecraft.launchwrapper.Launch.launch(Launch.java:135) [launchwrapper-1.12.jar:?]
	at net.minecraft.launchwrapper.Launch.main(Launch.java:28) [launchwrapper-1.12.jar:?]
Caused by: java.lang.NullPointerException
[15:25:48] [Client thread/WARN] [FMUR/flansmod]: No model location registered for rainfire.GenericFlash
[15:25:48] [Client thread/WARN] [FMUR/flansmod]: No model location registered for BFMCpack.M26MASS
[15:25:48] [Client thread/WARN] [FMUR/flansmod]: No model location registered for BFMCpack.M26MASS
[15:25:48] [Client thread/WARN] [FMUR/flansmod]: No model location registered for BFMCpack.M26MASS
[15:25:48] [Client thread/WARN] [FMUR/flansmod]: No model location registered for BFMCpack.M26MASS
[15:25:48] [Client thread/WARN] [FMUR/flansmod]: No model location registered for DarkZone.Izh43S
[15:25:48] [Client thread/WARN] [FMUR/flansmod]: No model location registered for BFMCpack.Shorty12G
[15:25:48] [Client thread/WARN] [FMUR/flansmod]: No model location registered for BFMCpack.Mosin
[15:25:48] [Client thread/WARN] [FMUR/flansmod]: No model location registered for W44.W44BulletCasing
[15:25:48] [Client thread/WARN] [FMUR/flansmod]: No model location registered for DarkZone.GunFire
[15:25:48] [Client thread/WARN] [FMUR/flansmod]: No model location registered for BFMCpack.Rorsch_MK4
[15:25:49] [Client thread/WARN] [FMUR/flansmod]: No model location registered for W44.W44BulletCasing
[15:25:49] [Client thread/WARN] [FMUR/flansmod]: No model location registered for DarkZone.GunFire
[15:25:49] [Client thread/WARN] [FMUR/flansmod]: No model location registered for BFMCpack.Rorsch_MK4
[15:25:49] [Client thread/WARN] [FMUR/flansmod]: No model location registered for W44.W44BulletCasing
[15:25:49] [Client thread/WARN] [FMUR/flansmod]: No model location registered for DarkZone.GunFire
[15:25:49] [Client thread/WARN] [FMUR/flansmod]: No model location registered for BFMCpack.SOCOM16
[15:25:49] [Client thread/WARN] [FMUR/flansmod]: No model location registered for BFMCpack.SR338
[15:25:49] [Client thread/WARN] [FMUR/flansmod]: No model location registered for ransya.M16
[15:25:49] [Client thread/WARN] [FMUR/flansmod]: No model location registered for W44.W44BulletCasing
[15:25:49] [Client thread/WARN] [FMUR/flansmod]: No model location registered for rainfire.GenericFlash
[15:25:49] [Client thread/WARN] [FMUR/flansmod]: No model location registered for BFMCpack.SUAVDeployer
[15:25:49] [Client thread/WARN] [FMUR/flansmod]: No model location registered for W44.Syringe
[15:25:49] [Client thread/WARN] [FMUR/flansmod]: No model location registered for W44.Syringe
[15:25:49] [Client thread/WARN] [FMUR/flansmod]: No model location registered for W44.Syringe
[15:25:49] [Client thread/WARN] [FMUR/flansmod]: No model location registered for mw.Binoculars
[15:25:49] [Client thread/WARN] [FMUR/flansmod]: No model location registered for BFMCpack.SA18
[15:25:49] [Client thread/WARN] [FMUR/flansmod]: No model location registered for BFMCpack.AEK971
[15:25:49] [Client thread/WARN] [FMUR/flansmod]: No model location registered for ransya.AEK971
[15:25:49] [Client thread/WARN] [FMUR/flansmod]: No model location registered for W44.W44BulletCasing
[15:25:49] [Client thread/WARN] [FMUR/flansmod]: No model location registered for rainfire.GenericFlash
[15:25:49] [Client thread/INFO] [FMUR/flansmod]: Reading gun file failed. RU_AR_AEK-971 :  animGunOffsetX = -1
[15:25:49] [Client thread/WARN] [FMUR/flansmod]: No model location registered for BFMCpack.AK12
[15:25:49] [Client thread/WARN] [FMUR/flansmod]: No model location registered for ransya.AEK971
[15:25:49] [Client thread/WARN] [FMUR/flansmod]: No model location registered for W44.W44BulletCasing
[15:25:49] [Client thread/WARN] [FMUR/flansmod]: No model location registered for rainfire.GenericFlash
[15:25:49] [Client thread/WARN] [FMUR/flansmod]: No model location registered for BFMCpack.AK74M
[15:25:49] [Client thread/WARN] [FMUR/flansmod]: No model location registered for ransya.AK74
[15:25:49] [Client thread/WARN] [FMUR/flansmod]: No model location registered for W44.W44BulletCasing
[15:25:49] [Client thread/WARN] [FMUR/flansmod]: No model location registered for rainfire.GenericFlash
[15:25:49] [Client thread/WARN] [FMUR/flansmod]: No model location registered for W44.W44BulletCasing
[15:25:49] [Client thread/WARN] [FMUR/flansmod]: No model location registered for rainfire.GenericFlash
[15:25:49] [Client thread/WARN] [FMUR/flansmod]: No model location registered for BFMCpack.AKTAC
[15:25:49] [Client thread/WARN] [FMUR/flansmod]: No model location registered for ransya.AK74
[15:25:49] [Client thread/INFO] [FMUR/flansmod]: Reading gun file failed. RU_AR_AK-TAC :  animGunOffsetX = -2
[15:25:49] [Client thread/WARN] [FMUR/flansmod]: No model location registered for BFMCpack.AN94
[15:25:49] [Client thread/WARN] [FMUR/flansmod]: No model location registered for ransya.AK74
[15:25:49] [Client thread/WARN] [FMUR/flansmod]: No model location registered for W44.W44BulletCasing
[15:25:49] [Client thread/WARN] [FMUR/flansmod]: No model location registered for rainfire.GenericFlash
[15:25:49] [Client thread/INFO] [FMUR/flansmod]: Reading gun file failed. RU_AR_AN-94 :  animGunOffsetX = -2.5
[15:25:49] [Client thread/WARN] [FMUR/flansmod]: No model location registered for BFMCpack.ASH12
[15:25:49] [Client thread/WARN] [FMUR/flansmod]: No model location registered for ransya.A91
[15:25:49] [Client thread/WARN] [FMUR/flansmod]: No model location registered for BFMCpack.ASH12
[15:25:49] [Client thread/WARN] [FMUR/flansmod]: No model location registered for ransya.A91
[15:25:49] [Client thread/WARN] [FMUR/flansmod]: No model location registered for BFMCpack.CZ805
[15:25:49] [Client thread/WARN] [FMUR/flansmod]: No model location registered for ransya.Mk18
[15:25:49] [Client thread/INFO] [FMUR/flansmod]: Reading gun file failed. RU_AR_CZ-805 :  animGunOffset = -0.05
[15:25:49] [Client thread/INFO] [FMUR/flansmod]: Reading gun file failed. RU_AR_CZ-805 :  animGunOffsetX = -1
[15:25:49] [Client thread/WARN] [FMUR/flansmod]: No model location registered for BFMCpack.G3A3
[15:25:49] [Client thread/WARN] [FMUR/flansmod]: No model location registered for ransya.SCARL
[15:25:49] [Client thread/WARN] [FMUR/flansmod]: No model location registered for W44.W44BulletCasing
[15:25:49] [Client thread/WARN] [FMUR/flansmod]: No model location registered for rainfire.GenericFlash
[15:25:49] [Client thread/WARN] [FMUR/flansmod]: No model location registered for BFMCpack.Groza1
[15:25:49] [Client thread/WARN] [FMUR/flansmod]: No model location registered for ransya.OTs14
[15:25:49] [Client thread/WARN] [FMUR/flansmod]: No model location registered for W44.W44BulletCasing
[15:25:49] [Client thread/WARN] [FMUR/flansmod]: No model location registered for rainfire.GenericFlash
[15:25:49] [Client thread/WARN] [FMUR/flansmod]: No model location registered for BFMCpack.MSBS
[15:25:49] [Client thread/WARN] [FMUR/flansmod]: No model location registered for ransya.Mk18
[15:25:49] [Client thread/WARN] [FMUR/flansmod]: No model location registered for W44.W44BulletCasing
[15:25:49] [Client thread/WARN] [FMUR/flansmod]: No model location registered for rainfire.GenericFlash
[15:25:49] [Client thread/WARN] [FMUR/flansmod]: No model location registered for BFMCpack.RPG16
[15:25:49] [Client thread/WARN] [FMUR/flansmod]: No model location registered for BFMCpack.A91
[15:25:49] [Client thread/WARN] [FMUR/flansmod]: No model location registered for ransya.A91
[15:25:49] [Client thread/WARN] [FMUR/flansmod]: No model location registered for W44.W44BulletCasing
[15:25:49] [Client thread/WARN] [FMUR/flansmod]: No model location registered for rainfire.GenericFlash
[15:25:49] [Client thread/INFO] [FMUR/flansmod]: Reading gun file failed. RU_CR_A-91 :  animGunOffsetX = -1
[15:25:49] [Client thread/WARN] [FMUR/flansmod]: No model location registered for BFMCpack.AK12U
[15:25:49] [Client thread/WARN] [FMUR/flansmod]: No model location registered for ransya.AKS74U
[15:25:49] [Client thread/WARN] [FMUR/flansmod]: No model location registered for W44.W44BulletCasing
[15:25:49] [Client thread/WARN] [FMUR/flansmod]: No model location registered for rainfire.GenericFlash
[15:25:49] [Client thread/WARN] [FMUR/flansmod]: No model location registered for BFMCpack.AMB17
[15:25:49] [Client thread/WARN] [FMUR/flansmod]: No model location registered for ransya.AK74
[15:25:49] [Client thread/WARN] [FMUR/flansmod]: No model location registered for W44.W44BulletCasing
[15:25:49] [Client thread/WARN] [FMUR/flansmod]: No model location registered for BFMCpack.AMB17
[15:25:49] [Client thread/WARN] [FMUR/flansmod]: No model location registered for ransya.AK74
[15:25:49] [Client thread/WARN] [FMUR/flansmod]: No model location registered for W44.W44BulletCasing
[15:25:49] [Client thread/WARN] [FMUR/flansmod]: No model location registered for BFMCpack.ASVAL
[15:25:49] [Client thread/WARN] [FMUR/flansmod]: No model location registered for ransya.AK74
[15:25:49] [Client thread/WARN] [FMUR/flansmod]: No model location registered for BFMCpack.GP30
[15:25:49] [Client thread/WARN] [FMUR/flansmod]: No model location registered for ransya.M320
[15:25:49] [Client thread/WARN] [FMUR/flansmod]: No model location registered for BFMCpack.GP30
[15:25:49] [Client thread/WARN] [FMUR/flansmod]: No model location registered for ransya.M320
[15:25:49] [Client thread/WARN] [FMUR/flansmod]: No model location registered for BFMCpack.GP30
[15:25:49] [Client thread/WARN] [FMUR/flansmod]: No model location registered for ransya.M320
[15:25:49] [Client thread/WARN] [FMUR/flansmod]: No model location registered for BFMCpack.GP30
[15:25:49] [Client thread/WARN] [FMUR/flansmod]: No model location registered for ransya.M320
[15:25:49] [Client thread/WARN] [FMUR/flansmod]: No model location registered for BFMCpack.GP30
[15:25:49] [Client thread/WARN] [FMUR/flansmod]: No model location registered for ransya.M320
[15:25:49] [Client thread/WARN] [FMUR/flansmod]: No model location registered for BFMCpack.GP30
[15:25:49] [Client thread/WARN] [FMUR/flansmod]: No model location registered for ransya.M320
[15:25:49] [Client thread/WARN] [FMUR/flansmod]: No model location registered for BFMCpack.GP30
[15:25:49] [Client thread/WARN] [FMUR/flansmod]: No model location registered for ransya.M320
[15:25:49] [Client thread/WARN] [FMUR/flansmod]: No model location registered for BFMCpack.GP30
[15:25:49] [Client thread/WARN] [FMUR/flansmod]: No model location registered for ransya.M320
[15:25:49] [Client thread/WARN] [FMUR/flansmod]: No model location registered for BFMCpack.GP30
[15:25:49] [Client thread/WARN] [FMUR/flansmod]: No model location registered for ransya.M320
[15:25:49] [Client thread/WARN] [FMUR/flansmod]: No model location registered for BFMCpack.AK74LMG
[15:25:49] [Client thread/WARN] [FMUR/flansmod]: No model location registered for ransya.AK74
[15:25:49] [Client thread/WARN] [FMUR/flansmod]: No model location registered for W44.W44BulletCasing
[15:25:49] [Client thread/WARN] [FMUR/flansmod]: No model location registered for rainfire.GenericFlash
[15:25:49] [Client thread/WARN] [FMUR/flansmod]: No model location registered for BFMCpack.PKP
[15:25:49] [Client thread/WARN] [FMUR/flansmod]: No model location registered for W44.W44BulletCasing
[15:25:49] [Client thread/WARN] [FMUR/flansmod]: No model location registered for rainfire.GenericFlash
[15:25:49] [Client thread/WARN] [FMUR/flansmod]: No model location registered for BFMCpack.RPK12
[15:25:49] [Client thread/WARN] [FMUR/flansmod]: No model location registered for W44.W44BulletCasing
[15:25:49] [Client thread/WARN] [FMUR/flansmod]: No model location registered for DarkZone.GunFire
[15:25:49] [Client thread/WARN] [FMUR/flansmod]: No model location registered for BFMCpack.RPKM
[15:25:49] [Client thread/WARN] [FMUR/flansmod]: No model location registered for ransya.AK74
[15:25:49] [Client thread/WARN] [FMUR/flansmod]: No model location registered for W44.W44BulletCasing
[15:25:49] [Client thread/WARN] [FMUR/flansmod]: No model location registered for rainfire.GenericFlash
[15:25:49] [Client thread/WARN] [FMUR/flansmod]: No model location registered for BFMCpack.UKM2013
[15:25:49] [Client thread/WARN] [FMUR/flansmod]: No model location registered for BFMCpack.44Magnum
[15:25:49] [Client thread/WARN] [FMUR/flansmod]: No model location registered for BFMCpack.APS
[15:25:49] [Client thread/WARN] [FMUR/flansmod]: No model location registered for ransya.G17
[15:25:49] [Client thread/WARN] [FMUR/flansmod]: No model location registered for W44.W44BulletCasing
[15:25:49] [Client thread/WARN] [FMUR/flansmod]: No model location registered for rainfire.GenericFlash
[15:25:49] [Client thread/WARN] [FMUR/flansmod]: No model location registered for BFMCpack.MP443
[15:25:49] [Client thread/WARN] [FMUR/flansmod]: No model location registered for ransya.G17
[15:25:49] [Client thread/WARN] [FMUR/flansmod]: No model location registered for rainfire.GenericFlash
[15:25:49] [Client thread/WARN] [FMUR/flansmod]: No model location registered for lolipk.SWM327
[15:25:49] [Client thread/WARN] [FMUR/flansmod]: No model location registered for rainfire.GenericFlash
[15:25:49] [Client thread/WARN] [FMUR/flansmod]: No model location registered for BFMCpack.RSH12
[15:25:49] [Client thread/WARN] [FMUR/flansmod]: No model location registered for ransya.G17
[15:25:49] [Client thread/WARN] [FMUR/flansmod]: No model location registered for BFMCpack.DBV12
[15:25:49] [Client thread/WARN] [FMUR/flansmod]: No model location registered for W44.W44BulletCasing
[15:25:49] [Client thread/WARN] [FMUR/flansmod]: No model location registered for rainfire.GenericFlash
[15:25:49] [Client thread/WARN] [FMUR/flansmod]: No model location registered for BFMCpack.KS20G
[15:25:49] [Client thread/WARN] [FMUR/flansmod]: No model location registered for ransya.M870
[15:25:49] [Client thread/WARN] [FMUR/flansmod]: No model location registered for BFMCpack.Saiga12K
[15:25:49] [Client thread/INFO] [FMUR/flansmod]: Reading gun file failed. RU_SG_Saiga-12K :  animGunOffsetX = -7
[15:25:49] [Client thread/INFO] [FMUR/flansmod]: Reading gun file failed. RU_SG_Saiga-12K :  animGunOffset = -0.85
[15:25:49] [Client thread/WARN] [FMUR/flansmod]: No model location registered for BFMCpack.CZ3A1
[15:25:49] [Client thread/WARN] [FMUR/flansmod]: No model location registered for ransya.AK74
[15:25:49] [Client thread/WARN] [FMUR/flansmod]: No model location registered for BFMCpack.Groza4
[15:25:49] [Client thread/WARN] [FMUR/flansmod]: No model location registered for ransya.A91
[15:25:49] [Client thread/WARN] [FMUR/flansmod]: No model location registered for W44.W44BulletCasing
[15:25:49] [Client thread/WARN] [FMUR/flansmod]: No model location registered for BFMCpack.MX4
[15:25:49] [Client thread/WARN] [FMUR/flansmod]: No model location registered for ransya.AK74
[15:25:49] [Client thread/WARN] [FMUR/flansmod]: No model location registered for W44.W44BulletCasing
[15:25:49] [Client thread/WARN] [FMUR/flansmod]: No model location registered for rainfire.GenericFlash
[15:25:49] [Client thread/WARN] [FMUR/flansmod]: No model location registered for BFMCpack.PP19
[15:25:49] [Client thread/WARN] [FMUR/flansmod]: No model location registered for ransya.AK74
[15:25:49] [Client thread/WARN] [FMUR/flansmod]: No model location registered for W44.W44BulletCasing
[15:25:49] [Client thread/WARN] [FMUR/flansmod]: No model location registered for rainfire.GenericFlash
[15:25:49] [Client thread/WARN] [FMUR/flansmod]: No model location registered for BFMCpack.PP2000
[15:25:49] [Client thread/WARN] [FMUR/flansmod]: No model location registered for ransya.UMP45
[15:25:49] [Client thread/WARN] [FMUR/flansmod]: No model location registered for BFMCpack.PPK20
[15:25:49] [Client thread/WARN] [FMUR/flansmod]: No model location registered for ransya.AK74
[15:25:49] [Client thread/WARN] [FMUR/flansmod]: No model location registered for W44.W44BulletCasing
[15:25:49] [Client thread/WARN] [FMUR/flansmod]: No model location registered for rainfire.GenericFlash
[15:25:49] [Client thread/WARN] [FMUR/flansmod]: No model location registered for BFMCpack.SR2
[15:25:49] [Client thread/WARN] [FMUR/flansmod]: No model location registered for ransya.UMP45
[15:25:49] [Client thread/WARN] [FMUR/flansmod]: No model location registered for BFMCpack.SR3M
[15:25:49] [Client thread/WARN] [FMUR/flansmod]: No model location registered for ransya.AK74
[15:25:49] [Client thread/WARN] [FMUR/flansmod]: No model location registered for W44.W44BulletCasing
[15:25:49] [Client thread/WARN] [FMUR/flansmod]: No model location registered for DarkZone.GunFire
[15:25:49] [Client thread/WARN] [FMUR/flansmod]: No model location registered for BFMCpack.JNG90
[15:25:49] [Client thread/WARN] [FMUR/flansmod]: No model location registered for ransya.PTRS1941
[15:25:49] [Client thread/WARN] [FMUR/flansmod]: No model location registered for BFMCpack.SKS
[15:25:49] [Client thread/WARN] [FMUR/flansmod]: No model location registered for W44.W44BulletCasing
[15:25:49] [Client thread/WARN] [FMUR/flansmod]: No model location registered for rainfire.GenericFlash
[15:25:49] [Client thread/INFO] [FMUR/flansmod]: Reading gun file failed. RU_SR_SKS :  animGunOffsetX = -2
[15:25:49] [Client thread/WARN] [FMUR/flansmod]: No model location registered for BFMCpack.SV98
[15:25:49] [Client thread/WARN] [FMUR/flansmod]: No model location registered for BFMCpack.SVCH
[15:25:49] [Client thread/WARN] [FMUR/flansmod]: No model location registered for ransya.M16
[15:25:49] [Client thread/WARN] [FMUR/flansmod]: No model location registered for W44.W44BulletCasing
[15:25:49] [Client thread/WARN] [FMUR/flansmod]: No model location registered for rainfire.GenericFlash
[15:25:49] [Client thread/WARN] [FMUR/flansmod]: No model location registered for BFMCpack.SVD12
[15:25:49] [Client thread/WARN] [FMUR/flansmod]: No model location registered for W44.W44BulletCasing
[15:25:49] [Client thread/WARN] [FMUR/flansmod]: No model location registered for rainfire.GenericFlash
[15:25:49] [Client thread/WARN] [FMUR/flansmod]: No model location registered for BFMCpack.SVUA
[15:25:49] [Client thread/WARN] [FMUR/flansmod]: No model location registered for W44.W44BulletCasing
[15:25:49] [Client thread/WARN] [FMUR/flansmod]: No model location registered for rainfire.GenericFlash
[15:25:49] [Client thread/WARN] [FMUR/flansmod]: No model location registered for BFMCpack.T5000
[15:25:49] [Client thread/WARN] [FMUR/flansmod]: No model location registered for BFMCpack.VKS
[15:25:49] [Client thread/WARN] [FMUR/flansmod]: No model location registered for W44.W44BulletCasing
[15:25:49] [Client thread/WARN] [FMUR/flansmod]: No model location registered for rainfire.GenericFlash
[15:25:49] [Client thread/WARN] [FMUR/flansmod]: No model location registered for BFMCpack.AK12
[15:25:49] [Client thread/WARN] [FMUR/flansmod]: No model location registered for ransya.AK74
[15:25:49] [Client thread/WARN] [FMUR/flansmod]: No model location registered for W44.W44BulletCasing
[15:25:49] [Client thread/WARN] [FMUR/flansmod]: No model location registered for rainfire.GenericFlash
[15:25:49] [Client thread/WARN] [FMUR/flansmod]: No model location registered for BFMCpack.PKP
[15:25:49] [Client thread/WARN] [FMUR/flansmod]: No model location registered for W44.W44BulletCasing
[15:25:49] [Client thread/WARN] [FMUR/flansmod]: No model location registered for rainfire.GenericFlash
[15:25:49] [Client thread/WARN] [FMUR/flansmod]: No model location registered for BFMCpack.PKP
[15:25:49] [Client thread/WARN] [FMUR/flansmod]: No model location registered for W44.W44BulletCasing
[15:25:49] [Client thread/WARN] [FMUR/flansmod]: No model location registered for rainfire.GenericFlash
[15:25:49] [Client thread/WARN] [FMUR/flansmod]: No model location registered for BFMCpack.PKP
[15:25:49] [Client thread/WARN] [FMUR/flansmod]: No model location registered for W44.W44BulletCasing
[15:25:49] [Client thread/WARN] [FMUR/flansmod]: No model location registered for rainfire.GenericFlash
[15:25:49] [Client thread/WARN] [FMUR/flansmod]: No model location registered for BFMCpack.SR3MP
[15:25:49] [Client thread/WARN] [FMUR/flansmod]: No model location registered for ransya.AK74
[15:25:49] [Client thread/WARN] [FMUR/flansmod]: No model location registered for W44.W44BulletCasing
[15:25:49] [Client thread/WARN] [FMUR/flansmod]: No model location registered for DarkZone.GunFire
[15:25:49] [Client thread/WARN] [FMUR/flansmod]: No model location registered for BFMCpack.AR160
[15:25:49] [Client thread/WARN] [FMUR/flansmod]: No model location registered for ransya.Mk18
[15:25:49] [Client thread/WARN] [FMUR/flansmod]: No model location registered for W44.W44BulletCasing
[15:25:49] [Client thread/WARN] [FMUR/flansmod]: No model location registered for rainfire.GenericFlash
[15:25:49] [Client thread/WARN] [FMUR/flansmod]: No model location registered for BFMCpack.F2000
[15:25:49] [Client thread/WARN] [FMUR/flansmod]: No model location registered for ransya.A91
[15:25:49] [Client thread/WARN] [FMUR/flansmod]: No model location registered for W44.W44BulletCasing
[15:25:49] [Client thread/WARN] [FMUR/flansmod]: No model location registered for rainfire.GenericFlash
[15:25:49] [Client thread/WARN] [FMUR/flansmod]: No model location registered for BFMCpack.FAMAS
[15:25:49] [Client thread/WARN] [FMUR/flansmod]: No model location registered for ransya.A91
[15:25:49] [Client thread/WARN] [FMUR/flansmod]: No model location registered for W44.W44BulletCasing
[15:25:49] [Client thread/WARN] [FMUR/flansmod]: No model location registered for rainfire.GenericFlash
[15:25:49] [Client thread/WARN] [FMUR/flansmod]: No model location registered for BFMCpack.HCAR
[15:25:49] [Client thread/WARN] [FMUR/flansmod]: No model location registered for ransya.SCARL
[15:25:49] [Client thread/WARN] [FMUR/flansmod]: No model location registered for W44.W44BulletCasing
[15:25:49] [Client thread/WARN] [FMUR/flansmod]: No model location registered for rainfire.GenericFlash
[15:25:49] [Client thread/WARN] [FMUR/flansmod]: No model location registered for BFMCpack.HK416
[15:25:49] [Client thread/WARN] [FMUR/flansmod]: No model location registered for ransya.M16
[15:25:49] [Client thread/WARN] [FMUR/flansmod]: No model location registered for W44.W44BulletCasing
[15:25:49] [Client thread/WARN] [FMUR/flansmod]: No model location registered for rainfire.GenericFlash
[15:25:49] [Client thread/WARN] [FMUR/flansmod]: No model location registered for BFMCpack.L85A2
[15:25:49] [Client thread/WARN] [FMUR/flansmod]: No model location registered for W44.W44BulletCasing
[15:25:49] [Client thread/WARN] [FMUR/flansmod]: No model location registered for rainfire.GenericFlash
[15:25:49] [Client thread/WARN] [FMUR/flansmod]: No model location registered for BFMCpack.M16A4
[15:25:49] [Client thread/WARN] [FMUR/flansmod]: No model location registered for ransya.M16
[15:25:49] [Client thread/WARN] [FMUR/flansmod]: No model location registered for W44.W44BulletCasing
[15:25:49] [Client thread/WARN] [FMUR/flansmod]: No model location registered for rainfire.GenericFlash
[15:25:49] [Client thread/WARN] [FMUR/flansmod]: No model location registered for BFMCpack.MCX
[15:25:49] [Client thread/WARN] [FMUR/flansmod]: No model location registered for ransya.SCARL
[15:25:49] [Client thread/WARN] [FMUR/flansmod]: No model location registered for W44.W44BulletCasing
[15:25:49] [Client thread/WARN] [FMUR/flansmod]: No model location registered for rainfire.GenericFlash
[15:25:49] [Client thread/WARN] [FMUR/flansmod]: No model location registered for BFMCpack.MK18MOD0
[15:25:49] [Client thread/WARN] [FMUR/flansmod]: No model location registered for ransya.Mk18
[15:25:49] [Client thread/WARN] [FMUR/flansmod]: No model location registered for W44.W44BulletCasing
[15:25:49] [Client thread/WARN] [FMUR/flansmod]: No model location registered for rainfire.GenericFlash
[15:25:49] [Client thread/WARN] [FMUR/flansmod]: No model location registered for BFMCpack.SCARH
[15:25:49] [Client thread/WARN] [FMUR/flansmod]: No model location registered for ransya.SCARL
[15:25:49] [Client thread/WARN] [FMUR/flansmod]: No model location registered for W44.W44BulletCasing
[15:25:49] [Client thread/WARN] [FMUR/flansmod]: No model location registered for rainfire.GenericFlash
[15:25:49] [Client thread/WARN] [FMUR/flansmod]: No model location registered for BFMCpack.SCARL
[15:25:49] [Client thread/WARN] [FMUR/flansmod]: No model location registered for ransya.SCARL
[15:25:49] [Client thread/WARN] [FMUR/flansmod]: No model location registered for W44.W44BulletCasing
[15:25:49] [Client thread/WARN] [FMUR/flansmod]: No model location registered for rainfire.GenericFlash
[15:25:49] [Client thread/WARN] [FMUR/flansmod]: No model location registered for BFMCpack.XM8
[15:25:49] [Client thread/WARN] [FMUR/flansmod]: No model location registered for ransya.Mk18
[15:25:49] [Client thread/WARN] [FMUR/flansmod]: No model location registered for BFMCpack.MK153
[15:25:49] [Client thread/WARN] [FMUR/flansmod]: No model location registered for BFMCpack.FGM172
[15:25:49] [Client thread/WARN] [FMUR/flansmod]: No model location registered for BFMCpack.ACWR
[15:25:49] [Client thread/WARN] [FMUR/flansmod]: No model location registered for ransya.Mk18
[15:25:49] [Client thread/WARN] [FMUR/flansmod]: No model location registered for W44.W44BulletCasing
[15:25:49] [Client thread/WARN] [FMUR/flansmod]: No model location registered for rainfire.GenericFlash
[15:25:49] [Client thread/WARN] [FMUR/flansmod]: No model location registered for BFMCpack.M4A1
[15:25:49] [Client thread/WARN] [FMUR/flansmod]: No model location registered for ransya.Mk18
[15:25:49] [Client thread/WARN] [FMUR/flansmod]: No model location registered for W44.W44BulletCasing
[15:25:49] [Client thread/WARN] [FMUR/flansmod]: No model location registered for rainfire.GenericFlash
[15:25:49] [Client thread/WARN] [FMUR/flansmod]: No model location registered for BFMCpack.MDR
[15:25:49] [Client thread/WARN] [FMUR/flansmod]: No model location registered for ransya.A91
[15:25:49] [Client thread/WARN] [FMUR/flansmod]: No model location registered for W44.W44BulletCasing
[15:25:49] [Client thread/WARN] [FMUR/flansmod]: No model location registered for rainfire.GenericFlash
[15:25:49] [Client thread/WARN] [FMUR/flansmod]: No model location registered for BFMCpack.MDR
[15:25:49] [Client thread/WARN] [FMUR/flansmod]: No model location registered for ransya.A91
[15:25:49] [Client thread/WARN] [FMUR/flansmod]: No model location registered for W44.W44BulletCasing
[15:25:49] [Client thread/WARN] [FMUR/flansmod]: No model location registered for rainfire.GenericFlash
[15:25:49] [Client thread/WARN] [FMUR/flansmod]: No model location registered for MT.M320
[15:25:49] [Client thread/WARN] [FMUR/flansmod]: No model location registered for ransya.M320
[15:25:49] [Client thread/WARN] [FMUR/flansmod]: No model location registered for MT.M320
[15:25:49] [Client thread/WARN] [FMUR/flansmod]: No model location registered for ransya.M320
[15:25:49] [Client thread/WARN] [FMUR/flansmod]: No model location registered for MT.M320
[15:25:49] [Client thread/WARN] [FMUR/flansmod]: No model location registered for ransya.M320
[15:25:49] [Client thread/WARN] [FMUR/flansmod]: No model location registered for MT.M320
[15:25:49] [Client thread/WARN] [FMUR/flansmod]: No model location registered for ransya.M320
[15:25:49] [Client thread/WARN] [FMUR/flansmod]: No model location registered for MT.M320
[15:25:49] [Client thread/WARN] [FMUR/flansmod]: No model location registered for ransya.M320
[15:25:49] [Client thread/WARN] [FMUR/flansmod]: No model location registered for MT.M320
[15:25:49] [Client thread/WARN] [FMUR/flansmod]: No model location registered for ransya.M320
[15:25:49] [Client thread/WARN] [FMUR/flansmod]: No model location registered for MT.M320
[15:25:49] [Client thread/WARN] [FMUR/flansmod]: No model location registered for ransya.M320
[15:25:49] [Client thread/WARN] [FMUR/flansmod]: No model location registered for MT.M320
[15:25:49] [Client thread/WARN] [FMUR/flansmod]: No model location registered for ransya.M320
[15:25:49] [Client thread/WARN] [FMUR/flansmod]: No model location registered for MT.M320
[15:25:49] [Client thread/WARN] [FMUR/flansmod]: No model location registered for ransya.M320
[15:25:49] [Client thread/WARN] [FMUR/flansmod]: No model location registered for BFMCpack.M16LMG
[15:25:49] [Client thread/WARN] [FMUR/flansmod]: No model location registered for BFMCpack.M249
[15:25:49] [Client thread/WARN] [FMUR/flansmod]: No model location registered for W44.W44BulletCasing
[15:25:49] [Client thread/WARN] [FMUR/flansmod]: No model location registered for rainfire.GenericFlash
[15:25:49] [Client thread/WARN] [FMUR/flansmod]: No model location registered for BFMCpack.M27IAR
[15:25:49] [Client thread/WARN] [FMUR/flansmod]: No model location registered for ransya.Mk18
[15:25:49] [Client thread/WARN] [FMUR/flansmod]: No model location registered for W44.W44BulletCasing
[15:25:49] [Client thread/WARN] [FMUR/flansmod]: No model location registered for rainfire.GenericFlash
[15:25:49] [Client thread/WARN] [FMUR/flansmod]: No model location registered for BFMCpack.M60E4
[15:25:49] [Client thread/WARN] [FMUR/flansmod]: No model location registered for BFMCpack.DEAGLE44
[15:25:49] [Client thread/WARN] [FMUR/flansmod]: No model location registered for ransya.G17
[15:25:49] [Client thread/WARN] [FMUR/flansmod]: No model location registered for MT.9mm
[15:25:49] [Client thread/WARN] [FMUR/flansmod]: No model location registered for rainfire.GenericFlash
[15:25:49] [Client thread/WARN] [FMUR/flansmod]: No model location registered for BFMCpack.G18
[15:25:49] [Client thread/WARN] [FMUR/flansmod]: No model location registered for ransya.G17
[15:25:49] [Client thread/WARN] [FMUR/flansmod]: No model location registered for W44.W44BulletCasing
[15:25:49] [Client thread/WARN] [FMUR/flansmod]: No model location registered for rainfire.GenericFlash
[15:25:49] [Client thread/WARN] [FMUR/flansmod]: No model location registered for lolipk.SWM327
[15:25:49] [Client thread/WARN] [FMUR/flansmod]: No model location registered for ransya.G17
[15:25:49] [Client thread/WARN] [FMUR/flansmod]: No model location registered for rainfire.GenericFlash
[15:25:49] [Client thread/WARN] [FMUR/flansmod]: No model location registered for BFMCpack.M45A1
[15:25:49] [Client thread/WARN] [FMUR/flansmod]: No model location registered for ransya.G17
[15:25:49] [Client thread/WARN] [FMUR/flansmod]: No model location registered for W44.W44BulletCasing
[15:25:49] [Client thread/WARN] [FMUR/flansmod]: No model location registered for rainfire.GenericFlash
[15:25:49] [Client thread/WARN] [FMUR/flansmod]: No model location registered for BFMCpack.M9
[15:25:49] [Client thread/WARN] [FMUR/flansmod]: No model location registered for ransya.G17
[15:25:49] [Client thread/WARN] [FMUR/flansmod]: No model location registered for W44.W44BulletCasing
[15:25:49] [Client thread/WARN] [FMUR/flansmod]: No model location registered for rainfire.GenericFlash
[15:25:49] [Client thread/WARN] [FMUR/flansmod]: No model location registered for BFMCpack.870MCS
[15:25:49] [Client thread/WARN] [FMUR/flansmod]: No model location registered for ransya.M870
[15:25:49] [Client thread/WARN] [FMUR/flansmod]: No model location registered for rainfire.GenericFlash
[15:25:49] [Client thread/WARN] [FMUR/flansmod]: No model location registered for BFMCpack.AA12
[15:25:49] [Client thread/WARN] [FMUR/flansmod]: No model location registered for BFMCpack.M1014
[15:25:49] [Client thread/WARN] [FMUR/flansmod]: No model location registered for ransya.M870
[15:25:49] [Client thread/WARN] [FMUR/flansmod]: No model location registered for rainfire.GenericFlash
[15:25:49] [Client thread/WARN] [FMUR/flansmod]: No model location registered for BFMCpack.MK3A1
[15:25:49] [Client thread/WARN] [FMUR/flansmod]: No model location registered for BFMCpack.SPAS12
[15:25:49] [Client thread/WARN] [FMUR/flansmod]: No model location registered for ransya.M870
[15:25:49] [Client thread/WARN] [FMUR/flansmod]: No model location registered for rainfire.GenericFlash
[15:25:49] [Client thread/WARN] [FMUR/flansmod]: No model location registered for BFMCpack.HoneyBadger
[15:25:49] [Client thread/WARN] [FMUR/flansmod]: No model location registered for W44.W44BulletCasing
[15:25:49] [Client thread/WARN] [FMUR/flansmod]: No model location registered for BFMCpack.APC9K
[15:25:49] [Client thread/WARN] [FMUR/flansmod]: No model location registered for ransya.UMP45
[15:25:49] [Client thread/WARN] [FMUR/flansmod]: No model location registered for W44.W44BulletCasing
[15:25:49] [Client thread/WARN] [FMUR/flansmod]: No model location registered for rainfire.GenericFlash
[15:25:49] [Client thread/WARN] [FMUR/flansmod]: No model location registered for BFMCpack.CBJMS
[15:25:49] [Client thread/WARN] [FMUR/flansmod]: No model location registered for ransya.UMP45
[15:25:49] [Client thread/WARN] [FMUR/flansmod]: No model location registered for W44.W44BulletCasing
[15:25:49] [Client thread/WARN] [FMUR/flansmod]: No model location registered for DarkZone.GunFire
[15:25:49] [Client thread/WARN] [FMUR/flansmod]: No model location registered for BFMCpack.MiniUZI
[15:25:49] [Client thread/WARN] [FMUR/flansmod]: No model location registered for ransya.UMP45
[15:25:49] [Client thread/WARN] [FMUR/flansmod]: No model location registered for BFMCpack.MP5A4
[15:25:49] [Client thread/WARN] [FMUR/flansmod]: No model location registered for ransya.UMP45
[15:25:49] [Client thread/WARN] [FMUR/flansmod]: No model location registered for rainfire.GenericFlash
[15:25:49] [Client thread/WARN] [FMUR/flansmod]: No model location registered for BFMCpack.MP5SD
[15:25:49] [Client thread/WARN] [FMUR/flansmod]: No model location registered for ransya.UMP45
[15:25:49] [Client thread/WARN] [FMUR/flansmod]: No model location registered for W44.W44BulletCasing
[15:25:49] [Client thread/WARN] [FMUR/flansmod]: No model location registered for BFMCpack.MP7
[15:25:49] [Client thread/WARN] [FMUR/flansmod]: No model location registered for ransya.UMP45
[15:25:49] [Client thread/WARN] [FMUR/flansmod]: No model location registered for W44.W44BulletCasing
[15:25:49] [Client thread/WARN] [FMUR/flansmod]: No model location registered for rainfire.GenericFlash
[15:25:49] [Client thread/WARN] [FMUR/flansmod]: No model location registered for BFMCpack.MP9
[15:25:49] [Client thread/WARN] [FMUR/flansmod]: No model location registered for ransya.UMP45
[15:25:49] [Client thread/WARN] [FMUR/flansmod]: No model location registered for W44.W44BulletCasing
[15:25:49] [Client thread/WARN] [FMUR/flansmod]: No model location registered for rainfire.GenericFlash
[15:25:49] [Client thread/WARN] [FMUR/flansmod]: No model location registered for BFMCpack.MPX
[15:25:49] [Client thread/WARN] [FMUR/flansmod]: No model location registered for ransya.UMP45
[15:25:49] [Client thread/WARN] [FMUR/flansmod]: No model location registered for W44.W44BulletCasing
[15:25:49] [Client thread/WARN] [FMUR/flansmod]: No model location registered for rainfire.GenericFlash
[15:25:49] [Client thread/WARN] [FMUR/flansmod]: No model location registered for BFMCpack.P90
[15:25:49] [Client thread/WARN] [FMUR/flansmod]: No model location registered for ransya.MP7
[15:25:49] [Client thread/ERROR] [FMUR/flansmod]: Failed to load model : p90 (ransya.MP7)
java.lang.ClassNotFoundException: com.flansmod.client.model.ransya.ModelMP7
	at net.minecraft.launchwrapper.LaunchClassLoader.findClass(LaunchClassLoader.java:191) ~[launchwrapper-1.12.jar:?]
	at java.lang.ClassLoader.loadClass(Unknown Source) ~[?:1.8.0_301]
	at java.lang.ClassLoader.loadClass(Unknown Source) ~[?:1.8.0_301]
	at java.lang.Class.forName0(Native Method) ~[?:1.8.0_301]
	at java.lang.Class.forName(Unknown Source) ~[?:1.8.0_301]
	at com.flansmod.client.ClientProxy.loadModel(ClientProxy.java:339) [ClientProxy.class:?]
	at com.flansmod.common.guns.type.GunType.read(GunType.java:796) [GunType.class:?]
	at com.flansmod.common.types.InfoType.read(InfoType.java:75) [InfoType.class:?]
	at com.flansmod.common.ContentManager.createItems(ContentManager.java:137) [ContentManager.class:?]
	at com.flansmod.common.FlansMod.preInit(FlansMod.java:373) [FlansMod.class:?]
	at sun.reflect.NativeMethodAccessorImpl.invoke0(Native Method) ~[?:1.8.0_301]
	at sun.reflect.NativeMethodAccessorImpl.invoke(Unknown Source) ~[?:1.8.0_301]
	at sun.reflect.DelegatingMethodAccessorImpl.invoke(Unknown Source) ~[?:1.8.0_301]
	at java.lang.reflect.Method.invoke(Unknown Source) ~[?:1.8.0_301]
	at cpw.mods.fml.common.FMLModContainer.handleModStateEvent(FMLModContainer.java:532) [FMLModContainer.class:?]
	at sun.reflect.GeneratedMethodAccessor4.invoke(Unknown Source) ~[?:?]
	at sun.reflect.DelegatingMethodAccessorImpl.invoke(Unknown Source) ~[?:1.8.0_301]
	at java.lang.reflect.Method.invoke(Unknown Source) ~[?:1.8.0_301]
	at com.google.common.eventbus.EventSubscriber.handleEvent(EventSubscriber.java:74) [guava-17.0.jar:?]
	at com.google.common.eventbus.SynchronizedEventSubscriber.handleEvent(SynchronizedEventSubscriber.java:47) [guava-17.0.jar:?]
	at com.google.common.eventbus.EventBus.dispatch(EventBus.java:322) [guava-17.0.jar:?]
	at com.google.common.eventbus.EventBus.dispatchQueuedEvents(EventBus.java:304) [guava-17.0.jar:?]
	at com.google.common.eventbus.EventBus.post(EventBus.java:275) [guava-17.0.jar:?]
	at cpw.mods.fml.common.LoadController.sendEventToModContainer(LoadController.java:212) [LoadController.class:?]
	at cpw.mods.fml.common.LoadController.propogateStateMessage(LoadController.java:190) [LoadController.class:?]
	at sun.reflect.NativeMethodAccessorImpl.invoke0(Native Method) ~[?:1.8.0_301]
	at sun.reflect.NativeMethodAccessorImpl.invoke(Unknown Source) ~[?:1.8.0_301]
	at sun.reflect.DelegatingMethodAccessorImpl.invoke(Unknown Source) ~[?:1.8.0_301]
	at java.lang.reflect.Method.invoke(Unknown Source) ~[?:1.8.0_301]
	at com.google.common.eventbus.EventSubscriber.handleEvent(EventSubscriber.java:74) [guava-17.0.jar:?]
	at com.google.common.eventbus.SynchronizedEventSubscriber.handleEvent(SynchronizedEventSubscriber.java:47) [guava-17.0.jar:?]
	at com.google.common.eventbus.EventBus.dispatch(EventBus.java:322) [guava-17.0.jar:?]
	at com.google.common.eventbus.EventBus.dispatchQueuedEvents(EventBus.java:304) [guava-17.0.jar:?]
	at com.google.common.eventbus.EventBus.post(EventBus.java:275) [guava-17.0.jar:?]
	at cpw.mods.fml.common.LoadController.distributeStateMessage(LoadController.java:119) [LoadController.class:?]
	at cpw.mods.fml.common.Loader.preinitializeMods(Loader.java:556) [Loader.class:?]
	at cpw.mods.fml.client.FMLClientHandler.beginMinecraftLoading(FMLClientHandler.java:243) [FMLClientHandler.class:?]
	at net.minecraft.client.Minecraft.func_71384_a(Minecraft.java:480) [bao.class:?]
	at net.minecraft.client.Minecraft.func_99999_d(Minecraft.java:4993) [bao.class:?]
	at net.minecraft.client.main.Main.main(SourceFile:148) [Main.class:?]
	at sun.reflect.NativeMethodAccessorImpl.invoke0(Native Method) ~[?:1.8.0_301]
	at sun.reflect.NativeMethodAccessorImpl.invoke(Unknown Source) ~[?:1.8.0_301]
	at sun.reflect.DelegatingMethodAccessorImpl.invoke(Unknown Source) ~[?:1.8.0_301]
	at java.lang.reflect.Method.invoke(Unknown Source) ~[?:1.8.0_301]
	at net.minecraft.launchwrapper.Launch.launch(Launch.java:135) [launchwrapper-1.12.jar:?]
	at net.minecraft.launchwrapper.Launch.main(Launch.java:28) [launchwrapper-1.12.jar:?]
Caused by: java.lang.NullPointerException
[15:25:49] [Client thread/WARN] [FMUR/flansmod]: No model location registered for W44.W44BulletCasing
[15:25:49] [Client thread/WARN] [FMUR/flansmod]: No model location registered for rainfire.GenericFlash
[15:25:49] [Client thread/WARN] [FMUR/flansmod]: No model location registered for BFMCpack.RO635
[15:25:49] [Client thread/WARN] [FMUR/flansmod]: No model location registered for W44.W44BulletCasing
[15:25:49] [Client thread/WARN] [FMUR/flansmod]: No model location registered for rainfire.GenericFlash
[15:25:49] [Client thread/WARN] [FMUR/flansmod]: No model location registered for BFMCpack.UMP45
[15:25:49] [Client thread/WARN] [FMUR/flansmod]: No model location registered for ransya.UMP45
[15:25:49] [Client thread/WARN] [FMUR/flansmod]: No model location registered for W44.W44BulletCasing
[15:25:49] [Client thread/WARN] [FMUR/flansmod]: No model location registered for rainfire.GenericFlash
[15:25:49] [Client thread/WARN] [FMUR/flansmod]: No model location registered for BFMCpack.UMP9
[15:25:49] [Client thread/WARN] [FMUR/flansmod]: No model location registered for ransya.UMP45
[15:25:49] [Client thread/WARN] [FMUR/flansmod]: No model location registered for W44.W44BulletCasing
[15:25:49] [Client thread/WARN] [FMUR/flansmod]: No model location registered for rainfire.GenericFlash
[15:25:49] [Client thread/WARN] [FMUR/flansmod]: No model location registered for BFMCpack.K10
[15:25:50] [Client thread/WARN] [FMUR/flansmod]: No model location registered for ransya.KrissVector
[15:25:50] [Client thread/WARN] [FMUR/flansmod]: No model location registered for BFMCpack.DSR1
[15:25:50] [Client thread/WARN] [FMUR/flansmod]: No model location registered for BFMCpack.L115
[15:25:50] [Client thread/WARN] [FMUR/flansmod]: No model location registered for MT.NATO
[15:25:50] [Client thread/WARN] [FMUR/flansmod]: No model location registered for rainfire.GenericFlash
[15:25:50] [Client thread/WARN] [FMUR/flansmod]: No model location registered for BFMCpack.M24A2
[15:25:50] [Client thread/WARN] [FMUR/flansmod]: No model location registered for W44.W44BulletCasing
[15:25:50] [Client thread/WARN] [FMUR/flansmod]: No model location registered for DarkZone.GunFire
[15:25:50] [Client thread/WARN] [FMUR/flansmod]: No model location registered for BFMCpack.M39EMR
[15:25:50] [Client thread/WARN] [FMUR/flansmod]: No model location registered for ransya.M21
[15:25:50] [Client thread/WARN] [FMUR/flansmod]: No model location registered for BFMCpack.M40A5
[15:25:50] [Client thread/WARN] [FMUR/flansmod]: No model location registered for BFMCpack.M82A3
[15:25:50] [Client thread/WARN] [FMUR/flansmod]: No model location registered for W44.W44BulletCasing
[15:25:50] [Client thread/WARN] [FMUR/flansmod]: No model location registered for rainfire.GenericFlash
[15:25:50] [Client thread/WARN] [FMUR/flansmod]: No model location registered for BFMCpack.MK11MOD0
[15:25:50] [Client thread/WARN] [FMUR/flansmod]: No model location registered for ransya.M21
[15:25:50] [Client thread/WARN] [FMUR/flansmod]: No model location registered for W44.W44BulletCasing
[15:25:50] [Client thread/WARN] [FMUR/flansmod]: No model location registered for rainfire.GenericFlash
[15:25:50] [Client thread/WARN] [FMUR/flansmod]: No model location registered for BFMCpack.MK20SSR
[15:25:50] [Client thread/WARN] [FMUR/flansmod]: No model location registered for ransya.M21
[15:25:50] [Client thread/WARN] [FMUR/flansmod]: No model location registered for rainfire.GenericFlash
[15:25:50] [Client thread/WARN] [FMUR/flansmod]: No model location registered for BFMCpack.RFB
[15:25:50] [Client thread/WARN] [FMUR/flansmod]: No model location registered for ransya.M21
[15:25:50] [Client thread/WARN] [FMUR/flansmod]: No model location registered for W44.W44BulletCasing
[15:25:50] [Client thread/WARN] [FMUR/flansmod]: No model location registered for rainfire.GenericFlash
[15:25:50] [Client thread/WARN] [FMUR/flansmod]: No model location registered for BFMCpack.SRR61
[15:25:50] [Client thread/INFO] [FMUR/flansmod]: Loaded guns.
[15:25:50] [Client thread/WARN] [FMUR/flansmod]: No model location registered for BFMCpack.AAMine
[15:25:50] [Client thread/WARN] [FMUR/flansmod]: No model location registered for BFMCpack.Radar
[15:25:50] [Client thread/WARN] [FMUR/flansmod]: No model location registered for BFMCpack.MPAPS
[15:25:50] [Client thread/WARN] [FMUR/flansmod]: No model location registered for BFMCpack.MPAPS
[15:25:50] [Client thread/WARN] [FMUR/flansmod]: No model location registered for gfs.M5Sentry
[15:25:50] [Client thread/WARN] [FMUR/flansmod]: No model location registered for BFMCpack.SG36
[15:25:50] [Client thread/WARN] [FMUR/flansmod]: No model location registered for BFMCpack.UAVJammer
[15:25:50] [Client thread/INFO] [FMUR/flansmod]: Loaded aaguns.
[15:25:50] [Client thread/WARN] [FMUR/flansmod]: No model location registered for BFMCpack.QJZ89
[15:25:50] [Client thread/INFO] [FMUR/flansmod]: Errored reading CN_HMG_QJZ-89 :  StartSoundLength None
[15:25:50] [Client thread/INFO] [FMUR/flansmod]: Errored reading CN_HMG_QJZ-89 :  EngineSoundLength None
[15:25:50] [Client thread/WARN] [FMUR/flansmod]: No model location registered for BFMCpack.9M14
[15:25:50] [Client thread/INFO] [FMUR/flansmod]: Errored reading GEN_ATW_9M14 :  StartSoundLength None
[15:25:50] [Client thread/INFO] [FMUR/flansmod]: Errored reading GEN_ATW_9M14 :  EngineSoundLength None
[15:25:50] [Client thread/WARN] [FMUR/flansmod]: No model location registered for BFMCpack.HJ73
[15:25:50] [Client thread/INFO] [FMUR/flansmod]: Errored reading GEN_ATW_HJ-73 :  StartSoundLength None
[15:25:50] [Client thread/INFO] [FMUR/flansmod]: Errored reading GEN_ATW_HJ-73 :  EngineSoundLength None
[15:25:50] [Client thread/WARN] [FMUR/flansmod]: No model location registered for BFMCpack.KORD
[15:25:50] [Client thread/INFO] [FMUR/flansmod]: Errored reading RU_HMG_KORD :  StartSoundLength None
[15:25:50] [Client thread/INFO] [FMUR/flansmod]: Errored reading RU_HMG_KORD :  EngineSoundLength None
[15:25:50] [Client thread/WARN] [FMUR/flansmod]: No model location registered for W44.50CalTripod
[15:25:50] [Client thread/INFO] [FMUR/flansmod]: Errored reading US_HMG_M2HB :  StartSoundLength None
[15:25:50] [Client thread/INFO] [FMUR/flansmod]: Errored reading US_HMG_M2HB :  EngineSoundLength None
[15:25:50] [Client thread/INFO] [FMUR/flansmod]: Loaded vehicles.
[15:25:50] [Client thread/INFO] [FMUR/flansmod]: Loaded planes.
[15:25:50] [Client thread/INFO] [FMUR/flansmod]: Loaded mechaItems.
[15:25:50] [Client thread/INFO] [FMUR/flansmod]: Loaded mechas.
[15:25:50] [Client thread/WARN] [FMUR/flansmod]: No model location registered for W44.Parachute
[15:25:50] [Client thread/INFO] [FMUR/flansmod]: Loaded tools.
[15:25:50] [Client thread/WARN] [FMUR/flansmod]: No model location registered for ModernPack_BreakingCage.DLbag
[15:25:50] [Client thread/WARN] [FMUR/flansmod]: No model location registered for ModernPack_BreakingCage.DLbag
[15:25:50] [Client thread/WARN] [FMUR/flansmod]: No model location registered for ModernPack_BreakingCage.GMFbag
[15:25:50] [Client thread/WARN] [FMUR/flansmod]: No model location registered for ModernPack_BreakingCage.GMFbag
[15:25:50] [Client thread/WARN] [FMUR/flansmod]: No model location registered for ModernPack_BreakingCage.GMFches
[15:25:50] [Client thread/WARN] [FMUR/flansmod]: No model location registered for ModernPack_BreakingCage.GMFches
[15:25:50] [Client thread/WARN] [FMUR/flansmod]: No model location registered for ModernPack_BreakingCage.GMFhelm
[15:25:50] [Client thread/WARN] [FMUR/flansmod]: No model location registered for ModernPack_BreakingCage.GMFhelm
[15:25:50] [Client thread/WARN] [FMUR/flansmod]: No model location registered for ModernPack_BreakingCage.GMFshot
[15:25:50] [Client thread/WARN] [FMUR/flansmod]: No model location registered for ModernPack_BreakingCage.GMFshot
[15:25:50] [Client thread/WARN] [FMUR/flansmod]: No model location registered for ModernPack_BreakingCage.GMTFches
[15:25:50] [Client thread/WARN] [FMUR/flansmod]: No model location registered for ModernPack_BreakingCage.GMTFches
[15:25:50] [Client thread/WARN] [FMUR/flansmod]: No model location registered for ModernPack_BreakingCage.GMTFhelm
[15:25:50] [Client thread/WARN] [FMUR/flansmod]: No model location registered for ModernPack_BreakingCage.GMTFhelm
[15:25:50] [Client thread/WARN] [FMUR/flansmod]: No model location registered for ModernPack_BreakingCage.PLAhelm
[15:25:50] [Client thread/WARN] [FMUR/flansmod]: No model location registered for ModernPack_BreakingCage.PLAhelm
[15:25:50] [Client thread/WARN] [FMUR/flansmod]: No model location registered for ModernPack_BreakingCage.RUFches
[15:25:50] [Client thread/WARN] [FMUR/flansmod]: No model location registered for ModernPack_BreakingCage.RUFches
[15:25:50] [Client thread/WARN] [FMUR/flansmod]: No model location registered for ModernPack_BreakingCage.RUFhelm
[15:25:50] [Client thread/WARN] [FMUR/flansmod]: No model location registered for ModernPack_BreakingCage.RUFhelm
[15:25:50] [Client thread/WARN] [FMUR/flansmod]: No model location registered for ModernPack_BreakingCage.RUFshot
[15:25:50] [Client thread/WARN] [FMUR/flansmod]: No model location registered for ModernPack_BreakingCage.RUFshot
[15:25:50] [Client thread/WARN] [FMUR/flansmod]: No model location registered for ModernPack_BreakingCage.RUTFches
[15:25:50] [Client thread/WARN] [FMUR/flansmod]: No model location registered for ModernPack_BreakingCage.RUTFches
[15:25:50] [Client thread/WARN] [FMUR/flansmod]: No model location registered for ModernPack_BreakingCage.RUTFhelm
[15:25:50] [Client thread/WARN] [FMUR/flansmod]: No model location registered for ModernPack_BreakingCage.RUTFhelm
[15:25:50] [Client thread/WARN] [FMUR/flansmod]: No model location registered for ModernPack_BreakingCage.RUTFshot
[15:25:50] [Client thread/WARN] [FMUR/flansmod]: No model location registered for ModernPack_BreakingCage.RUTFshot
[15:25:50] [Client thread/WARN] [FMUR/flansmod]: No model location registered for BFMCpack_Armors.CN_Assault
[15:25:50] [Client thread/WARN] [FMUR/flansmod]: No model location registered for BFMCpack_Armors.CN_Assault
[15:25:50] [Client thread/WARN] [FMUR/flansmod]: No model location registered for BFMCpack_Armors.CN_Engineer
[15:25:50] [Client thread/WARN] [FMUR/flansmod]: No model location registered for BFMCpack_Armors.CN_Recon
[15:25:50] [Client thread/WARN] [FMUR/flansmod]: No model location registered for BFMCpack_Armors.CN_Recon_Head
[15:25:50] [Client thread/WARN] [FMUR/flansmod]: No model location registered for BFMCpack_Armors.CN_Recon
[15:25:50] [Client thread/WARN] [FMUR/flansmod]: No model location registered for BFMCpack_Armors.CN_Support
[15:25:50] [Client thread/WARN] [FMUR/flansmod]: No model location registered for dwdefence.LupineArmorBasic
[15:25:50] [Client thread/WARN] [FMUR/flansmod]: No model location registered for dwdefence.LupineArmorBasic
[15:25:50] [Client thread/WARN] [FMUR/flansmod]: No model location registered for dwdefence.LupineArmorBasic
[15:25:50] [Client thread/WARN] [FMUR/flansmod]: No model location registered for BFMCpack_Armors.US_Assault
[15:25:50] [Client thread/WARN] [FMUR/flansmod]: No model location registered for BFMCpack_Armors.US_Assault
[15:25:50] [Client thread/WARN] [FMUR/flansmod]: No model location registered for BFMCpack_Armors.US_Engineer
[15:25:50] [Client thread/WARN] [FMUR/flansmod]: No model location registered for BFMCpack_Armors.US_Recon
[15:25:50] [Client thread/WARN] [FMUR/flansmod]: No model location registered for BFMCpack_Armors.US_Support
[15:25:50] [Client thread/INFO] [FMUR/flansmod]: Loaded armorFiles.
[15:25:50] [Client thread/INFO] [FMUR/flansmod]: Loaded armorBoxes.
[15:25:50] [Client thread/INFO] [FMUR/flansmod]: Loaded boxes.
[15:25:50] [Client thread/INFO] [FMUR/flansmod]: Loaded classes.
[15:25:50] [Client thread/INFO] [FMUR/flansmod]: Loaded teams.
[15:25:50] [Client thread/INFO] [FMUR/flansmod]: Loaded blocks.
[15:25:50] [Client thread/INFO] [FMUR/flansmod]: Client Hash: fe8a8969a183ccbe41936d3f6230d252601e5b7a06628839b8b72221913794b42b54b4ccc1ba0350ba1e4f1fdd1367d2d2790da841b8a49243200adc9fad1136
[15:25:50] [Client thread/INFO] [FMUR/flansmod]: Loading Flan's mod client side.
[15:25:50] [Client thread/DEBUG] [mixin/flansmod]: Mixing notfine.glint.MixinRenderPlayer from mixins.angelica.early.json into net.minecraft.client.renderer.entity.RenderPlayer
[15:25:50] [Client thread/WARN] [FMUR/flansmod]: Content packs detected, reload resources
[15:25:50] [Client thread/DEBUG] [FML/flansmod]: Bar Step: Loading Resources - Default took 0.001s
[15:25:50] [Client thread/DEBUG] [FML/flansmod]: Bar Step: Loading Resources - FMLFileResourcePack:Forge Mod Loader took 0.001s
[15:25:50] [Client thread/DEBUG] [FML/flansmod]: Bar Step: Loading Resources - FMLFileResourcePack:Minecraft Forge took 0.001s
[15:25:50] [Client thread/DEBUG] [FML/flansmod]: Bar Step: Loading Resources - FMLFileResourcePack:Added title and actionbar support for client and server took 0.000s
[15:25:50] [Client thread/DEBUG] [FML/flansmod]: Bar Step: Loading Resources - FMLFileResourcePack:UniMixins took 0.003s
[15:25:50] [Client thread/DEBUG] [FML/flansmod]: Bar Step: Loading Resources - FMLFileResourcePack:UniMixins: Mixin (UniMix) took 0.003s
[15:25:50] [Client thread/DEBUG] [FML/flansmod]: Bar Step: Loading Resources - FMLFileResourcePack:UniMixins: Compatibility took 0.003s
[15:25:50] [Client thread/DEBUG] [FML/flansmod]: Bar Step: Loading Resources - FMLFileResourcePack:UniMixins: Mixingasm took 0.002s
[15:25:50] [Client thread/DEBUG] [FML/flansmod]: Bar Step: Loading Resources - FMLFileResourcePack:UniMixins: SpongeMixins took 0.003s
[15:25:50] [Client thread/DEBUG] [FML/flansmod]: Bar Step: Loading Resources - FMLFileResourcePack:UniMixins: MixinBooterLegacy took 0.002s
[15:25:50] [Client thread/DEBUG] [FML/flansmod]: Bar Step: Loading Resources - FMLFileResourcePack:UniMixins: GasStation took 0.002s
[15:25:50] [Client thread/DEBUG] [FML/flansmod]: Bar Step: Loading Resources - FMLFileResourcePack:UniMixins: GTNHMixins took 0.002s
[15:25:50] [Client thread/DEBUG] [FML/flansmod]: Bar Step: Loading Resources - FMLFileResourcePack:UniMixins: MixinExtras took 0.002s
[15:25:50] [Client thread/DEBUG] [FML/flansmod]: Bar Step: Loading Resources - FMLFileResourcePack:WorldEdit took 0.001s
[15:25:50] [Client thread/DEBUG] [FML/flansmod]: Bar Step: Loading Resources - FMLFileResourcePack:Embeddium took 0.001s
[15:25:50] [Client thread/DEBUG] [FML/flansmod]: Bar Step: Loading Resources - FMLFileResourcePack:Angelica took 0.001s
[15:25:50] [Client thread/DEBUG] [FML/flansmod]: Bar Step: Loading Resources - FMLFileResourcePack:NotFine took 0.001s
[15:25:50] [Client thread/DEBUG] [FML/flansmod]: Bar Step: Loading Resources - FMLFileResourcePack:MCPatcherForge took 0.001s
[15:25:50] [Client thread/DEBUG] [FML/flansmod]: Bar Step: Loading Resources - FMLFileResourcePack:ArchitectureCraft took 0.000s
[15:25:50] [Client thread/DEBUG] [FML/flansmod]: Bar Step: Loading Resources - FMLFileResourcePack:CoreTweaks took 0.001s
[15:25:50] [Client thread/DEBUG] [FML/flansmod]: Bar Step: Loading Resources - FMLFileResourcePack:Custom Main Menu took 0.000s
[15:25:50] [Client thread/DEBUG] [FML/flansmod]: Bar Step: Loading Resources - FMLFileResourcePack:DamageMark took 0.000s
[15:25:50] [Client thread/DEBUG] [FML/flansmod]: Bar Step: Loading Resources - FMLFileResourcePack:Entity Render Extender took 0.000s
[15:25:50] [Client thread/DEBUG] [FML/flansmod]: Bar Step: Loading Resources - FMLFileResourcePack:Flan's Mod Ultimate (Stability Edition) took 0.000s
[15:25:50] [Client thread/DEBUG] [FML/flansmod]: Bar Step: Loading Resources - FMLFileResourcePack:GTNH Lib took 0.004s
[15:25:50] [Client thread/DEBUG] [FML/flansmod]: Bar Step: Loading Resources - FMLFileResourcePack:Hbm's Nuclear Tech took 0.006s
[15:25:50] [Client thread/DEBUG] [FML/flansmod]: Bar Step: Loading Resources - FMLFileResourcePack:Hide Names took 0.000s
[15:25:50] [Client thread/DEBUG] [FML/flansmod]: Bar Step: Loading Resources - FMLFileResourcePack:MCH-Reforged took 0.001s
[15:25:50] [Client thread/DEBUG] [FML/flansmod]: Bar Step: Loading Resources - FMLFileResourcePack:mchrmixin took 0.000s
[15:25:50] [Client thread/DEBUG] [FML/flansmod]: Bar Step: Loading Resources - FMLFileResourcePack:Quick Easy Menu took 0.000s
[15:25:50] [Client thread/DEBUG] [FML/flansmod]: Bar Step: Loading Resources - FMLFileResourcePack:SignPicture took 0.000s
[15:25:50] [Client thread/DEBUG] [FML/flansmod]: Bar Step: Loading Resources - FMLFileResourcePack:StepUp took 0.000s
[15:25:50] [Client thread/DEBUG] [FML/flansmod]: Bar Step: Loading Resources - FMLFileResourcePack:Unicode Font Extension took 0.000s
[15:25:50] [Client thread/DEBUG] [FML/flansmod]: Bar Step: Loading Resources - FMLFileResourcePack:VexView took 0.000s
[15:25:50] [Client thread/DEBUG] [FML/flansmod]: Bar Step: Loading Resources - FMLFileResourcePack:Xaero's Minimap took 0.000s
[15:25:50] [Client thread/DEBUG] [FML/flansmod]: Bar Step: Loading Resources - FMLFileResourcePack:Xaero's World Map took 0.000s
[15:25:50] [Client thread/DEBUG] [FML/flansmod]: Bar Step: Loading Resources - FMLFileResourcePack:Flan's Mod : Armor took 0.000s
[15:25:50] [Client thread/DEBUG] [FML/flansmod]: Bar Step: Loading Resources - FMLFileResourcePack:Flan's Mod : BFMC Gun Pack took 0.000s
[15:25:50] [Client thread/DEBUG] [FML/flansmod]: Bar Step: Loading Resources - FMLFileResourcePack:Flan's Mod : BFMC Gun Pack Exp took 0.000s
[15:25:50] [Client thread/DEBUG] [FML/flansmod]: Bar Step: Loading Resources - FMLFileResourcePack:Flan's Mod : BFMCpack took 0.000s
[15:25:50] [Client thread/DEBUG] [FML/flansmod]: Bar Step: Loading Resources - FMLFileResourcePack:Flan's Mod : simple parts-content pack-1.7.10-4.10.0.jar took 0.000s
[15:25:50] [Client thread/DEBUG] [FML/flansmod]: Bar Step: Loading Resources - BFMC Resourcepack took 0.001s
[15:25:50] [Client thread/DEBUG] [FML/flansmod]: Bar Finished: Reloading took 0.066s
[15:25:50] [Client thread/DEBUG] [FML/flansmod]: Bar Step: Loading Resources - Reloading listeners took 0.066s
[15:25:50] [Client thread/DEBUG] [FML/flansmod]: Bar Finished: Loading Resources took 0.110s
[15:25:50] [Client thread/DEBUG] [Forge Mod Loader/flansmod]: Mod Forge Mod Loader is missing a pack.mcmeta file, substituting a dummy one
[15:25:50] [Client thread/DEBUG] [Minecraft Forge/flansmod]: Mod Minecraft Forge is missing a pack.mcmeta file, substituting a dummy one
[15:25:50] [Client thread/DEBUG] [Added title and actionbar support for client and server/flansmod]: Mod Added title and actionbar support for client and server is missing a pack.mcmeta file, substituting a dummy one
[15:25:50] [Client thread/DEBUG] [UniMixins/flansmod]: Mod UniMixins is missing a pack.mcmeta file, substituting a dummy one
[15:25:50] [Client thread/DEBUG] [UniMixins: Mixin (UniMix)/flansmod]: Mod UniMixins: Mixin (UniMix) is missing a pack.mcmeta file, substituting a dummy one
[15:25:50] [Client thread/DEBUG] [UniMixins: Compatibility/flansmod]: Mod UniMixins: Compatibility is missing a pack.mcmeta file, substituting a dummy one
[15:25:50] [Client thread/DEBUG] [UniMixins: Mixingasm/flansmod]: Mod UniMixins: Mixingasm is missing a pack.mcmeta file, substituting a dummy one
[15:25:50] [Client thread/DEBUG] [UniMixins: SpongeMixins/flansmod]: Mod UniMixins: SpongeMixins is missing a pack.mcmeta file, substituting a dummy one
[15:25:50] [Client thread/DEBUG] [UniMixins: MixinBooterLegacy/flansmod]: Mod UniMixins: MixinBooterLegacy is missing a pack.mcmeta file, substituting a dummy one
[15:25:50] [Client thread/DEBUG] [UniMixins: GasStation/flansmod]: Mod UniMixins: GasStation is missing a pack.mcmeta file, substituting a dummy one
[15:25:50] [Client thread/DEBUG] [UniMixins: GTNHMixins/flansmod]: Mod UniMixins: GTNHMixins is missing a pack.mcmeta file, substituting a dummy one
[15:25:50] [Client thread/DEBUG] [UniMixins: MixinExtras/flansmod]: Mod UniMixins: MixinExtras is missing a pack.mcmeta file, substituting a dummy one
[15:25:50] [Client thread/DEBUG] [WorldEdit/flansmod]: Mod WorldEdit is missing a pack.mcmeta file, substituting a dummy one
[15:25:50] [Client thread/DEBUG] [ArchitectureCraft/flansmod]: Mod ArchitectureCraft is missing a pack.mcmeta file, substituting a dummy one
[15:25:50] [Client thread/DEBUG] [CoreTweaks/flansmod]: Mod CoreTweaks is missing a pack.mcmeta file, substituting a dummy one
[15:25:50] [Client thread/DEBUG] [Custom Main Menu/flansmod]: Mod Custom Main Menu is missing a pack.mcmeta file, substituting a dummy one
[15:25:50] [Client thread/DEBUG] [DamageMark/flansmod]: Mod DamageMark is missing a pack.mcmeta file, substituting a dummy one
[15:25:50] [Client thread/DEBUG] [Entity Render Extender/flansmod]: Mod Entity Render Extender is missing a pack.mcmeta file, substituting a dummy one
[15:25:50] [Client thread/DEBUG] [GTNH Lib/flansmod]: Mod GTNH Lib is missing a pack.mcmeta file, substituting a dummy one
[15:25:50] [Client thread/DEBUG] [Hbm's Nuclear Tech/flansmod]: Mod Hbm's Nuclear Tech is missing a pack.mcmeta file, substituting a dummy one
[15:25:50] [Client thread/DEBUG] [Hide Names/flansmod]: Mod Hide Names is missing a pack.mcmeta file, substituting a dummy one
[15:25:50] [Client thread/DEBUG] [MCH-Reforged/flansmod]: Mod MCH-Reforged is missing a pack.mcmeta file, substituting a dummy one
[15:25:50] [Client thread/DEBUG] [mchrmixin/flansmod]: Mod mchrmixin is missing a pack.mcmeta file, substituting a dummy one
[15:25:50] [Client thread/DEBUG] [Quick Easy Menu/flansmod]: Mod Quick Easy Menu is missing a pack.mcmeta file, substituting a dummy one
[15:25:50] [Client thread/DEBUG] [StepUp/flansmod]: Mod StepUp is missing a pack.mcmeta file, substituting a dummy one
[15:25:50] [Client thread/DEBUG] [Unicode Font Extension/flansmod]: Mod Unicode Font Extension is missing a pack.mcmeta file, substituting a dummy one
[15:25:50] [Client thread/DEBUG] [Xaero's Minimap/flansmod]: Mod Xaero's Minimap is missing a pack.mcmeta file, substituting a dummy one
[15:25:50] [Client thread/DEBUG] [Xaero's World Map/flansmod]: Mod Xaero's World Map is missing a pack.mcmeta file, substituting a dummy one
[15:25:50] [Client thread/DEBUG] [Flan's Mod : BFMCpack/flansmod]: Mod Flan's Mod : BFMCpack is missing a pack.mcmeta file, substituting a dummy one
[15:25:50] [Client thread/INFO] [FMUR/flansmod]: Pre-initializing complete.
[15:25:50] [Client thread/TRACE] [flansmod/flansmod]: Sent event FMLPreInitializationEvent to mod flansmod
[15:25:50] [Client thread/DEBUG] [FML/]: Bar Step: PreInitialization - Flan's Mod Ultimate (Stability Edition) took 3.091s
[15:25:50] [Client thread/TRACE] [hbm/hbm]: Sending event FMLPreInitializationEvent to mod hbm
[15:25:50] [Client thread/INFO] [HBM/hbm]: Let us celebrate the fact that the logger finally works again!
[15:25:50] [Client thread/DEBUG] [mixin/hbm]: Mixing shaders.startup.MixinTextureAtlasSprite from mixins.angelica.early.json into net.minecraft.client.renderer.texture.TextureAtlasSprite
[15:25:50] [Client thread/TRACE] [mixin/hbm]: Added class metadata for net/coderbot/iris/texture/pbr/TextureAtlasSpriteExtension to metadata cache
[15:25:50] [Client thread/TRACE] [mixin/hbm]: Added class metadata for net/coderbot/iris/texture/pbr/PBRSpriteHolder to metadata cache
[15:25:50] [Client thread/DEBUG] [mixin/hbm]: Mixing angelica.textures.MixinTextureAtlasSprite from mixins.angelica.early.json into net.minecraft.client.renderer.texture.TextureAtlasSprite
[15:25:50] [Client thread/TRACE] [mixin/hbm]: Added class metadata for com/gtnewhorizons/angelica/mixins/interfaces/ISpriteExt to metadata cache
[15:25:50] [Client thread/TRACE] [mixin/hbm]: Added class metadata for net/minecraft/client/resources/data/AnimationMetadataSection to metadata cache
[15:25:50] [Client thread/DEBUG] [mixin/hbm]: Mixing angelica.animation.MixinTextureAtlasSprite from mixins.angelica.early.json into net.minecraft.client.renderer.texture.TextureAtlasSprite
[15:25:51] [Client thread/DEBUG] [mixin/hbm]: Mixing sodium.MixinBlockFluidBase from mixins.angelica.early.json into net.minecraftforge.fluids.BlockFluidBase
[15:25:51] [Client thread/TRACE] [mixin/hbm]: Added class metadata for net/minecraftforge/fluids/IFluidBlock to metadata cache
[15:25:51] [Client thread/DEBUG] [mixin/hbm]: Mixing sodium.MixinEffectRenderer from mixins.angelica.early.json into net.minecraft.client.particle.EffectRenderer
[15:25:51] [Client thread/TRACE] [mixin/hbm]: Added class metadata for net/minecraft/client/particle/EntityFX to metadata cache
[15:25:51] [Client thread/DEBUG] [mixin/hbm]: Mixing notfine.particles.MixinEffectRenderer from mixins.angelica.early.json into net.minecraft.client.particle.EffectRenderer
[15:25:51] [Client thread/DEBUG] [mixin/hbm]: mixins.angelica.early.json:sodium.MixinEffectRenderer from mod angelica->@Inject::setupFrustum$standart(Lnet/minecraft/entity/Entity;FLorg/spongepowered/asm/mixin/injection/callback/CallbackInfo;)V doesn't use it's CallbackInfo
[15:25:51] [Client thread/DEBUG] [mixin/hbm]: mixins.angelica.early.json:sodium.MixinEffectRenderer from mod angelica->@Inject::setupFrustum$standart(Lnet/minecraft/entity/Entity;FLorg/spongepowered/asm/mixin/injection/callback/CallbackInfo;)V has 0 override(s) in child classes
[15:25:51] [Client thread/DEBUG] [mixin/hbm]: mixins.angelica.early.json:sodium.MixinEffectRenderer from mod angelica->@Inject::setupFrustum$standart(Lnet/minecraft/entity/Entity;FLorg/spongepowered/asm/mixin/injection/callback/CallbackInfo;)V won't be passed a CallbackInfo as a result
[15:25:51] [Client thread/DEBUG] [mixin/hbm]: mixins.angelica.early.json:sodium.MixinEffectRenderer from mod angelica->@Inject::setupFrustum$lit(Lnet/minecraft/entity/Entity;FLorg/spongepowered/asm/mixin/injection/callback/CallbackInfo;)V doesn't use it's CallbackInfo
[15:25:51] [Client thread/DEBUG] [mixin/hbm]: mixins.angelica.early.json:sodium.MixinEffectRenderer from mod angelica->@Inject::setupFrustum$lit(Lnet/minecraft/entity/Entity;FLorg/spongepowered/asm/mixin/injection/callback/CallbackInfo;)V has 0 override(s) in child classes
[15:25:51] [Client thread/DEBUG] [mixin/hbm]: mixins.angelica.early.json:sodium.MixinEffectRenderer from mod angelica->@Inject::setupFrustum$lit(Lnet/minecraft/entity/Entity;FLorg/spongepowered/asm/mixin/injection/callback/CallbackInfo;)V won't be passed a CallbackInfo as a result
[15:25:51] [Client thread/DEBUG] [mixin/hbm]: Mixing angelica.vbo.MixinWavefrontObject from mixins.angelica.early.json into net.minecraftforge.client.model.obj.WavefrontObject
[15:25:51] [Client thread/TRACE] [mixin/hbm]: Added class metadata for com/gtnewhorizon/gtnhlib/client/renderer/vbo/IModelCustomExt to metadata cache
[15:25:51] [Client thread/DEBUG] [mixin/hbm]: Mixing MixinWavefrontObject from mixins.gtnhlib.early.json into net.minecraftforge.client.model.obj.WavefrontObject
[15:25:51] [Client thread/TRACE] [mixin/hbm]: Added class metadata for com/gtnewhorizon/gtnhlib/client/renderer/vbo/VertexBuffer to metadata cache
[15:25:51] [Client thread/TRACE] [mixin/hbm]: Added class metadata for net/minecraftforge/client/model/obj/GroupObject to metadata cache
[15:25:51] [Client thread/TRACE] [mixin/hbm]: Added class metadata for com/gtnewhorizon/gtnhlib/client/renderer/CapturingTessellator to metadata cache
[15:25:51] [Client thread/TRACE] [mixin/hbm]: Added class metadata for net/minecraftforge/client/model/IModelCustom to metadata cache
[15:25:51] [Client thread/DEBUG] [mixin/hbm]: Mixing MixinTessellator from mixins.gtnhlib.early.json into net.minecraft.client.renderer.Tessellator
[15:25:51] [Client thread/TRACE] [mixin/hbm]: Added class metadata for com/gtnewhorizon/gtnhlib/client/renderer/ITessellatorInstance to metadata cache
[15:25:51] [Client thread/TRACE] [mixin/hbm]: Added class metadata for java/nio/ByteBuffer to metadata cache
[15:25:51] [Client thread/TRACE] [mixin/hbm]: Added class metadata for java/nio/Buffer to metadata cache
[15:25:51] [Client thread/TRACE] [mixin/hbm]: Added class metadata for com/gtnewhorizon/gtnhlib/ClientProxy to metadata cache
[15:25:51] [Client thread/DEBUG] [mixin/hbm]: Mixing bugfix.intelcolor.MixinTessellator from coretweaks.mixin.json into net.minecraft.client.renderer.Tessellator
[15:25:51] [Client thread/DEBUG] [mixin/hbm]: mixins.gtnhlib.early.json:MixinTessellator from mod gtnhlib->@Inject::preventOffMainThreadDrawing(Lorg/spongepowered/asm/mixin/injection/callback/CallbackInfoReturnable;)V doesn't use it's CallbackInfoReturnable
[15:25:51] [Client thread/DEBUG] [mixin/hbm]: mixins.gtnhlib.early.json:MixinTessellator from mod gtnhlib->@Inject::preventOffMainThreadDrawing(Lorg/spongepowered/asm/mixin/injection/callback/CallbackInfoReturnable;)V has 0 override(s) in child classes
[15:25:51] [Client thread/DEBUG] [mixin/hbm]: mixins.gtnhlib.early.json:MixinTessellator from mod gtnhlib->@Inject::preventOffMainThreadDrawing(Lorg/spongepowered/asm/mixin/injection/callback/CallbackInfoReturnable;)V won't be passed a CallbackInfoReturnable as a result
[15:25:51] [Client thread/DEBUG] [mixin/hbm]: coretweaks.mixin.json:bugfix.intelcolor.MixinTessellator from mod coretweaks->@Inject::setClientActiveTextureToDefault(Lorg/spongepowered/asm/mixin/injection/callback/CallbackInfoReturnable;)V doesn't use it's CallbackInfoReturnable
[15:25:51] [Client thread/DEBUG] [mixin/hbm]: coretweaks.mixin.json:bugfix.intelcolor.MixinTessellator from mod coretweaks->@Inject::setClientActiveTextureToDefault(Lorg/spongepowered/asm/mixin/injection/callback/CallbackInfoReturnable;)V has 0 override(s) in child classes
[15:25:51] [Client thread/DEBUG] [mixin/hbm]: coretweaks.mixin.json:bugfix.intelcolor.MixinTessellator from mod coretweaks->@Inject::setClientActiveTextureToDefault(Lorg/spongepowered/asm/mixin/injection/callback/CallbackInfoReturnable;)V won't be passed a CallbackInfoReturnable as a result
[15:25:53] [Client thread/INFO] [STDOUT/hbm]: [com.gtnewhorizon.gtnhlib.client.renderer.TessellatorManager:<clinit>:96]: [TessellatorManager] Initialized on thread Client thread
[15:25:54] [Client thread/DEBUG] [mixin/hbm]: Mixing notfine.optimization.MixinRenderItemFrame from mixins.angelica.early.json into net.minecraft.client.renderer.tileentity.RenderItemFrame
[15:25:54] [Client thread/DEBUG] [mixin/hbm]: Mixing angelica.bugfixes.MixinRenderGlobal_DestroyBlock from mixins.angelica.early.json into net.minecraft.client.renderer.RenderGlobal
[15:25:54] [Client thread/TRACE] [mixin/hbm]: Added class metadata for com/gtnewhorizons/angelica/glsm/texture/TextureInfoCache to metadata cache
[15:25:54] [Client thread/TRACE] [mixin/hbm]: Added class metadata for com/gtnewhorizons/angelica/glsm/texture/TextureInfo to metadata cache
[15:25:54] [Client thread/DEBUG] [mixin/hbm]: Mixing angelica.vbo.MixinRenderGlobal from mixins.angelica.early.json into net.minecraft.client.renderer.RenderGlobal
[15:25:54] [Client thread/TRACE] [mixin/hbm]: Added class metadata for net/minecraftforge/client/IRenderHandler to metadata cache
[15:25:54] [Client thread/TRACE] [mixin/hbm]: Added class metadata for com/gtnewhorizons/angelica/render/CloudRenderer to metadata cache
[15:25:54] [Client thread/DEBUG] [mixin/hbm]: Mixing angelica.optimizations.MixinRenderGlobal_ItemRenderDist from mixins.angelica.early.json into net.minecraft.client.renderer.RenderGlobal
[15:25:54] [Client thread/DEBUG] [mixin/hbm]: Mixing shaders.MixinRenderGlobal from mixins.angelica.early.json into net.minecraft.client.renderer.RenderGlobal
[15:25:54] [Client thread/DEBUG] [mixin/hbm]: Mixing notfine.renderer.MixinRenderGlobal from mixins.angelica.early.json into net.minecraft.client.renderer.RenderGlobal
[15:25:54] [Client thread/TRACE] [mixin/hbm]: Added class metadata for jss/notfine/render/RenderStars to metadata cache
[15:25:54] [Client thread/DEBUG] [mixin/hbm]: Mixing bugfix.displaylistdelete.MixinRenderGlobal from coretweaks.mixin.json into net.minecraft.client.renderer.RenderGlobal
[15:25:54] [Client thread/DEBUG] [mixin/hbm]: Mixing sodium.MixinRenderGlobal from mixins.angelica.early.json into net.minecraft.client.renderer.RenderGlobal
[15:25:54] [Client thread/TRACE] [mixin/hbm]: Added class metadata for me/jellysquid/mods/sodium/client/gl/device/RenderDevice to metadata cache
[15:25:54] [Client thread/TRACE] [mixin/hbm]: Added class metadata for com/gtnewhorizons/angelica/rendering/AngelicaRenderQueue to metadata cache
[15:25:54] [Client thread/TRACE] [mixin/hbm]: Added class metadata for net/coderbot/iris/pipeline/ShadowRenderer to metadata cache
[15:25:54] [Client thread/TRACE] [mixin/hbm]: Added class metadata for org/joml/Math to metadata cache
[15:25:54] [Client thread/TRACE] [mixin/hbm]: Added class metadata for com/gtnewhorizons/angelica/compat/toremove/MatrixStack to metadata cache
[15:25:54] [Client thread/TRACE] [mixin/hbm]: Added class metadata for me/jellysquid/mods/sodium/client/render/chunk/passes/BlockRenderPass to metadata cache
[15:25:54] [Client thread/TRACE] [mixin/hbm]: Added class metadata for net/minecraft/client/multiplayer/PlayerControllerMP to metadata cache
[15:25:54] [Client thread/TRACE] [mixin/hbm]: Added class metadata for net/minecraft/world/IWorldAccess to metadata cache
[15:25:54] [Client thread/TRACE] [mixin/hbm]: Added class metadata for net/minecraft/util/MovingObjectPosition to metadata cache
[15:25:54] [Client thread/TRACE] [mixin/hbm]: Added class metadata for net/minecraft/client/renderer/culling/ICamera to metadata cache
[15:25:54] [Client thread/DEBUG] [mixin/hbm]: mixins.angelica.early.json:angelica.bugfixes.MixinRenderGlobal_DestroyBlock from mod angelica->@Inject::iris$beginDrawBlockDamageTexture(Lnet/minecraft/client/renderer/Tessellator;Lnet/minecraft/entity/EntityLivingBase;FLorg/spongepowered/asm/mixin/injection/callback/CallbackInfo;)V doesn't use it's CallbackInfo
[15:25:54] [Client thread/DEBUG] [mixin/hbm]: mixins.angelica.early.json:angelica.bugfixes.MixinRenderGlobal_DestroyBlock from mod angelica->@Inject::iris$beginDrawBlockDamageTexture(Lnet/minecraft/client/renderer/Tessellator;Lnet/minecraft/entity/EntityLivingBase;FLorg/spongepowered/asm/mixin/injection/callback/CallbackInfo;)V has 0 override(s) in child classes
[15:25:54] [Client thread/DEBUG] [mixin/hbm]: mixins.angelica.early.json:angelica.bugfixes.MixinRenderGlobal_DestroyBlock from mod angelica->@Inject::iris$beginDrawBlockDamageTexture(Lnet/minecraft/client/renderer/Tessellator;Lnet/minecraft/entity/EntityLivingBase;FLorg/spongepowered/asm/mixin/injection/callback/CallbackInfo;)V won't be passed a CallbackInfo as a result
[15:25:54] [Client thread/DEBUG] [mixin/hbm]: mixins.angelica.early.json:angelica.bugfixes.MixinRenderGlobal_DestroyBlock from mod angelica->@Inject::iris$endDrawBlockDamageTexture(Lnet/minecraft/client/renderer/Tessellator;Lnet/minecraft/entity/EntityLivingBase;FLorg/spongepowered/asm/mixin/injection/callback/CallbackInfo;)V doesn't use it's CallbackInfo
[15:25:54] [Client thread/DEBUG] [mixin/hbm]: mixins.angelica.early.json:angelica.bugfixes.MixinRenderGlobal_DestroyBlock from mod angelica->@Inject::iris$endDrawBlockDamageTexture(Lnet/minecraft/client/renderer/Tessellator;Lnet/minecraft/entity/EntityLivingBase;FLorg/spongepowered/asm/mixin/injection/callback/CallbackInfo;)V has 0 override(s) in child classes
[15:25:54] [Client thread/DEBUG] [mixin/hbm]: mixins.angelica.early.json:angelica.bugfixes.MixinRenderGlobal_DestroyBlock from mod angelica->@Inject::iris$endDrawBlockDamageTexture(Lnet/minecraft/client/renderer/Tessellator;Lnet/minecraft/entity/EntityLivingBase;FLorg/spongepowered/asm/mixin/injection/callback/CallbackInfo;)V won't be passed a CallbackInfo as a result
[15:25:54] [Client thread/DEBUG] [mixin/hbm]: mixins.angelica.early.json:angelica.optimizations.MixinRenderGlobal_ItemRenderDist from mod angelica->@Inject::sodium$resetEntitycount(Lorg/spongepowered/asm/mixin/injection/callback/CallbackInfo;)V doesn't use it's CallbackInfo
[15:25:54] [Client thread/DEBUG] [mixin/hbm]: mixins.angelica.early.json:angelica.optimizations.MixinRenderGlobal_ItemRenderDist from mod angelica->@Inject::sodium$resetEntitycount(Lorg/spongepowered/asm/mixin/injection/callback/CallbackInfo;)V has 0 override(s) in child classes
[15:25:54] [Client thread/DEBUG] [mixin/hbm]: mixins.angelica.early.json:angelica.optimizations.MixinRenderGlobal_ItemRenderDist from mod angelica->@Inject::sodium$resetEntitycount(Lorg/spongepowered/asm/mixin/injection/callback/CallbackInfo;)V won't be passed a CallbackInfo as a result
[15:25:54] [Client thread/DEBUG] [mixin/hbm]: mixins.angelica.early.json:shaders.MixinRenderGlobal from mod angelica->@Inject::iris$renderSky$beginNormalSky(FLorg/spongepowered/asm/mixin/injection/callback/CallbackInfo;)V doesn't use it's CallbackInfo
[15:25:54] [Client thread/DEBUG] [mixin/hbm]: mixins.angelica.early.json:shaders.MixinRenderGlobal from mod angelica->@Inject::iris$renderSky$beginNormalSky(FLorg/spongepowered/asm/mixin/injection/callback/CallbackInfo;)V has 0 override(s) in child classes
[15:25:54] [Client thread/DEBUG] [mixin/hbm]: mixins.angelica.early.json:shaders.MixinRenderGlobal from mod angelica->@Inject::iris$renderSky$beginNormalSky(FLorg/spongepowered/asm/mixin/injection/callback/CallbackInfo;)V won't be passed a CallbackInfo as a result
[15:25:54] [Client thread/DEBUG] [mixin/hbm]: mixins.angelica.early.json:shaders.MixinRenderGlobal from mod angelica->@Inject::iris$renderSky$beginNormalSky(FLorg/spongepowered/asm/mixin/injection/callback/CallbackInfo;)V doesn't use it's CallbackInfo
[15:25:54] [Client thread/DEBUG] [mixin/hbm]: mixins.angelica.early.json:shaders.MixinRenderGlobal from mod angelica->@Inject::iris$renderSky$beginNormalSky(FLorg/spongepowered/asm/mixin/injection/callback/CallbackInfo;)V has 0 override(s) in child classes
[15:25:54] [Client thread/DEBUG] [mixin/hbm]: mixins.angelica.early.json:shaders.MixinRenderGlobal from mod angelica->@Inject::iris$renderSky$beginNormalSky(FLorg/spongepowered/asm/mixin/injection/callback/CallbackInfo;)V won't be passed a CallbackInfo as a result
[15:25:54] [Client thread/DEBUG] [mixin/hbm]: mixins.angelica.early.json:shaders.MixinRenderGlobal from mod angelica->@Inject::iris$setSunRenderStage(FLorg/spongepowered/asm/mixin/injection/callback/CallbackInfo;)V doesn't use it's CallbackInfo
[15:25:54] [Client thread/DEBUG] [mixin/hbm]: mixins.angelica.early.json:shaders.MixinRenderGlobal from mod angelica->@Inject::iris$setSunRenderStage(FLorg/spongepowered/asm/mixin/injection/callback/CallbackInfo;)V has 0 override(s) in child classes
[15:25:54] [Client thread/DEBUG] [mixin/hbm]: mixins.angelica.early.json:shaders.MixinRenderGlobal from mod angelica->@Inject::iris$setSunRenderStage(FLorg/spongepowered/asm/mixin/injection/callback/CallbackInfo;)V won't be passed a CallbackInfo as a result
[15:25:54] [Client thread/DEBUG] [mixin/hbm]: mixins.angelica.early.json:shaders.MixinRenderGlobal from mod angelica->@Inject::iris$setMoonRenderStage(FLorg/spongepowered/asm/mixin/injection/callback/CallbackInfo;)V doesn't use it's CallbackInfo
[15:25:54] [Client thread/DEBUG] [mixin/hbm]: mixins.angelica.early.json:shaders.MixinRenderGlobal from mod angelica->@Inject::iris$setMoonRenderStage(FLorg/spongepowered/asm/mixin/injection/callback/CallbackInfo;)V has 0 override(s) in child classes
[15:25:54] [Client thread/DEBUG] [mixin/hbm]: mixins.angelica.early.json:shaders.MixinRenderGlobal from mod angelica->@Inject::iris$setMoonRenderStage(FLorg/spongepowered/asm/mixin/injection/callback/CallbackInfo;)V won't be passed a CallbackInfo as a result
[15:25:54] [Client thread/DEBUG] [mixin/hbm]: mixins.angelica.early.json:shaders.MixinRenderGlobal from mod angelica->@Inject::iris$setSunsetRenderStage(FLorg/spongepowered/asm/mixin/injection/callback/CallbackInfo;)V doesn't use it's CallbackInfo
[15:25:54] [Client thread/DEBUG] [mixin/hbm]: mixins.angelica.early.json:shaders.MixinRenderGlobal from mod angelica->@Inject::iris$setSunsetRenderStage(FLorg/spongepowered/asm/mixin/injection/callback/CallbackInfo;)V has 0 override(s) in child classes
[15:25:54] [Client thread/DEBUG] [mixin/hbm]: mixins.angelica.early.json:shaders.MixinRenderGlobal from mod angelica->@Inject::iris$setSunsetRenderStage(FLorg/spongepowered/asm/mixin/injection/callback/CallbackInfo;)V won't be passed a CallbackInfo as a result
[15:25:54] [Client thread/DEBUG] [mixin/hbm]: mixins.angelica.early.json:shaders.MixinRenderGlobal from mod angelica->@Inject::iris$setStarRenderStage(FLorg/spongepowered/asm/mixin/injection/callback/CallbackInfo;)V doesn't use it's CallbackInfo
[15:25:54] [Client thread/DEBUG] [mixin/hbm]: mixins.angelica.early.json:shaders.MixinRenderGlobal from mod angelica->@Inject::iris$setStarRenderStage(FLorg/spongepowered/asm/mixin/injection/callback/CallbackInfo;)V has 0 override(s) in child classes
[15:25:54] [Client thread/DEBUG] [mixin/hbm]: mixins.angelica.early.json:shaders.MixinRenderGlobal from mod angelica->@Inject::iris$setStarRenderStage(FLorg/spongepowered/asm/mixin/injection/callback/CallbackInfo;)V won't be passed a CallbackInfo as a result
[15:25:54] [Client thread/DEBUG] [mixin/hbm]: mixins.angelica.early.json:shaders.MixinRenderGlobal from mod angelica->@Inject::iris$setVoidRenderStage(FLorg/spongepowered/asm/mixin/injection/callback/CallbackInfo;)V doesn't use it's CallbackInfo
[15:25:54] [Client thread/DEBUG] [mixin/hbm]: mixins.angelica.early.json:shaders.MixinRenderGlobal from mod angelica->@Inject::iris$setVoidRenderStage(FLorg/spongepowered/asm/mixin/injection/callback/CallbackInfo;)V has 0 override(s) in child classes
[15:25:54] [Client thread/DEBUG] [mixin/hbm]: mixins.angelica.early.json:shaders.MixinRenderGlobal from mod angelica->@Inject::iris$setVoidRenderStage(FLorg/spongepowered/asm/mixin/injection/callback/CallbackInfo;)V won't be passed a CallbackInfo as a result
[15:25:54] [Client thread/DEBUG] [mixin/hbm]: mixins.angelica.early.json:shaders.MixinRenderGlobal from mod angelica->@Inject::iris$renderSky$tiltSun(FLorg/spongepowered/asm/mixin/injection/callback/CallbackInfo;)V doesn't use it's CallbackInfo
[15:25:54] [Client thread/DEBUG] [mixin/hbm]: mixins.angelica.early.json:shaders.MixinRenderGlobal from mod angelica->@Inject::iris$renderSky$tiltSun(FLorg/spongepowered/asm/mixin/injection/callback/CallbackInfo;)V has 0 override(s) in child classes
[15:25:54] [Client thread/DEBUG] [mixin/hbm]: mixins.angelica.early.json:shaders.MixinRenderGlobal from mod angelica->@Inject::iris$renderSky$tiltSun(FLorg/spongepowered/asm/mixin/injection/callback/CallbackInfo;)V won't be passed a CallbackInfo as a result
[15:25:54] [Client thread/DEBUG] [mixin/hbm]: mixins.angelica.early.json:shaders.MixinRenderGlobal from mod angelica->@Inject::iris$startOutline(Lnet/minecraft/entity/player/EntityPlayer;Lnet/minecraft/util/MovingObjectPosition;IFLorg/spongepowered/asm/mixin/injection/callback/CallbackInfo;)V doesn't use it's CallbackInfo
[15:25:54] [Client thread/DEBUG] [mixin/hbm]: mixins.angelica.early.json:shaders.MixinRenderGlobal from mod angelica->@Inject::iris$startOutline(Lnet/minecraft/entity/player/EntityPlayer;Lnet/minecraft/util/MovingObjectPosition;IFLorg/spongepowered/asm/mixin/injection/callback/CallbackInfo;)V has 0 override(s) in child classes
[15:25:54] [Client thread/DEBUG] [mixin/hbm]: mixins.angelica.early.json:shaders.MixinRenderGlobal from mod angelica->@Inject::iris$startOutline(Lnet/minecraft/entity/player/EntityPlayer;Lnet/minecraft/util/MovingObjectPosition;IFLorg/spongepowered/asm/mixin/injection/callback/CallbackInfo;)V won't be passed a CallbackInfo as a result
[15:25:54] [Client thread/DEBUG] [mixin/hbm]: mixins.angelica.early.json:shaders.MixinRenderGlobal from mod angelica->@Inject::iris$endOutline(Lnet/minecraft/entity/player/EntityPlayer;Lnet/minecraft/util/MovingObjectPosition;IFLorg/spongepowered/asm/mixin/injection/callback/CallbackInfo;)V doesn't use it's CallbackInfo
[15:25:54] [Client thread/DEBUG] [mixin/hbm]: mixins.angelica.early.json:shaders.MixinRenderGlobal from mod angelica->@Inject::iris$endOutline(Lnet/minecraft/entity/player/EntityPlayer;Lnet/minecraft/util/MovingObjectPosition;IFLorg/spongepowered/asm/mixin/injection/callback/CallbackInfo;)V has 0 override(s) in child classes
[15:25:54] [Client thread/DEBUG] [mixin/hbm]: mixins.angelica.early.json:shaders.MixinRenderGlobal from mod angelica->@Inject::iris$endOutline(Lnet/minecraft/entity/player/EntityPlayer;Lnet/minecraft/util/MovingObjectPosition;IFLorg/spongepowered/asm/mixin/injection/callback/CallbackInfo;)V won't be passed a CallbackInfo as a result
[15:25:54] [Client thread/DEBUG] [mixin/hbm]: mixins.angelica.early.json:notfine.renderer.MixinRenderGlobal from mod angelica->@Inject::conditionalTessellatorDrawEndSkybox(Lorg/spongepowered/asm/mixin/injection/callback/CallbackInfo;)V doesn't use it's CallbackInfo
[15:25:54] [Client thread/DEBUG] [mixin/hbm]: mixins.angelica.early.json:notfine.renderer.MixinRenderGlobal from mod angelica->@Inject::conditionalTessellatorDrawEndSkybox(Lorg/spongepowered/asm/mixin/injection/callback/CallbackInfo;)V has 0 override(s) in child classes
[15:25:54] [Client thread/DEBUG] [mixin/hbm]: mixins.angelica.early.json:notfine.renderer.MixinRenderGlobal from mod angelica->@Inject::conditionalTessellatorDrawEndSkybox(Lorg/spongepowered/asm/mixin/injection/callback/CallbackInfo;)V won't be passed a CallbackInfo as a result
[15:25:54] [Client thread/DEBUG] [mixin/hbm]: mixins.angelica.early.json:notfine.renderer.MixinRenderGlobal from mod angelica->@Inject::conditionalTessellatorDrawSunsetSunrise(Lorg/spongepowered/asm/mixin/injection/callback/CallbackInfo;)V doesn't use it's CallbackInfo
[15:25:54] [Client thread/DEBUG] [mixin/hbm]: mixins.angelica.early.json:notfine.renderer.MixinRenderGlobal from mod angelica->@Inject::conditionalTessellatorDrawSunsetSunrise(Lorg/spongepowered/asm/mixin/injection/callback/CallbackInfo;)V has 0 override(s) in child classes
[15:25:54] [Client thread/DEBUG] [mixin/hbm]: mixins.angelica.early.json:notfine.renderer.MixinRenderGlobal from mod angelica->@Inject::conditionalTessellatorDrawSunsetSunrise(Lorg/spongepowered/asm/mixin/injection/callback/CallbackInfo;)V won't be passed a CallbackInfo as a result
[15:25:54] [Client thread/DEBUG] [mixin/hbm]: mixins.angelica.early.json:notfine.renderer.MixinRenderGlobal from mod angelica->@Inject::conditionalTessellatorDrawSun(Lorg/spongepowered/asm/mixin/injection/callback/CallbackInfo;)V doesn't use it's CallbackInfo
[15:25:54] [Client thread/DEBUG] [mixin/hbm]: mixins.angelica.early.json:notfine.renderer.MixinRenderGlobal from mod angelica->@Inject::conditionalTessellatorDrawSun(Lorg/spongepowered/asm/mixin/injection/callback/CallbackInfo;)V has 0 override(s) in child classes
[15:25:54] [Client thread/DEBUG] [mixin/hbm]: mixins.angelica.early.json:notfine.renderer.MixinRenderGlobal from mod angelica->@Inject::conditionalTessellatorDrawSun(Lorg/spongepowered/asm/mixin/injection/callback/CallbackInfo;)V won't be passed a CallbackInfo as a result
[15:25:54] [Client thread/DEBUG] [mixin/hbm]: mixins.angelica.early.json:notfine.renderer.MixinRenderGlobal from mod angelica->@Inject::conditionalTessellatorDrawMoon(Lorg/spongepowered/asm/mixin/injection/callback/CallbackInfo;)V doesn't use it's CallbackInfo
[15:25:54] [Client thread/DEBUG] [mixin/hbm]: mixins.angelica.early.json:notfine.renderer.MixinRenderGlobal from mod angelica->@Inject::conditionalTessellatorDrawMoon(Lorg/spongepowered/asm/mixin/injection/callback/CallbackInfo;)V has 0 override(s) in child classes
[15:25:54] [Client thread/DEBUG] [mixin/hbm]: mixins.angelica.early.json:notfine.renderer.MixinRenderGlobal from mod angelica->@Inject::conditionalTessellatorDrawMoon(Lorg/spongepowered/asm/mixin/injection/callback/CallbackInfo;)V won't be passed a CallbackInfo as a result
[15:25:54] [Client thread/DEBUG] [mixin/hbm]: mixins.angelica.early.json:notfine.renderer.MixinRenderGlobal from mod angelica->@Inject::conditionalTessellatorDrawHorizon(Lorg/spongepowered/asm/mixin/injection/callback/CallbackInfo;)V doesn't use it's CallbackInfo
[15:25:54] [Client thread/DEBUG] [mixin/hbm]: mixins.angelica.early.json:notfine.renderer.MixinRenderGlobal from mod angelica->@Inject::conditionalTessellatorDrawHorizon(Lorg/spongepowered/asm/mixin/injection/callback/CallbackInfo;)V has 0 override(s) in child classes
[15:25:54] [Client thread/DEBUG] [mixin/hbm]: mixins.angelica.early.json:notfine.renderer.MixinRenderGlobal from mod angelica->@Inject::conditionalTessellatorDrawHorizon(Lorg/spongepowered/asm/mixin/injection/callback/CallbackInfo;)V won't be passed a CallbackInfo as a result
[15:25:54] [Client thread/DEBUG] [mixin/hbm]: coretweaks.mixin.json:bugfix.displaylistdelete.MixinRenderGlobal from mod coretweaks->@Inject::preDeleteAllDisplayLists(Lorg/spongepowered/asm/mixin/injection/callback/CallbackInfo;)V does use it's CallbackInfo
[15:25:54] [Client thread/DEBUG] [mixin/hbm]: mixins.angelica.early.json:sodium.MixinRenderGlobal from mod angelica->@Inject::sodium$initRenderer(Lnet/minecraft/client/Minecraft;Lorg/spongepowered/asm/mixin/injection/callback/CallbackInfo;)V doesn't use it's CallbackInfo
[15:25:54] [Client thread/DEBUG] [mixin/hbm]: mixins.angelica.early.json:sodium.MixinRenderGlobal from mod angelica->@Inject::sodium$initRenderer(Lnet/minecraft/client/Minecraft;Lorg/spongepowered/asm/mixin/injection/callback/CallbackInfo;)V has 0 override(s) in child classes
[15:25:54] [Client thread/DEBUG] [mixin/hbm]: mixins.angelica.early.json:sodium.MixinRenderGlobal from mod angelica->@Inject::sodium$initRenderer(Lnet/minecraft/client/Minecraft;Lorg/spongepowered/asm/mixin/injection/callback/CallbackInfo;)V won't be passed a CallbackInfo as a result
[15:25:54] [Client thread/DEBUG] [mixin/hbm]: mixins.angelica.early.json:sodium.MixinRenderGlobal from mod angelica->@Inject::sodium$setWorldAndLoadRenderers(Lnet/minecraft/client/multiplayer/WorldClient;Lorg/spongepowered/asm/mixin/injection/callback/CallbackInfo;)V doesn't use it's CallbackInfo
[15:25:54] [Client thread/DEBUG] [mixin/hbm]: mixins.angelica.early.json:sodium.MixinRenderGlobal from mod angelica->@Inject::sodium$setWorldAndLoadRenderers(Lnet/minecraft/client/multiplayer/WorldClient;Lorg/spongepowered/asm/mixin/injection/callback/CallbackInfo;)V has 0 override(s) in child classes
[15:25:54] [Client thread/DEBUG] [mixin/hbm]: mixins.angelica.early.json:sodium.MixinRenderGlobal from mod angelica->@Inject::sodium$setWorldAndLoadRenderers(Lnet/minecraft/client/multiplayer/WorldClient;Lorg/spongepowered/asm/mixin/injection/callback/CallbackInfo;)V won't be passed a CallbackInfo as a result
[15:25:54] [Client thread/DEBUG] [mixin/hbm]: mixins.angelica.early.json:sodium.MixinRenderGlobal from mod angelica->@Inject::onReload(Lorg/spongepowered/asm/mixin/injection/callback/CallbackInfo;)V doesn't use it's CallbackInfo
[15:25:54] [Client thread/DEBUG] [mixin/hbm]: mixins.angelica.early.json:sodium.MixinRenderGlobal from mod angelica->@Inject::onReload(Lorg/spongepowered/asm/mixin/injection/callback/CallbackInfo;)V has 0 override(s) in child classes
[15:25:54] [Client thread/DEBUG] [mixin/hbm]: mixins.angelica.early.json:sodium.MixinRenderGlobal from mod angelica->@Inject::onReload(Lorg/spongepowered/asm/mixin/injection/callback/CallbackInfo;)V won't be passed a CallbackInfo as a result
[15:25:54] [Client thread/DEBUG] [mixin/hbm]: mixins.angelica.early.json:sodium.MixinRenderGlobal from mod angelica->@Inject::onReload(Lorg/spongepowered/asm/mixin/injection/callback/CallbackInfo;)V doesn't use it's CallbackInfo
[15:25:54] [Client thread/DEBUG] [mixin/hbm]: mixins.angelica.early.json:sodium.MixinRenderGlobal from mod angelica->@Inject::onReload(Lorg/spongepowered/asm/mixin/injection/callback/CallbackInfo;)V has 0 override(s) in child classes
[15:25:54] [Client thread/DEBUG] [mixin/hbm]: mixins.angelica.early.json:sodium.MixinRenderGlobal from mod angelica->@Inject::onReload(Lorg/spongepowered/asm/mixin/injection/callback/CallbackInfo;)V won't be passed a CallbackInfo as a result
[15:25:54] [Client thread/DEBUG] [mixin/hbm]: mixins.angelica.early.json:sodium.MixinRenderGlobal from mod angelica->@Inject::sodium$renderTileEntities(Lnet/minecraft/entity/EntityLivingBase;Lnet/minecraft/client/renderer/culling/ICamera;FLorg/spongepowered/asm/mixin/injection/callback/CallbackInfo;)V doesn't use it's CallbackInfo
[15:25:54] [Client thread/DEBUG] [mixin/hbm]: mixins.angelica.early.json:sodium.MixinRenderGlobal from mod angelica->@Inject::sodium$renderTileEntities(Lnet/minecraft/entity/EntityLivingBase;Lnet/minecraft/client/renderer/culling/ICamera;FLorg/spongepowered/asm/mixin/injection/callback/CallbackInfo;)V has 0 override(s) in child classes
[15:25:54] [Client thread/DEBUG] [mixin/hbm]: mixins.angelica.early.json:sodium.MixinRenderGlobal from mod angelica->@Inject::sodium$renderTileEntities(Lnet/minecraft/entity/EntityLivingBase;Lnet/minecraft/client/renderer/culling/ICamera;FLorg/spongepowered/asm/mixin/injection/callback/CallbackInfo;)V won't be passed a CallbackInfo as a result
[15:25:54] [Client thread/TRACE] [mixin/hbm]: Added class metadata for net/minecraft/client/particle/EntityBreakingFX to metadata cache
[15:25:54] [Client thread/TRACE] [mixin/hbm]: Added class metadata for net/minecraft/client/particle/EntityDiggingFX to metadata cache
[15:25:54] [Client thread/TRACE] [mixin/hbm]: Added class metadata for net/minecraft/client/particle/EntityAuraFX to metadata cache
[15:25:54] [Client thread/TRACE] [mixin/hbm]: Added class metadata for net/minecraft/client/particle/EntityHeartFX to metadata cache
[15:25:54] [Client thread/TRACE] [mixin/hbm]: Added class metadata for net/minecraft/client/particle/EntitySnowShovelFX to metadata cache
[15:25:54] [Client thread/TRACE] [mixin/hbm]: Added class metadata for net/minecraft/client/particle/EntityDropParticleFX to metadata cache
[15:25:54] [Client thread/TRACE] [mixin/hbm]: Added class metadata for net/minecraft/client/particle/EntityReddustFX to metadata cache
[15:25:54] [Client thread/TRACE] [mixin/hbm]: Added class metadata for net/minecraft/client/particle/EntityCloudFX to metadata cache
[15:25:54] [Client thread/TRACE] [mixin/hbm]: Added class metadata for net/minecraft/client/particle/EntitySmokeFX to metadata cache
[15:25:54] [Client thread/TRACE] [mixin/hbm]: Added class metadata for net/minecraft/client/particle/EntityFishWakeFX to metadata cache
[15:25:54] [Client thread/TRACE] [mixin/hbm]: Added class metadata for net/minecraft/client/particle/EntitySplashFX to metadata cache
[15:25:54] [Client thread/TRACE] [mixin/hbm]: Added class metadata for net/minecraft/client/particle/EntityRainFX to metadata cache
[15:25:54] [Client thread/TRACE] [mixin/hbm]: Added class metadata for net/minecraft/client/particle/EntityFootStepFX to metadata cache
[15:25:54] [Client thread/TRACE] [mixin/hbm]: Added class metadata for net/minecraft/client/particle/EntityLavaFX to metadata cache
[15:25:54] [Client thread/TRACE] [mixin/hbm]: Added class metadata for net/minecraft/client/particle/EntityFlameFX to metadata cache
[15:25:54] [Client thread/TRACE] [mixin/hbm]: Added class metadata for net/minecraft/client/particle/EntityExplodeFX to metadata cache
[15:25:54] [Client thread/TRACE] [mixin/hbm]: Added class metadata for net/minecraft/client/particle/EntityEnchantmentTableParticleFX to metadata cache
[15:25:54] [Client thread/TRACE] [mixin/hbm]: Added class metadata for net/minecraft/client/particle/EntityPortalFX to metadata cache
[15:25:54] [Client thread/TRACE] [mixin/hbm]: Added class metadata for net/minecraft/client/particle/EntityNoteFX to metadata cache
[15:25:54] [Client thread/TRACE] [mixin/hbm]: Added class metadata for net/minecraft/client/particle/EntitySpellParticleFX to metadata cache
[15:25:54] [Client thread/TRACE] [mixin/hbm]: Added class metadata for net/minecraft/client/particle/EntityCritFX to metadata cache
[15:25:54] [Client thread/TRACE] [mixin/hbm]: Added class metadata for net/minecraft/client/particle/EntitySuspendFX to metadata cache
[15:25:54] [Client thread/TRACE] [mixin/hbm]: Added class metadata for net/minecraft/client/particle/EntityBubbleFX to metadata cache
[15:25:54] [Client thread/TRACE] [mixin/hbm]: Added class metadata for net/minecraft/client/particle/EntityFireworkSparkFX to metadata cache
[15:25:54] [Client thread/TRACE] [mixin/hbm]: Added class metadata for net/minecraft/client/particle/EntityLargeExplodeFX to metadata cache
[15:25:54] [Client thread/TRACE] [mixin/hbm]: Added class metadata for net/minecraft/client/particle/EntityHugeExplodeFX to metadata cache
[15:25:54] [Client thread/DEBUG] [mixin/hbm]: Mixing sodium.MixinBiomeGenBase from mixins.angelica.early.json into net.minecraft.world.biome.BiomeGenBase
[15:25:54] [Client thread/DEBUG] [mixin/hbm]: Renaming synthetic method lambda$new$2()Lnet/minecraftforge/event/terraingen/BiomeEvent$GetFoliageColor; to mdead7e0$angelica$lambda$new$2$0 in mixins.angelica.early.json:sodium.MixinBiomeGenBase from mod angelica
[15:25:54] [Client thread/DEBUG] [mixin/hbm]: Renaming synthetic method lambda$new$1()Lnet/minecraftforge/event/terraingen/BiomeEvent$GetGrassColor; to mdead7e0$angelica$lambda$new$1$1 in mixins.angelica.early.json:sodium.MixinBiomeGenBase from mod angelica
[15:25:54] [Client thread/DEBUG] [mixin/hbm]: Renaming synthetic method lambda$new$0()Lnet/minecraftforge/event/terraingen/BiomeEvent$GetWaterColor; to mdead7e0$angelica$lambda$new$0$2 in mixins.angelica.early.json:sodium.MixinBiomeGenBase from mod angelica
[15:25:54] [Client thread/TRACE] [mixin/hbm]: Added class metadata for com/gtnewhorizons/angelica/utils/EventUtils to metadata cache
[15:25:54] [Client thread/TRACE] [mixin/hbm]: Added class metadata for net/minecraftforge/event/terraingen/BiomeEvent to metadata cache
[15:25:54] [Client thread/TRACE] [mixin/hbm]: Added class metadata for net/minecraft/world/gen/feature/WorldGenBigTree to metadata cache
[15:25:54] [Client thread/TRACE] [mixin/hbm]: Added class metadata for net/minecraft/world/gen/feature/WorldGenTrees to metadata cache
[15:25:54] [Client thread/TRACE] [mixin/hbm]: Added class metadata for net/minecraft/world/gen/feature/WorldGenAbstractTree to metadata cache
[15:25:54] [Client thread/TRACE] [mixin/hbm]: Added class metadata for net/minecraft/world/gen/feature/WorldGenerator to metadata cache
[15:25:54] [Client thread/DEBUG] [mixin/hbm]: Mixing MixinRenderManager from mixins.mchrmixin.json into net.minecraft.client.renderer.entity.RenderManager
[15:25:54] [Client thread/TRACE] [mixin/hbm]: Added class metadata for mcheli/MCH_Camera to metadata cache
[15:25:54] [Client thread/DEBUG] [mixin/hbm]: Mixing sodium.MixinRenderManager from mixins.angelica.early.json into net.minecraft.client.renderer.entity.RenderManager
[15:25:54] [Client thread/TRACE] [mixin/hbm]: Added class metadata for me/jellysquid/mods/sodium/client/gui/options/named/LightingQuality to metadata cache
[15:25:54] [Client thread/TRACE] [mixin/hbm]: Added class metadata for me/jellysquid/mods/sodium/client/model/light/EntityLighter to metadata cache
[15:25:54] [Client thread/TRACE] [mixin/hbm]: Added class metadata for java/lang/NoSuchFieldError to metadata cache
[15:25:54] [Client thread/DEBUG] [mixin/hbm]: mixins.mchrmixin.json:MixinRenderManager from mod (unknown)->@Inject::onDoRender(Lnet/minecraft/entity/Entity;DDDFFZLorg/spongepowered/asm/mixin/injection/callback/CallbackInfoReturnable;)V doesn't use it's CallbackInfoReturnable
[15:25:54] [Client thread/DEBUG] [mixin/hbm]: mixins.mchrmixin.json:MixinRenderManager from mod (unknown)->@Inject::onDoRender(Lnet/minecraft/entity/Entity;DDDFFZLorg/spongepowered/asm/mixin/injection/callback/CallbackInfoReturnable;)V has 0 override(s) in child classes
[15:25:54] [Client thread/DEBUG] [mixin/hbm]: mixins.mchrmixin.json:MixinRenderManager from mod (unknown)->@Inject::onDoRender(Lnet/minecraft/entity/Entity;DDDFFZLorg/spongepowered/asm/mixin/injection/callback/CallbackInfoReturnable;)V won't be passed a CallbackInfoReturnable as a result
[15:25:54] [Client thread/DEBUG] [mixin/hbm]: mixins.mchrmixin.json:MixinRenderManager from mod (unknown)->@Inject::afterDoRender(Lnet/minecraft/entity/Entity;DDDFFZLorg/spongepowered/asm/mixin/injection/callback/CallbackInfoReturnable;)V doesn't use it's CallbackInfoReturnable
[15:25:54] [Client thread/DEBUG] [mixin/hbm]: mixins.mchrmixin.json:MixinRenderManager from mod (unknown)->@Inject::afterDoRender(Lnet/minecraft/entity/Entity;DDDFFZLorg/spongepowered/asm/mixin/injection/callback/CallbackInfoReturnable;)V has 0 override(s) in child classes
[15:25:54] [Client thread/DEBUG] [mixin/hbm]: mixins.mchrmixin.json:MixinRenderManager from mod (unknown)->@Inject::afterDoRender(Lnet/minecraft/entity/Entity;DDDFFZLorg/spongepowered/asm/mixin/injection/callback/CallbackInfoReturnable;)V won't be passed a CallbackInfoReturnable as a result
[15:25:54] [Client thread/INFO] [UfexCore ASM/hbm]: Transform: net.minecraft.client.renderer.texture.TextureManager
[15:25:54] [Client thread/INFO] [UfexCore ASM/hbm]: Internal name = bqf
[15:25:54] [Client thread/INFO] [UfexCore ASM/hbm]: Transformed name = net.minecraft.client.renderer.texture.TextureManager
[15:25:54] [Client thread/INFO] [UfexCore ASM/hbm]: new ClassReader done
[15:25:54] [Client thread/INFO] [UfexCore ASM/hbm]: new ClassWriter done
[15:25:54] [Client thread/INFO] [UfexCore ASM/hbm]: new ClassAdapter done
[15:25:54] [Client thread/INFO] [UfexCore ASM/hbm]: Inserted the ExitHook in loadTexture() method.
[15:25:54] [Client thread/INFO] [UfexCore ASM/hbm]: Inserted the ExitHook in loadTexture() method.
[15:25:54] [Client thread/INFO] [UfexCore ASM/hbm]: LOAD_TEXTURE:true
[15:25:54] [Client thread/INFO] [UfexCore ASM/hbm]: ** TextureManager was completely transformed.
[15:25:54] [Client thread/INFO] [UfexCore ASM/hbm]: accept done
[15:25:54] [Client thread/INFO] [HBM/hbm]: [QMAW] Reloading manual...
[15:25:54] [Client thread/INFO] [HBM/hbm]: [QMAW] Dissecting jar HBM-NTM-[1.0.27_X5649].jar
[15:25:54] [Client thread/INFO] [HBM/hbm]: [QMAW] Found manual fluids/crude_oil.json
[15:25:54] [Client thread/INFO] [HBM/hbm]: [QMAW] Found manual fusion/boiler.json
[15:25:54] [Client thread/INFO] [HBM/hbm]: [QMAW] Found manual fusion/breeder.json
[15:25:54] [Client thread/INFO] [HBM/hbm]: [QMAW] Found manual fusion/collector.json
[15:25:54] [Client thread/INFO] [HBM/hbm]: [QMAW] Found manual fusion/coupler.json
[15:25:54] [Client thread/INFO] [HBM/hbm]: [QMAW] Found manual fusion/fusionreactor.json
[15:25:54] [Client thread/INFO] [HBM/hbm]: [QMAW] Found manual fusion/klystron.json
[15:25:54] [Client thread/INFO] [HBM/hbm]: [QMAW] Found manual fusion/mhdt.json
[15:25:54] [Client thread/INFO] [HBM/hbm]: [QMAW] Found manual fusion/torus.json
[15:25:54] [Client thread/INFO] [HBM/hbm]: [QMAW] Found manual guide/oil.json
[15:25:54] [Client thread/INFO] [HBM/hbm]: [QMAW] Found manual guide/oil1.json
[15:25:54] [Client thread/INFO] [HBM/hbm]: [QMAW] Found manual guide/oil2.json
[15:25:54] [Client thread/INFO] [HBM/hbm]: [QMAW] Found manual guide/oil3.json
[15:25:54] [Client thread/INFO] [HBM/hbm]: [QMAW] Found manual machine/acidizer.json
[15:25:54] [Client thread/INFO] [HBM/hbm]: [QMAW] Found manual machine/anvil.json
[15:25:54] [Client thread/INFO] [HBM/hbm]: [QMAW] Found manual machine/arc_welder.json
[15:25:54] [Client thread/INFO] [HBM/hbm]: [QMAW] Found manual machine/ashpit.json
[15:25:54] [Client thread/INFO] [HBM/hbm]: [QMAW] Found manual machine/assembler.json
[15:25:54] [Client thread/INFO] [HBM/hbm]: [QMAW] Found manual machine/boiler.json
[15:25:54] [Client thread/INFO] [HBM/hbm]: [QMAW] Found manual machine/centrifuge.json
[15:25:54] [Client thread/INFO] [HBM/hbm]: [QMAW] Found manual machine/chemplant.json
[15:25:54] [Client thread/INFO] [HBM/hbm]: [QMAW] Found manual machine/coker.json
[15:25:54] [Client thread/INFO] [HBM/hbm]: [QMAW] Found manual machine/comboven.json
[15:25:54] [Client thread/INFO] [HBM/hbm]: [QMAW] Found manual machine/compressor.json
[15:25:54] [Client thread/INFO] [HBM/hbm]: [QMAW] Found manual machine/condenser.json
[15:25:54] [Client thread/INFO] [HBM/hbm]: [QMAW] Found manual machine/crackingtower.json
[15:25:54] [Client thread/INFO] [HBM/hbm]: [QMAW] Found manual machine/derrick.json
[15:25:54] [Client thread/INFO] [HBM/hbm]: [QMAW] Found manual machine/dieselgen.json
[15:25:54] [Client thread/INFO] [HBM/hbm]: [QMAW] Found manual machine/difurnace.json
[15:25:54] [Client thread/INFO] [HBM/hbm]: [QMAW] Found manual machine/electricheater.json
[15:25:54] [Client thread/INFO] [HBM/hbm]: [QMAW] Found manual machine/firebox.json
[15:25:54] [Client thread/INFO] [HBM/hbm]: [QMAW] Found manual machine/fracker.json
[15:25:54] [Client thread/INFO] [HBM/hbm]: [QMAW] Found manual machine/fractioning.json
[15:25:54] [Client thread/INFO] [HBM/hbm]: [QMAW] Found manual machine/heatexchanger.json
[15:25:54] [Client thread/INFO] [HBM/hbm]: [QMAW] Found manual machine/heatingoven.json
[15:25:54] [Client thread/INFO] [HBM/hbm]: [QMAW] Found manual machine/heatsource.json
[15:25:54] [Client thread/INFO] [HBM/hbm]: [QMAW] Found manual machine/ice.json
[15:25:54] [Client thread/INFO] [HBM/hbm]: [QMAW] Found manual machine/mixer.json
[15:25:54] [Client thread/INFO] [HBM/hbm]: [QMAW] Found manual machine/oilburner.json
[15:25:54] [Client thread/INFO] [HBM/hbm]: [QMAW] Found manual machine/press.json
[15:25:54] [Client thread/INFO] [HBM/hbm]: [QMAW] Found manual machine/pumpjack.json
[15:25:54] [Client thread/INFO] [HBM/hbm]: [QMAW] Found manual machine/pyrooven.json
[15:25:54] [Client thread/INFO] [HBM/hbm]: [QMAW] Found manual machine/refinery.json
[15:25:54] [Client thread/INFO] [HBM/hbm]: [QMAW] Found manual machine/rotaryfurnace.json
[15:25:54] [Client thread/INFO] [HBM/hbm]: [QMAW] Found manual machine/shredder.json
[15:25:54] [Client thread/INFO] [HBM/hbm]: [QMAW] Found manual machine/steamengine.json
[15:25:54] [Client thread/INFO] [HBM/hbm]: [QMAW] Found manual machine/steelfurnace.json
[15:25:54] [Client thread/INFO] [HBM/hbm]: [QMAW] Found manual machine/stirling.json
[15:25:54] [Client thread/INFO] [HBM/hbm]: [QMAW] Found manual machine/turbofan.json
[15:25:54] [Client thread/INFO] [HBM/hbm]: [QMAW] Found manual machine/woodburner.json
[15:25:54] [Client thread/INFO] [HBM/hbm]: [QMAW] Found manual material/alloy.json
[15:25:54] [Client thread/INFO] [HBM/hbm]: [QMAW] Found manual material/aluminium.json
[15:25:54] [Client thread/INFO] [HBM/hbm]: [QMAW] Found manual material/arsenic.json
[15:25:54] [Client thread/INFO] [HBM/hbm]: [QMAW] Found manual material/arsenic_bronze.json
[15:25:54] [Client thread/INFO] [HBM/hbm]: [QMAW] Found manual material/bakelite.json
[15:25:54] [Client thread/INFO] [HBM/hbm]: [QMAW] Found manual material/bismuth.json
[15:25:54] [Client thread/INFO] [HBM/hbm]: [QMAW] Found manual material/bismuth_bronze.json
[15:25:54] [Client thread/INFO] [HBM/hbm]: [QMAW] Found manual material/borax.json
[15:25:54] [Client thread/INFO] [HBM/hbm]: [QMAW] Found manual material/boron.json
[15:25:54] [Client thread/INFO] [HBM/hbm]: [QMAW] Found manual material/bscco.json
[15:25:54] [Client thread/INFO] [HBM/hbm]: [QMAW] Found manual material/cadmium.json
[15:25:54] [Client thread/INFO] [HBM/hbm]: [QMAW] Found manual material/cadmium_steel.json
[15:25:54] [Client thread/INFO] [HBM/hbm]: [QMAW] Found manual material/cft.json
[15:25:54] [Client thread/INFO] [HBM/hbm]: [QMAW] Found manual material/cinnabar.json
[15:25:54] [Client thread/INFO] [HBM/hbm]: [QMAW] Found manual material/cobalt.json
[15:25:54] [Client thread/INFO] [HBM/hbm]: [QMAW] Found manual material/coke.json
[15:25:54] [Client thread/INFO] [HBM/hbm]: [QMAW] Found manual material/copper.json
[15:25:54] [Client thread/INFO] [HBM/hbm]: [QMAW] Found manual material/densewire.json
[15:25:54] [Client thread/INFO] [HBM/hbm]: [QMAW] Found manual material/desh.json
[15:25:54] [Client thread/INFO] [HBM/hbm]: [QMAW] Found manual material/ferrouranium.json
[15:25:54] [Client thread/INFO] [HBM/hbm]: [QMAW] Found manual material/graphite.json
[15:25:54] [Client thread/INFO] [HBM/hbm]: [QMAW] Found manual material/gunmetal.json
[15:25:54] [Client thread/INFO] [HBM/hbm]: [QMAW] Found manual material/hss.json
[15:25:54] [Client thread/INFO] [HBM/hbm]: [QMAW] Found manual material/latex.json
[15:25:54] [Client thread/INFO] [HBM/hbm]: [QMAW] Found manual material/lead.json
[15:25:54] [Client thread/INFO] [HBM/hbm]: [QMAW] Found manual material/mingrade.json
[15:25:54] [Client thread/INFO] [HBM/hbm]: [QMAW] Found manual material/neptunium.json
[15:25:54] [Client thread/INFO] [HBM/hbm]: [QMAW] Found manual material/plutonium-238.json
[15:25:54] [Client thread/INFO] [HBM/hbm]: [QMAW] Found manual material/plutonium-239.json
[15:25:54] [Client thread/INFO] [HBM/hbm]: [QMAW] Found manual material/plutonium-240.json
[15:25:54] [Client thread/INFO] [HBM/hbm]: [QMAW] Found manual material/plutonium-241.json
[15:25:54] [Client thread/INFO] [HBM/hbm]: [QMAW] Found manual material/plutonium-rg.json
[15:25:54] [Client thread/INFO] [HBM/hbm]: [QMAW] Found manual material/plutonium.json
[15:25:54] [Client thread/INFO] [HBM/hbm]: [QMAW] Found manual material/polonium.json
[15:25:54] [Client thread/INFO] [HBM/hbm]: [QMAW] Found manual material/polymer.json
[15:25:54] [Client thread/INFO] [HBM/hbm]: [QMAW] Found manual material/radium.json
[15:25:54] [Client thread/INFO] [HBM/hbm]: [QMAW] Found manual material/rareearth.json
[15:25:54] [Client thread/INFO] [HBM/hbm]: [QMAW] Found manual material/rubber.json
[15:25:54] [Client thread/INFO] [HBM/hbm]: [QMAW] Found manual material/silicon.json
[15:25:54] [Client thread/INFO] [HBM/hbm]: [QMAW] Found manual material/sodium.json
[15:25:54] [Client thread/INFO] [HBM/hbm]: [QMAW] Found manual material/solidfuel.json
[15:25:54] [Client thread/INFO] [HBM/hbm]: [QMAW] Found manual material/steel.json
[15:25:54] [Client thread/INFO] [HBM/hbm]: [QMAW] Found manual material/sulfur.json
[15:25:54] [Client thread/INFO] [HBM/hbm]: [QMAW] Found manual material/tantalium.json
[15:25:54] [Client thread/INFO] [HBM/hbm]: [QMAW] Found manual material/technetium.json
[15:25:54] [Client thread/INFO] [HBM/hbm]: [QMAW] Found manual material/technetium_steel.json
[15:25:54] [Client thread/INFO] [HBM/hbm]: [QMAW] Found manual material/thorium.json
[15:25:54] [Client thread/INFO] [HBM/hbm]: [QMAW] Found manual material/uranium-233.json
[15:25:54] [Client thread/INFO] [HBM/hbm]: [QMAW] Found manual material/uranium-235.json
[15:25:54] [Client thread/INFO] [HBM/hbm]: [QMAW] Found manual material/uranium-238.json
[15:25:54] [Client thread/INFO] [HBM/hbm]: [QMAW] Found manual material/uranium.json
[15:25:54] [Client thread/INFO] [HBM/hbm]: [QMAW] Found manual material/weaponsteel.json
[15:25:54] [Client thread/INFO] [HBM/hbm]: [QMAW] Found manual pa/beamline.json
[15:25:54] [Client thread/INFO] [HBM/hbm]: [QMAW] Found manual pa/coil.json
[15:25:54] [Client thread/INFO] [HBM/hbm]: [QMAW] Found manual pa/detector.json
[15:25:54] [Client thread/INFO] [HBM/hbm]: [QMAW] Found manual pa/dipole.json
[15:25:54] [Client thread/INFO] [HBM/hbm]: [QMAW] Found manual pa/particleaccelerator.json
[15:25:54] [Client thread/INFO] [HBM/hbm]: [QMAW] Found manual pa/pastepbystep.json
[15:25:54] [Client thread/INFO] [HBM/hbm]: [QMAW] Found manual pa/quadrupole.json
[15:25:54] [Client thread/INFO] [HBM/hbm]: [QMAW] Found manual pa/rfc.json
[15:25:54] [Client thread/INFO] [HBM/hbm]: [QMAW] Found manual pa/source.json
[15:25:54] [Client thread/INFO] [HBM/hbm]: [QMAW] Found manual rbmk/absorber.json
[15:25:54] [Client thread/INFO] [HBM/hbm]: [QMAW] Found manual rbmk/autoloader.json
[15:25:54] [Client thread/INFO] [HBM/hbm]: [QMAW] Found manual rbmk/blank.json
[15:25:54] [Client thread/INFO] [HBM/hbm]: [QMAW] Found manual rbmk/boiler.json
[15:25:54] [Client thread/INFO] [HBM/hbm]: [QMAW] Found manual rbmk/console.json
[15:25:54] [Client thread/INFO] [HBM/hbm]: [QMAW] Found manual rbmk/controlauto.json
[15:25:54] [Client thread/INFO] [HBM/hbm]: [QMAW] Found manual rbmk/controlrod.json
[15:25:54] [Client thread/INFO] [HBM/hbm]: [QMAW] Found manual rbmk/cooler.json
[15:25:54] [Client thread/INFO] [HBM/hbm]: [QMAW] Found manual rbmk/crane.json
[15:25:54] [Client thread/INFO] [HBM/hbm]: [QMAW] Found manual rbmk/heater.json
[15:25:54] [Client thread/INFO] [HBM/hbm]: [QMAW] Found manual rbmk/loader.json
[15:25:54] [Client thread/INFO] [HBM/hbm]: [QMAW] Found manual rbmk/moderator.json
[15:25:54] [Client thread/INFO] [HBM/hbm]: [QMAW] Found manual rbmk/reflector.json
[15:25:54] [Client thread/INFO] [HBM/hbm]: [QMAW] Found manual rbmk/rod.json
[15:25:54] [Client thread/INFO] [HBM/hbm]: [QMAW] Found manual rbmk/storage.json
[15:25:54] [Client thread/INFO] [HBM/hbm]: [QMAW] Found manual ror/redstoneoverradio.json
[15:25:54] [Client thread/INFO] [HBM/hbm]: [QMAW] Found manual ror/rorcontroller.json
[15:25:54] [Client thread/INFO] [HBM/hbm]: [QMAW] Found manual ror/rorcounter.json
[15:25:54] [Client thread/INFO] [HBM/hbm]: [QMAW] Found manual ror/rorlogic.json
[15:25:54] [Client thread/INFO] [HBM/hbm]: [QMAW] Found manual ror/rorreader.json
[15:25:54] [Client thread/INFO] [HBM/hbm]: [QMAW] Found manual ror/rorreceiver.json
[15:25:54] [Client thread/INFO] [HBM/hbm]: [QMAW] Found manual ror/rortransmitter.json
[15:25:54] [Client thread/INFO] [HBM/hbm]: [QMAW] Found manual weapon/ap.json
[15:25:54] [Client thread/INFO] [HBM/hbm]: [QMAW] Found manual weapon/buckshot.json
[15:25:55] [Client thread/INFO] [HBM/hbm]: [QMAW] Found manual weapon/buckshotmagnum.json
[15:25:55] [Client thread/INFO] [HBM/hbm]: [QMAW] Found manual weapon/buckshotsharpnel.json
[15:25:55] [Client thread/INFO] [HBM/hbm]: [QMAW] Found manual weapon/demo.json
[15:25:55] [Client thread/INFO] [HBM/hbm]: [QMAW] Found manual weapon/du.json
[15:25:55] [Client thread/INFO] [HBM/hbm]: [QMAW] Found manual weapon/express.json
[15:25:55] [Client thread/INFO] [HBM/hbm]: [QMAW] Found manual weapon/flechettes.json
[15:25:55] [Client thread/INFO] [HBM/hbm]: [QMAW] Found manual weapon/fmj.json
[15:25:55] [Client thread/INFO] [HBM/hbm]: [QMAW] Found manual weapon/grenade.json
[15:25:55] [Client thread/INFO] [HBM/hbm]: [QMAW] Found manual weapon/he.json
[15:25:55] [Client thread/INFO] [HBM/hbm]: [QMAW] Found manual weapon/heat.json
[15:25:55] [Client thread/INFO] [HBM/hbm]: [QMAW] Found manual weapon/incendiary.json
[15:25:55] [Client thread/INFO] [HBM/hbm]: [QMAW] Found manual weapon/jhp.json
[15:25:55] [Client thread/INFO] [HBM/hbm]: [QMAW] Found manual weapon/muke.json
[15:25:55] [Client thread/INFO] [HBM/hbm]: [QMAW] Found manual weapon/powder.json
[15:25:55] [Client thread/INFO] [HBM/hbm]: [QMAW] Found manual weapon/slug.json
[15:25:55] [Client thread/INFO] [HBM/hbm]: [QMAW] Found manual weapon/softpoint.json
[15:25:55] [Client thread/INFO] [HBM/hbm]: [QMAW] Found manual weapon/star.json
[15:25:55] [Client thread/INFO] [HBM/hbm]: [QMAW] Found manual weapon/wp.json
[15:25:55] [Client thread/INFO] [HBM/hbm]: [QMAW] Dissecting resource BFMC Resourcepack
[15:25:55] [Client thread/INFO] [HBM/hbm]: [QMAW] Loaded 153 manual entries! (56ms)
[15:25:55] [Client thread/DEBUG] [FML/hbm]: Bar Finished: Loading Resource - QMAWLoader took 0.057s
[15:25:57] [Client thread/DEBUG] [FML/hbm]: Bar Finished: Loading Resource - HFRModelReloader took 2.167s
[15:25:57] [Client thread/DEBUG] [mixin/hbm]: Mixing sodium.AccessorBiomeColorEvent from mixins.angelica.early.json into net.minecraftforge.event.terraingen.BiomeEvent$BiomeColor
[15:25:57] [Client thread/INFO] [HBM/hbm]: Re-registration for ingotTcAlloy to ingotAnyResistantAlloy
[15:25:57] [Client thread/INFO] [HBM/hbm]: Re-registration for dustTcAlloy to dustAnyResistantAlloy
[15:25:57] [Client thread/INFO] [HBM/hbm]: Re-registration for blockTcAlloy to blockAnyResistantAlloy
[15:25:57] [Client thread/INFO] [HBM/hbm]: Re-registration for ingotCdAlloy to ingotAnyResistantAlloy
[15:25:57] [Client thread/INFO] [HBM/hbm]: Re-registration for blockCdAlloy to blockAnyResistantAlloy
[15:25:57] [Client thread/INFO] [HBM/hbm]: Re-registration for ingotBismuthBronze to ingotAnyBismoidBronze
[15:25:57] [Client thread/INFO] [HBM/hbm]: Re-registration for ingotArsenicBronze to ingotAnyBismoidBronze
[15:25:57] [Client thread/INFO] [HBM/hbm]: Re-registration for ingotPolymer to ingotAnyPlastic
[15:25:57] [Client thread/INFO] [HBM/hbm]: Re-registration for dustPolymer to dustAnyPlastic
[15:25:57] [Client thread/INFO] [HBM/hbm]: Re-registration for blockPolymer to blockAnyPlastic
[15:25:57] [Client thread/INFO] [HBM/hbm]: Re-registration for ingotBakelite to ingotAnyPlastic
[15:25:57] [Client thread/INFO] [HBM/hbm]: Re-registration for dustBakelite to dustAnyPlastic
[15:25:57] [Client thread/INFO] [HBM/hbm]: Re-registration for blockBakelite to blockAnyPlastic
[15:25:57] [Client thread/INFO] [HBM/hbm]: Re-registration for ingotLatex to ingotAnyRubber
[15:25:57] [Client thread/INFO] [HBM/hbm]: Re-registration for ingotRubber to ingotAnyRubber
[15:25:57] [Client thread/INFO] [HBM/hbm]: Re-registration for ingotPolycarbonate to ingotAnyHardPlastic
[15:25:57] [Client thread/INFO] [HBM/hbm]: Re-registration for ingotPVC to ingotAnyHardPlastic
[15:25:57] [Client thread/INFO] [HBM/hbm]: Re-registration for oiltar to anyTar
[15:25:57] [Client thread/INFO] [HBM/hbm]: Re-registration for cracktar to anyTar
[15:25:57] [Client thread/INFO] [HBM/hbm]: Re-registration for coaltar to anyTar
[15:25:57] [Client thread/INFO] [HBM/hbm]: Re-registration for woodtar to anyTar
[15:25:57] [Client thread/INFO] [HBM/hbm]: Re-registration for plateTripleTcAlloy to plateTripleAnyResistantAlloy
[15:25:57] [Client thread/INFO] [HBM/hbm]: Re-registration for plateSextupleTcAlloy to plateSextupleAnyResistantAlloy
[15:25:57] [Client thread/INFO] [HBM/hbm]: Re-registration for barrelLightTcAlloy to barrelLightAnyResistantAlloy
[15:25:57] [Client thread/INFO] [HBM/hbm]: Re-registration for barrelHeavyTcAlloy to barrelHeavyAnyResistantAlloy
[15:25:57] [Client thread/INFO] [HBM/hbm]: Re-registration for receiverLightTcAlloy to receiverLightAnyResistantAlloy
[15:25:57] [Client thread/INFO] [HBM/hbm]: Re-registration for receiverHeavyTcAlloy to receiverHeavyAnyResistantAlloy
[15:25:57] [Client thread/INFO] [HBM/hbm]: Re-registration for plateTripleCdAlloy to plateTripleAnyResistantAlloy
[15:25:57] [Client thread/INFO] [HBM/hbm]: Re-registration for plateSextupleCdAlloy to plateSextupleAnyResistantAlloy
[15:25:57] [Client thread/INFO] [HBM/hbm]: Re-registration for barrelLightCdAlloy to barrelLightAnyResistantAlloy
[15:25:57] [Client thread/INFO] [HBM/hbm]: Re-registration for barrelHeavyCdAlloy to barrelHeavyAnyResistantAlloy
[15:25:57] [Client thread/INFO] [HBM/hbm]: Re-registration for receiverLightCdAlloy to receiverLightAnyResistantAlloy
[15:25:57] [Client thread/INFO] [HBM/hbm]: Re-registration for receiverHeavyCdAlloy to receiverHeavyAnyResistantAlloy
[15:25:57] [Client thread/INFO] [HBM/hbm]: Re-registration for plateTripleBismuthBronze to plateTripleAnyBismoidBronze
[15:25:57] [Client thread/INFO] [HBM/hbm]: Re-registration for barrelLightBismuthBronze to barrelLightAnyBismoidBronze
[15:25:57] [Client thread/INFO] [HBM/hbm]: Re-registration for receiverLightBismuthBronze to receiverLightAnyBismoidBronze
[15:25:57] [Client thread/INFO] [HBM/hbm]: Re-registration for receiverHeavyBismuthBronze to receiverHeavyAnyBismoidBronze
[15:25:57] [Client thread/INFO] [HBM/hbm]: Re-registration for plateTripleArsenicBronze to plateTripleAnyBismoidBronze
[15:25:57] [Client thread/INFO] [HBM/hbm]: Re-registration for barrelLightArsenicBronze to barrelLightAnyBismoidBronze
[15:25:57] [Client thread/INFO] [HBM/hbm]: Re-registration for receiverLightArsenicBronze to receiverLightAnyBismoidBronze
[15:25:57] [Client thread/INFO] [HBM/hbm]: Re-registration for receiverHeavyArsenicBronze to receiverHeavyAnyBismoidBronze
[15:25:57] [Client thread/INFO] [HBM/hbm]: Re-registration for stockPolymer to stockAnyPlastic
[15:25:57] [Client thread/INFO] [HBM/hbm]: Re-registration for gripPolymer to gripAnyPlastic
[15:25:57] [Client thread/INFO] [HBM/hbm]: Re-registration for stockBakelite to stockAnyPlastic
[15:25:57] [Client thread/INFO] [HBM/hbm]: Re-registration for gripBakelite to gripAnyPlastic
[15:25:57] [Client thread/INFO] [HBM/hbm]: Re-registration for stockPolycarbonate to stockAnyHardPlastic
[15:25:57] [Client thread/INFO] [HBM/hbm]: Re-registration for gripPolycarbonate to gripAnyHardPlastic
[15:25:57] [Client thread/INFO] [HBM/hbm]: Re-registration for stockPVC to stockAnyHardPlastic
[15:25:57] [Client thread/INFO] [HBM/hbm]: Re-registration for gripPVC to gripAnyHardPlastic
[15:25:57] [Client thread/TRACE] [FML/hbm]: Automatically registered mod hbm entity entity_rocket as hbm.entity_rocket
[15:25:57] [Client thread/TRACE] [FML/hbm]: Automatically registered mod hbm entity entity_grenade_generic as hbm.entity_grenade_generic
[15:25:57] [Client thread/TRACE] [FML/hbm]: Automatically registered mod hbm entity entity_grenade_strong as hbm.entity_grenade_strong
[15:25:57] [Client thread/TRACE] [FML/hbm]: Automatically registered mod hbm entity entity_grenade_frag as hbm.entity_grenade_frag
[15:25:57] [Client thread/TRACE] [FML/hbm]: Automatically registered mod hbm entity entity_grenade_fire as hbm.entity_grenade_fire
[15:25:57] [Client thread/TRACE] [FML/hbm]: Automatically registered mod hbm entity entity_grenade_cluster as hbm.entity_grenade_cluster
[15:25:57] [Client thread/TRACE] [FML/hbm]: Automatically registered mod hbm entity entity_bullet as hbm.entity_bullet
[15:25:57] [Client thread/TRACE] [FML/hbm]: Automatically registered mod hbm entity entity_grenade_flare as hbm.entity_grenade_flare
[15:25:57] [Client thread/TRACE] [FML/hbm]: Automatically registered mod hbm entity entity_grenade_electric as hbm.entity_grenade_electric
[15:25:57] [Client thread/TRACE] [FML/hbm]: Automatically registered mod hbm entity entity_grenade_poison as hbm.entity_grenade_poison
[15:25:57] [Client thread/TRACE] [FML/hbm]: Automatically registered mod hbm entity entity_grenade_gas as hbm.entity_grenade_gas
[15:25:57] [Client thread/TRACE] [FML/hbm]: Automatically registered mod hbm entity entity_grenade_schrab as hbm.entity_grenade_schrab
[15:25:57] [Client thread/TRACE] [FML/hbm]: Automatically registered mod hbm entity entity_grenade_nuke as hbm.entity_grenade_nuke
[15:25:57] [Client thread/TRACE] [FML/hbm]: Automatically registered mod hbm entity entity_schrabnel as hbm.entity_schrabnel
[15:25:57] [Client thread/TRACE] [FML/hbm]: Automatically registered mod hbm entity entity_missile_generic as hbm.entity_missile_generic
[15:25:57] [Client thread/TRACE] [FML/hbm]: Automatically registered mod hbm entity entity_missile_decoy as hbm.entity_missile_decoy
[15:25:57] [Client thread/TRACE] [FML/hbm]: Automatically registered mod hbm entity entity_missile_strong as hbm.entity_missile_strong
[15:25:57] [Client thread/TRACE] [FML/hbm]: Automatically registered mod hbm entity entity_missile_nuclear as hbm.entity_missile_nuclear
[15:25:57] [Client thread/TRACE] [FML/hbm]: Automatically registered mod hbm entity entity_missile_cluster as hbm.entity_missile_cluster
[15:25:57] [Client thread/TRACE] [FML/hbm]: Automatically registered mod hbm entity entity_missile_incendiary as hbm.entity_missile_incendiary
[15:25:57] [Client thread/TRACE] [FML/hbm]: Automatically registered mod hbm entity entity_missile_anti as hbm.entity_missile_anti
[15:25:57] [Client thread/TRACE] [FML/hbm]: Automatically registered mod hbm entity entity_missile_buster as hbm.entity_missile_buster
[15:25:57] [Client thread/TRACE] [FML/hbm]: Automatically registered mod hbm entity entity_missile_incendiary_strong as hbm.entity_missile_incendiary_strong
[15:25:57] [Client thread/TRACE] [FML/hbm]: Automatically registered mod hbm entity entity_missile_cluster_strong as hbm.entity_missile_cluster_strong
[15:25:57] [Client thread/TRACE] [FML/hbm]: Automatically registered mod hbm entity entity_missile_buster_strong as hbm.entity_missile_buster_strong
[15:25:57] [Client thread/TRACE] [FML/hbm]: Automatically registered mod hbm entity entity_missile_burst as hbm.entity_missile_burst
[15:25:57] [Client thread/TRACE] [FML/hbm]: Automatically registered mod hbm entity entity_missile_inferno as hbm.entity_missile_inferno
[15:25:57] [Client thread/TRACE] [FML/hbm]: Automatically registered mod hbm entity entity_missile_rain as hbm.entity_missile_rain
[15:25:57] [Client thread/TRACE] [FML/hbm]: Automatically registered mod hbm entity entity_missile_drill as hbm.entity_missile_drill
[15:25:57] [Client thread/TRACE] [FML/hbm]: Automatically registered mod hbm entity entity_missile_mirv as hbm.entity_missile_mirv
[15:25:57] [Client thread/TRACE] [FML/hbm]: Automatically registered mod hbm entity entity_grenade_nuclear as hbm.entity_grenade_nuclear
[15:25:57] [Client thread/TRACE] [FML/hbm]: Automatically registered mod hbm entity entity_grenade_plasma as hbm.entity_grenade_plasma
[15:25:57] [Client thread/TRACE] [FML/hbm]: Automatically registered mod hbm entity entity_grenade_tau as hbm.entity_grenade_tau
[15:25:57] [Client thread/TRACE] [FML/hbm]: Automatically registered mod hbm entity entity_chopper_mine as hbm.entity_chopper_mine
[15:25:57] [Client thread/TRACE] [FML/hbm]: Automatically registered mod hbm entity entity_grenade_lemon as hbm.entity_grenade_lemon
[15:25:57] [Client thread/TRACE] [FML/hbm]: Automatically registered mod hbm entity entity_cloud_fleija as hbm.entity_cloud_fleija
[15:25:57] [Client thread/TRACE] [FML/hbm]: Automatically registered mod hbm entity entity_grenade_mk2 as hbm.entity_grenade_mk2
[15:25:57] [Client thread/TRACE] [FML/hbm]: Automatically registered mod hbm entity entity_grenade_zomg as hbm.entity_grenade_zomg
[15:25:57] [Client thread/TRACE] [FML/hbm]: Automatically registered mod hbm entity entity_grenade_aschrab as hbm.entity_grenade_aschrab
[15:25:57] [Client thread/TRACE] [FML/hbm]: Automatically registered mod hbm entity entity_fallout as hbm.entity_fallout
[15:25:57] [Client thread/TRACE] [FML/hbm]: Automatically registered mod hbm entity entity_emp_blast as hbm.entity_emp_blast
[15:25:57] [Client thread/TRACE] [FML/hbm]: Automatically registered mod hbm entity entity_grenade_pulse as hbm.entity_grenade_pulse
[15:25:57] [Client thread/TRACE] [FML/hbm]: Automatically registered mod hbm entity entity_rubble as hbm.entity_rubble
[15:25:57] [Client thread/TRACE] [FML/hbm]: Automatically registered mod hbm entity entity_shrapnel as hbm.entity_shrapnel
[15:25:57] [Client thread/TRACE] [FML/hbm]: Automatically registered mod hbm entity entity_grenade_shrapnel as hbm.entity_grenade_shrapnel
[15:25:57] [Client thread/TRACE] [FML/hbm]: Automatically registered mod hbm entity entity_black_hole as hbm.entity_black_hole
[15:25:57] [Client thread/TRACE] [FML/hbm]: Automatically registered mod hbm entity entity_grenade_black_hole as hbm.entity_grenade_black_hole
[15:25:57] [Client thread/TRACE] [FML/hbm]: Automatically registered mod hbm entity entity_minecart_test as hbm.entity_minecart_test
[15:25:57] [Client thread/TRACE] [FML/hbm]: Automatically registered mod hbm entity entity_missile_doomsday as hbm.entity_missile_doomsday
[15:25:57] [Client thread/TRACE] [FML/hbm]: Automatically registered mod hbm entity entity_missile_doomsday_rusted as hbm.entity_missile_doomsday_rusted
[15:25:57] [Client thread/TRACE] [FML/hbm]: Automatically registered mod hbm entity entity_nuke_mk3 as hbm.entity_nuke_mk3
[15:25:57] [Client thread/TRACE] [FML/hbm]: Automatically registered mod hbm entity entity_vortex as hbm.entity_vortex
[15:25:57] [Client thread/TRACE] [FML/hbm]: Automatically registered mod hbm entity entity_meteor as hbm.entity_meteor
[15:25:57] [Client thread/TRACE] [FML/hbm]: Automatically registered mod hbm entity entity_boxcar as hbm.entity_boxcar
[15:25:57] [Client thread/TRACE] [FML/hbm]: Automatically registered mod hbm entity entity_torpedo as hbm.entity_torpedo
[15:25:57] [Client thread/TRACE] [FML/hbm]: Automatically registered mod hbm entity entity_missile_taint as hbm.entity_missile_taint
[15:25:57] [Client thread/TRACE] [FML/hbm]: Automatically registered mod hbm entity entity_grenade_gascan as hbm.entity_grenade_gascan
[15:25:57] [Client thread/TRACE] [FML/hbm]: Automatically registered mod hbm entity entity_nuke_mk5 as hbm.entity_nuke_mk5
[15:25:57] [Client thread/TRACE] [FML/hbm]: Automatically registered mod hbm entity entity_cloud_rainbow as hbm.entity_cloud_rainbow
[15:25:57] [Client thread/TRACE] [FML/hbm]: Automatically registered mod hbm entity entity_beam_bomb as hbm.entity_beam_bomb
[15:25:57] [Client thread/TRACE] [FML/hbm]: Automatically registered mod hbm entity entity_missile_test_mk2 as hbm.entity_missile_test_mk2
[15:25:57] [Client thread/TRACE] [FML/hbm]: Automatically registered mod hbm entity entity_missile_micronuclear as hbm.entity_missile_micronuclear
[15:25:57] [Client thread/TRACE] [FML/hbm]: Automatically registered mod hbm entity entity_cloud_rainbow as hbm.entity_cloud_rainbow
[15:25:57] [Client thread/TRACE] [FML/hbm]: Automatically registered mod hbm entity entity_raging_vortex as hbm.entity_raging_vortex
[15:25:57] [Client thread/TRACE] [FML/hbm]: Automatically registered mod hbm entity entity_missile_blackhole as hbm.entity_missile_blackhole
[15:25:57] [Client thread/TRACE] [FML/hbm]: Automatically registered mod hbm entity entity_missile_schrabidium as hbm.entity_missile_schrabidium
[15:25:57] [Client thread/TRACE] [FML/hbm]: Automatically registered mod hbm entity entity_missile_emp as hbm.entity_missile_emp
[15:25:57] [Client thread/TRACE] [FML/hbm]: Automatically registered mod hbm entity entity_chlorine_fx as hbm.entity_chlorine_fx
[15:25:57] [Client thread/TRACE] [FML/hbm]: Automatically registered mod hbm entity entity_pink_cloud_fx as hbm.entity_pink_cloud_fx
[15:25:57] [Client thread/TRACE] [FML/hbm]: Automatically registered mod hbm entity entity_cloud_fx as hbm.entity_cloud_fx
[15:25:57] [Client thread/TRACE] [FML/hbm]: Automatically registered mod hbm entity entity_grenade_pink_cloud as hbm.entity_grenade_pink_cloud
[15:25:57] [Client thread/TRACE] [FML/hbm]: Automatically registered mod hbm entity entity_grenade_cloud as hbm.entity_grenade_cloud
[15:25:57] [Client thread/TRACE] [FML/hbm]: Automatically registered mod hbm entity entity_bomber as hbm.entity_bomber
[15:25:57] [Client thread/TRACE] [FML/hbm]: Automatically registered mod hbm entity entity_c130 as hbm.entity_c130
[15:25:57] [Client thread/TRACE] [FML/hbm]: Automatically registered mod hbm entity entity_zeta as hbm.entity_zeta
[15:25:57] [Client thread/TRACE] [FML/hbm]: Automatically registered mod hbm entity entity_agent_orange as hbm.entity_agent_orange
[15:25:57] [Client thread/TRACE] [FML/hbm]: Automatically registered mod hbm entity entity_laser_blast as hbm.entity_laser_blast
[15:25:57] [Client thread/TRACE] [FML/hbm]: Automatically registered mod hbm entity entity_grenade_smart as hbm.entity_grenade_smart
[15:25:57] [Client thread/TRACE] [FML/hbm]: Automatically registered mod hbm entity entity_grenade_mirv as hbm.entity_grenade_mirv
[15:25:57] [Client thread/TRACE] [FML/hbm]: Automatically registered mod hbm entity entity_grenade_breach as hbm.entity_grenade_breach
[15:25:57] [Client thread/TRACE] [FML/hbm]: Automatically registered mod hbm entity entity_grenade_burst as hbm.entity_grenade_burst
[15:25:57] [Client thread/TRACE] [FML/hbm]: Automatically registered mod hbm entity entity_burning_foeq as hbm.entity_burning_foeq
[15:25:57] [Client thread/TRACE] [FML/hbm]: Automatically registered mod hbm entity entity_grenade_ironshod as hbm.entity_grenade_ironshod
[15:25:57] [Client thread/TRACE] [FML/hbm]: Automatically registered mod hbm entity entity_grenade_ironshod_he as hbm.entity_grenade_ironshod_he
[15:25:57] [Client thread/TRACE] [FML/hbm]: Automatically registered mod hbm entity entity_grenade_ironshod_bouncy as hbm.entity_grenade_ironshod_bouncy
[15:25:57] [Client thread/TRACE] [FML/hbm]: Automatically registered mod hbm entity entity_grenade_ironshod_sticky as hbm.entity_grenade_ironshod_sticky
[15:25:57] [Client thread/TRACE] [FML/hbm]: Automatically registered mod hbm entity entity_grenade_ironshod_impact as hbm.entity_grenade_ironshod_impact
[15:25:57] [Client thread/TRACE] [FML/hbm]: Automatically registered mod hbm entity entity_grenade_ironshod_fire as hbm.entity_grenade_ironshod_fire
[15:25:57] [Client thread/TRACE] [FML/hbm]: Automatically registered mod hbm entity entity_grenade_ironshod_toxic as hbm.entity_grenade_ironshod_toxic
[15:25:57] [Client thread/TRACE] [FML/hbm]: Automatically registered mod hbm entity entity_grenade_ironshod_con as hbm.entity_grenade_ironshod_con
[15:25:57] [Client thread/TRACE] [FML/hbm]: Automatically registered mod hbm entity entity_grenade_ironshod_brim as hbm.entity_grenade_ironshod_brim
[15:25:57] [Client thread/TRACE] [FML/hbm]: Automatically registered mod hbm entity entity_grenade_ironshod_m as hbm.entity_grenade_ironshod_m
[15:25:57] [Client thread/TRACE] [FML/hbm]: Automatically registered mod hbm entity entity_grenade_ironshod_s as hbm.entity_grenade_ironshod_s
[15:25:57] [Client thread/TRACE] [FML/hbm]: Automatically registered mod hbm entity entity_grenade_ironshod_hopwire as hbm.entity_grenade_ironshod_hopwire
[15:25:57] [Client thread/TRACE] [FML/hbm]: Automatically registered mod hbm entity entity_grenade_ironshod_null as hbm.entity_grenade_ironshod_null
[15:25:57] [Client thread/TRACE] [FML/hbm]: Automatically registered mod hbm entity entity_falling_bomb as hbm.entity_falling_bomb
[15:25:57] [Client thread/TRACE] [FML/hbm]: Automatically registered mod hbm entity entity_bullet_mk3 as hbm.entity_bullet_mk3
[15:25:57] [Client thread/TRACE] [FML/hbm]: Automatically registered mod hbm entity entity_bullet_mk4 as hbm.entity_bullet_mk4
[15:25:57] [Client thread/TRACE] [FML/hbm]: Automatically registered mod hbm entity entity_bullet_mk4_cl as hbm.entity_bullet_mk4_cl
[15:25:57] [Client thread/TRACE] [FML/hbm]: Automatically registered mod hbm entity entity_beam_mk4 as hbm.entity_beam_mk4
[15:25:57] [Client thread/TRACE] [FML/hbm]: Automatically registered mod hbm entity entity_grenade_universal as hbm.entity_grenade_universal
[15:25:57] [Client thread/TRACE] [FML/hbm]: Automatically registered mod hbm entity entity_miner_lander as hbm.entity_miner_lander
[15:25:57] [Client thread/TRACE] [FML/hbm]: Automatically registered mod hbm entity entity_nuclear_fog as hbm.entity_nuclear_fog
[15:25:57] [Client thread/TRACE] [FML/hbm]: Automatically registered mod hbm entity entity_duchessgambit as hbm.entity_duchessgambit
[15:25:57] [Client thread/TRACE] [FML/hbm]: Automatically registered mod hbm entity entity_missile_emp_strong as hbm.entity_missile_emp_strong
[15:25:57] [Client thread/TRACE] [FML/hbm]: Automatically registered mod hbm entity entity_emp_logic as hbm.entity_emp_logic
[15:25:57] [Client thread/TRACE] [FML/hbm]: Automatically registered mod hbm entity entity_water_splash as hbm.entity_water_splash
[15:25:57] [Client thread/TRACE] [FML/hbm]: Automatically registered mod hbm entity entity_bobmazon_delivery as hbm.entity_bobmazon_delivery
[15:25:57] [Client thread/TRACE] [FML/hbm]: Automatically registered mod hbm entity entity_custom_missile as hbm.entity_custom_missile
[15:25:57] [Client thread/TRACE] [FML/hbm]: Automatically registered mod hbm entity entity_balefire as hbm.entity_balefire
[15:25:57] [Client thread/TRACE] [FML/hbm]: Automatically registered mod hbm entity entity_tom_the_moonstone as hbm.entity_tom_the_moonstone
[15:25:57] [Client thread/TRACE] [FML/hbm]: Automatically registered mod hbm entity entity_tom_bust as hbm.entity_tom_bust
[15:25:57] [Client thread/TRACE] [FML/hbm]: Automatically registered mod hbm entity entity_falling_building as hbm.entity_falling_building
[15:25:57] [Client thread/TRACE] [FML/hbm]: Automatically registered mod hbm entity entity_soyuz as hbm.entity_soyuz
[15:25:57] [Client thread/TRACE] [FML/hbm]: Automatically registered mod hbm entity entity_soyuz_capsule as hbm.entity_soyuz_capsule
[15:25:57] [Client thread/TRACE] [FML/hbm]: Automatically registered mod hbm entity entity_parachute_crate as hbm.entity_parachute_crate
[15:25:57] [Client thread/TRACE] [FML/hbm]: Automatically registered mod hbm entity entity_c_item as hbm.entity_c_item
[15:25:57] [Client thread/TRACE] [FML/hbm]: Automatically registered mod hbm entity entity_c_package as hbm.entity_c_package
[15:25:57] [Client thread/TRACE] [FML/hbm]: Automatically registered mod hbm entity entity_delivery_drone as hbm.entity_delivery_drone
[15:25:57] [Client thread/TRACE] [FML/hbm]: Automatically registered mod hbm entity entity_request_drone as hbm.entity_request_drone
[15:25:57] [Client thread/TRACE] [FML/hbm]: Automatically registered mod hbm entity entity_moonstone_blast as hbm.entity_moonstone_blast
[15:25:57] [Client thread/TRACE] [FML/hbm]: Automatically registered mod hbm entity entity_vortex_beam as hbm.entity_vortex_beam
[15:25:57] [Client thread/TRACE] [FML/hbm]: Automatically registered mod hbm entity entity_firework_ball as hbm.entity_firework_ball
[15:25:57] [Client thread/TRACE] [FML/hbm]: Automatically registered mod hbm entity entity_waste_pearl as hbm.entity_waste_pearl
[15:25:57] [Client thread/TRACE] [FML/hbm]: Automatically registered mod hbm entity entity_balls_o_tron as hbm.entity_balls_o_tron
[15:25:57] [Client thread/TRACE] [FML/hbm]: Automatically registered mod hbm entity entity_balls_o_tron_seg as hbm.entity_balls_o_tron_seg
[15:25:57] [Client thread/TRACE] [FML/hbm]: Automatically registered mod hbm entity entity_taintcrawler as hbm.entity_taintcrawler
[15:25:57] [Client thread/TRACE] [FML/hbm]: Automatically registered mod hbm entity entity_rbmk_debris as hbm.entity_rbmk_debris
[15:25:57] [Client thread/TRACE] [FML/hbm]: Automatically registered mod hbm entity entity_ntm_ufo as hbm.entity_ntm_ufo
[15:25:57] [Client thread/TRACE] [FML/hbm]: Automatically registered mod hbm entity entity_digamma_quasar as hbm.entity_digamma_quasar
[15:25:57] [Client thread/TRACE] [FML/hbm]: Automatically registered mod hbm entity entity_digamma_spear as hbm.entity_digamma_spear
[15:25:57] [Client thread/TRACE] [FML/hbm]: Automatically registered mod hbm entity entity_missile_volcano as hbm.entity_missile_volcano
[15:25:57] [Client thread/TRACE] [FML/hbm]: Automatically registered mod hbm entity entity_missile_shuttle as hbm.entity_missile_shuttle
[15:25:57] [Client thread/TRACE] [FML/hbm]: Automatically registered mod hbm entity entity_zirnox_debris as hbm.entity_zirnox_debris
[15:25:57] [Client thread/TRACE] [FML/hbm]: Automatically registered mod hbm entity entity_ntm_ghost as hbm.entity_ntm_ghost
[15:25:57] [Client thread/TRACE] [FML/hbm]: Automatically registered mod hbm entity entity_grenade_dynamite as hbm.entity_grenade_dynamite
[15:25:57] [Client thread/TRACE] [FML/hbm]: Automatically registered mod hbm entity entity_ntm_siege_laser as hbm.entity_ntm_siege_laser
[15:25:57] [Client thread/TRACE] [FML/hbm]: Automatically registered mod hbm entity entity_ntm_tnt_primed as hbm.entity_ntm_tnt_primed
[15:25:57] [Client thread/TRACE] [FML/hbm]: Automatically registered mod hbm entity entity_grenade_bouncy_generic as hbm.entity_grenade_bouncy_generic
[15:25:57] [Client thread/TRACE] [FML/hbm]: Automatically registered mod hbm entity entity_grenade_impact_generic as hbm.entity_grenade_impact_generic
[15:25:57] [Client thread/TRACE] [FML/hbm]: Automatically registered mod hbm entity entity_ntm_cart_crate as hbm.entity_ntm_cart_crate
[15:25:57] [Client thread/TRACE] [FML/hbm]: Automatically registered mod hbm entity entity_ntm_cart_destroyer as hbm.entity_ntm_cart_destroyer
[15:25:57] [Client thread/TRACE] [FML/hbm]: Automatically registered mod hbm entity entity_ntm_cart_ore as hbm.entity_ntm_cart_ore
[15:25:57] [Client thread/TRACE] [FML/hbm]: Automatically registered mod hbm entity entity_ntm_cart_powder as hbm.entity_ntm_cart_powder
[15:25:57] [Client thread/TRACE] [FML/hbm]: Automatically registered mod hbm entity entity_ntm_cart_semtex as hbm.entity_ntm_cart_semtex
[15:25:57] [Client thread/TRACE] [FML/hbm]: Automatically registered mod hbm entity entity_effect_torex as hbm.entity_effect_torex
[15:25:57] [Client thread/TRACE] [FML/hbm]: Automatically registered mod hbm entity entity_artillery_shell as hbm.entity_artillery_shell
[15:25:57] [Client thread/TRACE] [FML/hbm]: Automatically registered mod hbm entity entity_himars as hbm.entity_himars
[15:25:57] [Client thread/TRACE] [FML/hbm]: Automatically registered mod hbm entity entity_stray_cog as hbm.entity_stray_cog
[15:25:57] [Client thread/TRACE] [FML/hbm]: Automatically registered mod hbm entity entity_stray_saw as hbm.entity_stray_saw
[15:25:57] [Client thread/TRACE] [FML/hbm]: Automatically registered mod hbm entity entity_chemthrower_splash as hbm.entity_chemthrower_splash
[15:25:57] [Client thread/TRACE] [FML/hbm]: Automatically registered mod hbm entity entity_mist as hbm.entity_mist
[15:25:57] [Client thread/TRACE] [FML/hbm]: Automatically registered mod hbm entity entity_fire_lingering as hbm.entity_fire_lingering
[15:25:57] [Client thread/TRACE] [FML/hbm]: Automatically registered mod hbm entity entity_acid_bomb as hbm.entity_acid_bomb
[15:25:57] [Client thread/TRACE] [FML/hbm]: Automatically registered mod hbm entity entity_falling_block_nt as hbm.entity_falling_block_nt
[15:25:57] [Client thread/TRACE] [FML/hbm]: Automatically registered mod hbm entity entity_rubber_boat as hbm.entity_rubber_boat
[15:25:57] [Client thread/TRACE] [FML/hbm]: Automatically registered mod hbm entity entity_missile_stealth as hbm.entity_missile_stealth
[15:25:57] [Client thread/TRACE] [FML/hbm]: Automatically registered mod hbm entity entity_coin as hbm.entity_coin
[15:25:57] [Client thread/TRACE] [FML/hbm]: Automatically registered mod hbm entity entity_item_waste as hbm.entity_item_waste
[15:25:57] [Client thread/TRACE] [FML/hbm]: Automatically registered mod hbm entity entity_item_buoyant as hbm.entity_item_buoyant
[15:25:57] [Client thread/TRACE] [FML/hbm]: Automatically registered mod hbm entity entity_ntm_seat_dummy as hbm.entity_ntm_seat_dummy
[15:25:57] [Client thread/TRACE] [FML/hbm]: Automatically registered mod hbm entity entity_ntm_bounding_dummy as hbm.entity_ntm_bounding_dummy
[15:25:57] [Client thread/TRACE] [FML/hbm]: Automatically registered mod hbm entity entity_ntm_cargo_tram as hbm.entity_ntm_cargo_tram
[15:25:57] [Client thread/TRACE] [FML/hbm]: Automatically registered mod hbm entity entity_ntm_cargo_tram_trailer as hbm.entity_ntm_cargo_tram_trailer
[15:25:57] [Client thread/TRACE] [FML/hbm]: Automatically registered mod hbm entity entity_disperser as hbm.entity_disperser
[15:25:57] [Client thread/TRACE] [FML/hbm]: Automatically registered mod hbm entity entity_waypoint as hbm.entity_waypoint
[15:25:57] [Client thread/TRACE] [FML/hbm]: Automatically registered mod hbm entity entity_mob_nuclear_creeper as hbm.entity_mob_nuclear_creeper
[15:25:57] [Client thread/TRACE] [FML/hbm]: Automatically registered mod hbm entity entity_mob_tainted_creeper as hbm.entity_mob_tainted_creeper
[15:25:57] [Client thread/TRACE] [FML/hbm]: Automatically registered mod hbm entity entity_mob_phosgene_creeper as hbm.entity_mob_phosgene_creeper
[15:25:57] [Client thread/TRACE] [FML/hbm]: Automatically registered mod hbm entity entity_mob_volatile_creeper as hbm.entity_mob_volatile_creeper
[15:25:57] [Client thread/TRACE] [FML/hbm]: Automatically registered mod hbm entity entity_mob_gold_creeper as hbm.entity_mob_gold_creeper
[15:25:57] [Client thread/TRACE] [FML/hbm]: Automatically registered mod hbm entity entity_mob_hunter_chopper as hbm.entity_mob_hunter_chopper
[15:25:57] [Client thread/TRACE] [FML/hbm]: Automatically registered mod hbm entity entity_cyber_crab as hbm.entity_cyber_crab
[15:25:57] [Client thread/TRACE] [FML/hbm]: Automatically registered mod hbm entity entity_tesla_crab as hbm.entity_tesla_crab
[15:25:57] [Client thread/TRACE] [FML/hbm]: Automatically registered mod hbm entity entity_taint_crab as hbm.entity_taint_crab
[15:25:57] [Client thread/TRACE] [FML/hbm]: Automatically registered mod hbm entity entity_mob_mask_man as hbm.entity_mob_mask_man
[15:25:57] [Client thread/TRACE] [FML/hbm]: Automatically registered mod hbm entity entity_fucc_a_ducc as hbm.entity_fucc_a_ducc
[15:25:57] [Client thread/TRACE] [FML/hbm]: Automatically registered mod hbm entity entity_elder_one as hbm.entity_elder_one
[15:25:57] [Client thread/TRACE] [FML/hbm]: Automatically registered mod hbm entity entity_pigeon as hbm.entity_pigeon
[15:25:57] [Client thread/TRACE] [FML/hbm]: Automatically registered mod hbm entity entity_ntm_fbi as hbm.entity_ntm_fbi
[15:25:57] [Client thread/TRACE] [FML/hbm]: Automatically registered mod hbm entity entity_ntm_fbi_drone as hbm.entity_ntm_fbi_drone
[15:25:57] [Client thread/TRACE] [FML/hbm]: Automatically registered mod hbm entity entity_ntm_radiation_blaze as hbm.entity_ntm_radiation_blaze
[15:25:57] [Client thread/TRACE] [FML/hbm]: Automatically registered mod hbm entity entity_glyphid as hbm.entity_glyphid
[15:25:57] [Client thread/TRACE] [FML/hbm]: Automatically registered mod hbm entity entity_glyphid_brawler as hbm.entity_glyphid_brawler
[15:25:57] [Client thread/TRACE] [FML/hbm]: Automatically registered mod hbm entity entity_glyphid_behemoth as hbm.entity_glyphid_behemoth
[15:25:57] [Client thread/TRACE] [FML/hbm]: Automatically registered mod hbm entity entity_glyphid_brenda as hbm.entity_glyphid_brenda
[15:25:57] [Client thread/TRACE] [FML/hbm]: Automatically registered mod hbm entity entity_glyphid_bombardier as hbm.entity_glyphid_bombardier
[15:25:57] [Client thread/TRACE] [FML/hbm]: Automatically registered mod hbm entity entity_glyphid_blaster as hbm.entity_glyphid_blaster
[15:25:57] [Client thread/TRACE] [FML/hbm]: Automatically registered mod hbm entity entity_glyphid_scout as hbm.entity_glyphid_scout
[15:25:57] [Client thread/TRACE] [FML/hbm]: Automatically registered mod hbm entity entity_glyphid_nuclear as hbm.entity_glyphid_nuclear
[15:25:57] [Client thread/TRACE] [FML/hbm]: Automatically registered mod hbm entity entity_glyphid_digger as hbm.entity_glyphid_digger
[15:25:57] [Client thread/TRACE] [FML/hbm]: Automatically registered mod hbm entity entity_plastic_bag as hbm.entity_plastic_bag
[15:25:57] [Client thread/TRACE] [FML/hbm]: Automatically registered mod hbm entity entity_parasite_maggot as hbm.entity_parasite_maggot
[15:25:57] [Client thread/TRACE] [FML/hbm]: Automatically registered mod hbm entity entity_ntm_test_dummy as hbm.entity_ntm_test_dummy
[15:25:57] [Client thread/TRACE] [FML/hbm]: Automatically registered mod hbm entity entity_ntm_undead_soldier as hbm.entity_ntm_undead_soldier
[15:25:57] [Client thread/TRACE] [hbm/hbm]: Sent event FMLPreInitializationEvent to mod hbm
[15:25:57] [Client thread/DEBUG] [FML/]: Bar Step: PreInitialization - Hbm's Nuclear Tech took 7.281s
[15:25:57] [Client thread/TRACE] [hidenames/hidenames]: Sending event FMLPreInitializationEvent to mod hidenames
[15:25:57] [Client thread/TRACE] [hidenames/hidenames]: Sent event FMLPreInitializationEvent to mod hidenames
[15:25:57] [Client thread/DEBUG] [FML/]: Bar Step: PreInitialization - Hide Names took 0.003s
[15:25:57] [Client thread/TRACE] [mcheli/mcheli]: Sending event FMLPreInitializationEvent to mod mcheli
[15:25:58] [Client thread/TRACE] [FML/mcheli]: Automatically registered mod mcheli entity MCH.E.Seat as mcheli.MCH.E.Seat
[15:25:58] [Client thread/TRACE] [FML/mcheli]: Automatically registered mod mcheli entity MCH.E.Heli as mcheli.MCH.E.Heli
[15:25:58] [Client thread/TRACE] [FML/mcheli]: Automatically registered mod mcheli entity MCH.E.GLTD as mcheli.MCH.E.GLTD
[15:25:58] [Client thread/TRACE] [FML/mcheli]: Automatically registered mod mcheli entity MCH.E.Plane as mcheli.MCH.E.Plane
[15:25:58] [Client thread/TRACE] [FML/mcheli]: Automatically registered mod mcheli entity MCH.E.Chain as mcheli.MCH.E.Chain
[15:25:58] [Client thread/TRACE] [FML/mcheli]: Automatically registered mod mcheli entity MCH.E.PSeat as mcheli.MCH.E.PSeat
[15:25:58] [Client thread/TRACE] [FML/mcheli]: Automatically registered mod mcheli entity MCH.E.Parachute as mcheli.MCH.E.Parachute
[15:25:58] [Client thread/TRACE] [FML/mcheli]: Automatically registered mod mcheli entity MCH.E.Container as mcheli.MCH.E.Container
[15:25:58] [Client thread/TRACE] [FML/mcheli]: Automatically registered mod mcheli entity MCH.E.Vehicle as mcheli.MCH.E.Vehicle
[15:25:58] [Client thread/TRACE] [FML/mcheli]: Automatically registered mod mcheli entity MCH.E.UavStation as mcheli.MCH.E.UavStation
[15:25:58] [Client thread/DEBUG] [FML/mcheli]: Skipping automatic mod mcheli entity registration for already registered class mcheli.aircraft.MCH_EntityHitBox
[15:25:58] [Client thread/TRACE] [FML/mcheli]: Automatically registered mod mcheli entity MCH.E.Hide as mcheli.MCH.E.Hide
[15:25:58] [Client thread/TRACE] [FML/mcheli]: Automatically registered mod mcheli entity MCH.E.Tank as mcheli.MCH.E.Tank
[15:25:58] [Client thread/TRACE] [FML/mcheli]: Automatically registered mod mcheli entity MCH.E.Rocket as mcheli.MCH.E.Rocket
[15:25:58] [Client thread/TRACE] [FML/mcheli]: Automatically registered mod mcheli entity MCH.E.TvMissle as mcheli.MCH.E.TvMissle
[15:25:58] [Client thread/TRACE] [FML/mcheli]: Automatically registered mod mcheli entity MCH.E.Bullet as mcheli.MCH.E.Bullet
[15:25:58] [Client thread/TRACE] [FML/mcheli]: Automatically registered mod mcheli entity MCH.E.A10 as mcheli.MCH.E.A10
[15:25:58] [Client thread/TRACE] [FML/mcheli]: Automatically registered mod mcheli entity MCH.E.AAM as mcheli.MCH.E.AAM
[15:25:58] [Client thread/TRACE] [FML/mcheli]: Automatically registered mod mcheli entity MCH.E.ASM as mcheli.MCH.E.ASM
[15:25:58] [Client thread/TRACE] [FML/mcheli]: Automatically registered mod mcheli entity MCH.E.Torpedo as mcheli.MCH.E.Torpedo
[15:25:58] [Client thread/TRACE] [FML/mcheli]: Automatically registered mod mcheli entity MCH.E.ATMissle as mcheli.MCH.E.ATMissle
[15:25:58] [Client thread/TRACE] [FML/mcheli]: Automatically registered mod mcheli entity MCH.E.Bomb as mcheli.MCH.E.Bomb
[15:25:58] [Client thread/TRACE] [FML/mcheli]: Automatically registered mod mcheli entity MCH.E.MkRocket as mcheli.MCH.E.MkRocket
[15:25:58] [Client thread/TRACE] [FML/mcheli]: Automatically registered mod mcheli entity MCH.E.DispItem as mcheli.MCH.E.DispItem
[15:25:58] [Client thread/TRACE] [FML/mcheli]: Automatically registered mod mcheli entity MCH.E.Flare as mcheli.MCH.E.Flare
[15:25:58] [Client thread/TRACE] [FML/mcheli]: Automatically registered mod mcheli entity MCH.E.Throwable as mcheli.MCH.E.Throwable
[15:25:58] [Client thread/TRACE] [FML/mcheli]: Automatically registered mod mcheli entity MCH.E.Gunner as mcheli.MCH.E.Gunner
[15:25:58] [Client thread/TRACE] [FML/mcheli]: Automatically registered mod mcheli entity MCH.E.NPC as mcheli.MCH.E.NPC
[15:25:58] [Client thread/TRACE] [FML/mcheli]: Automatically registered mod mcheli entity MCH.E.LockBox as mcheli.MCH.E.LockBox
[15:25:58] [Client thread/TRACE] [FML/mcheli]: Automatically registered mod mcheli entity MCH.E.Chaff as mcheli.MCH.E.Chaff
[15:25:58] [Client thread/TRACE] [FML/mcheli]: Automatically registered mod mcheli entity MCH.E.Nuke as mcheli.MCH.E.Nuke
[15:25:58] [Client thread/INFO] [STDOUT/mcheli]: [mcheli.MCH_ClientProxy:registerModels:215]: Starting multithreaded model loading
[15:25:58] [pool-7-thread-6/INFO] [STDOUT/mcheli]: [mcheli.MCH_ClientProxy:registerModels_Throwable:77]: Loading throwable
[15:25:58] [pool-7-thread-6/INFO] [STDOUT/mcheli]: [mcheli.MCH_ClientProxy:registerModels_Throwable:87]: ERROR: No model found for throwable handflare
[15:25:58] [pool-7-thread-6/INFO] [STDOUT/mcheli]: [mcheli.MCH_ClientProxy:registerModels_Throwable:84]: Adding model for m18_green
[15:25:58] [pool-7-thread-6/INFO] [STDOUT/mcheli]: [mcheli.MCH_ClientProxy:registerModels_Throwable:84]: Adding model for m18_red
[15:25:58] [pool-7-thread-6/INFO] [STDOUT/mcheli]: [mcheli.MCH_ClientProxy:registerModels_Throwable:84]: Adding model for m18_violet
[15:25:58] [pool-7-thread-6/INFO] [STDOUT/mcheli]: [mcheli.MCH_ClientProxy:registerModels_Throwable:87]: ERROR: No model found for throwable m18_white
[15:25:58] [pool-7-thread-6/INFO] [STDOUT/mcheli]: [mcheli.MCH_ClientProxy:registerModels_Throwable:84]: Adding model for m18_yellow
[15:25:58] [pool-7-thread-6/INFO] [STDOUT/mcheli]: [mcheli.MCH_ClientProxy:registerModels_Throwable:87]: ERROR: No model found for throwable m83
[15:25:58] [pool-7-thread-6/INFO] [STDOUT/mcheli]: [mcheli.MCH_ClientProxy:registerModels_Throwable:87]: ERROR: No model found for throwable mine
[15:25:58] [pool-7-thread-6/INFO] [STDOUT/mcheli]: [mcheli.MCH_ClientProxy:registerModels_Throwable:87]: ERROR: No model found for throwable tanksmoke
[15:25:58] [pool-7-thread-6/INFO] [STDOUT/mcheli]: [mcheli.MCH_ClientProxy:registerModels_Throwable:87]: ERROR: No model found for throwable tank_smoke
[15:25:58] [pool-7-thread-6/INFO] [STDOUT/mcheli]: [mcheli.multithread.MultiThreadModelManager:completion:88]: Successfully registered throwable models
[15:25:58] [Client thread/TRACE] [mcheli/mcheli]: Sent event FMLPreInitializationEvent to mod mcheli
[15:25:58] [Client thread/DEBUG] [FML/]: Bar Step: PreInitialization - MCH-Reforged took 0.837s
[15:25:58] [Client thread/TRACE] [mchrmixin/mchrmixin]: Sending event FMLPreInitializationEvent to mod mchrmixin
[15:25:58] [Client thread/TRACE] [mchrmixin/mchrmixin]: Sent event FMLPreInitializationEvent to mod mchrmixin
[15:25:58] [Client thread/DEBUG] [FML/]: Bar Step: PreInitialization - mchrmixin took 0.002s
[15:25:58] [Client thread/TRACE] [qemenu/qemenu]: Sending event FMLPreInitializationEvent to mod qemenu
[15:25:58] [Client thread/TRACE] [qemenu/qemenu]: Sent event FMLPreInitializationEvent to mod qemenu
[15:25:58] [Client thread/DEBUG] [FML/]: Bar Step: PreInitialization - Quick Easy Menu took 0.014s
[15:25:58] [Client thread/TRACE] [signpic/signpic]: Sending event FMLPreInitializationEvent to mod signpic
[15:25:58] [Client thread/TRACE] [signpic/signpic]: Sent event FMLPreInitializationEvent to mod signpic
[15:25:58] [Client thread/DEBUG] [FML/]: Bar Step: PreInitialization - SignPicture took 0.141s
[15:25:58] [Client thread/TRACE] [stepup/stepup]: Sending event FMLPreInitializationEvent to mod stepup
[15:25:58] [Client thread/TRACE] [stepup/stepup]: Sent event FMLPreInitializationEvent to mod stepup
[15:25:58] [Client thread/DEBUG] [FML/]: Bar Step: PreInitialization - StepUp took 0.012s
[15:25:58] [Client thread/TRACE] [vexview/vexview]: Sending event FMLPreInitializationEvent to mod vexview
[15:25:58] [Client thread/TRACE] [vexview/vexview]: Sent event FMLPreInitializationEvent to mod vexview
[15:25:58] [Client thread/DEBUG] [FML/]: Bar Step: PreInitialization - VexView took 0.204s
[15:25:58] [Client thread/TRACE] [XaeroMinimap/XaeroMinimap]: Sending event FMLPreInitializationEvent to mod XaeroMinimap
[15:25:58] [Client thread/TRACE] [XaeroMinimap/XaeroMinimap]: Sent event FMLPreInitializationEvent to mod XaeroMinimap
[15:25:58] [Client thread/DEBUG] [FML/]: Bar Step: PreInitialization - Xaero's Minimap took 0.008s
[15:25:58] [Client thread/TRACE] [XaeroWorldMap/XaeroWorldMap]: Sending event FMLPreInitializationEvent to mod XaeroWorldMap
[15:25:58] [Client thread/TRACE] [XaeroWorldMap/XaeroWorldMap]: Sent event FMLPreInitializationEvent to mod XaeroWorldMap
[15:25:58] [Client thread/DEBUG] [FML/]: Bar Step: PreInitialization - Xaero's World Map took 0.002s
[15:25:58] [Client thread/DEBUG] [FML/]: Bar Finished: PreInitialization took 11.832s
[15:25:58] [Client thread/INFO] [FML/]: Applying holder lookups
[15:25:58] [Client thread/INFO] [FML/]: Holder lookups applied
[15:25:58] [Client thread/INFO] [FML/]: Injecting itemstacks
[15:25:58] [Client thread/INFO] [FML/]: Itemstack injection complete
[15:25:58] [Client thread/DEBUG] [FML/]: Bar Finished: Loading Resource - TextureManager took 0.000s
[15:25:58] [Sound Library Loader/INFO] [STDOUT/]: [paulscode.sound.SoundSystemLogger:message:69]: 
[15:25:58] [Sound Library Loader/INFO] [STDOUT/]: [paulscode.sound.SoundSystemLogger:message:69]: Starting up SoundSystem...
[15:25:59] [Thread-9/INFO] [STDOUT/]: [paulscode.sound.SoundSystemLogger:message:69]: Initializing LWJGL OpenAL
[15:25:59] [Thread-9/INFO] [STDOUT/]: [paulscode.sound.SoundSystemLogger:message:69]:     (The LWJGL binding of OpenAL.  For more information, see http://www.lwjgl.org)
[15:25:59] [Thread-9/INFO] [STDOUT/]: [paulscode.sound.SoundSystemLogger:message:69]: OpenAL initialized.
[15:25:59] [Sound Library Loader/INFO] [STDOUT/]: [paulscode.sound.SoundSystemLogger:message:69]: 
[15:25:59] [Client thread/DEBUG] [FML/]: Bar Finished: Loading Resource - SoundHandler took 0.956s
[15:25:59] [Client thread/DEBUG] [FML/]: Bar Finished: Loading Resource - FontRenderer took 0.014s
[15:25:59] [Client thread/DEBUG] [FML/]: Bar Finished: Loading Resource - FontRenderer took 0.001s
[15:25:59] [Client thread/DEBUG] [FML/]: Bar Finished: Loading Resource - GrassColorReloadListener took 0.006s
[15:25:59] [Client thread/DEBUG] [FML/]: Bar Finished: Loading Resource - FoliageColorReloadListener took 0.006s
[15:25:59] [Client thread/DEBUG] [FML/]: Bar Step: Rendering Setup - Loading Render Manager took 0.000s
[15:25:59] [pool-7-thread-5/INFO] [STDOUT/mcheli]: [mcheli.multithread.MultiThreadModelManager:completion:88]: Successfully registered bullet models
[15:25:59] [Client thread/DEBUG] [mixin/]: Mixing angelica.zoom.MixinMouseFilter from mixins.angelica.early.json into net.minecraft.util.MouseFilter
[15:25:59] [Client thread/TRACE] [mixin/]: Added class metadata for com/gtnewhorizons/angelica/zoom/IMouseFilterExt to metadata cache
[15:25:59] [Client thread/DEBUG] [FML/]: Bar Finished: Loading Resource - EntityRenderer took 0.000s
[15:25:59] [Client thread/DEBUG] [FML/]: Bar Step: Rendering Setup - Loading Entity Renderer took 0.015s
[15:25:59] [Client thread/DEBUG] [FML/]: Bar Step: Rendering Setup - Loading GL properties took 0.014s
[15:25:59] [Client thread/DEBUG] [FML/]: Bar Step: Rendering Setup - Render Global instance took 0.054s
[15:25:59] [Client thread/INFO] [MCPatcherForge/]: [Texture Pack/INFO]: initializing Tilesheet API...
[15:26:00] [Client thread/DEBUG] [FML/]: Bar Step: Rendering Setup - Building Blocks Texture took 0.196s
[15:26:00] [Client thread/DEBUG] [FML/]: Bar Step: Rendering Setup - Anisotropy and Mipmaps took 0.000s
[15:26:00] [Client thread/INFO] [MCPatcherForge/]: [Tilesheet/SEVERE]: beforeChange was not called, invoking directly
[15:26:00] [Client thread/DEBUG] [FML/]: Bar Finished: Texture stitching - missingno took 0.001s
[15:26:00] [Client thread/DEBUG] [FML/]: Bar Finished: Texture creation took 0.007s
[15:26:00] [Client thread/DEBUG] [FML/]: Bar Step: Rendering Setup - Loading Blocks Texture took 0.232s
[15:26:00] [pool-7-thread-4/INFO] [STDOUT/mcheli]: [mcheli.multithread.MultiThreadModelManager:completion:88]: Successfully registered vehicle models
[15:26:01] [Client thread/DEBUG] [FML/]: Bar Finished: Texture stitching - missingno took 0.000s
[15:26:01] [Client thread/DEBUG] [FML/]: Bar Finished: Texture creation took 0.004s
[15:26:01] [Client thread/DEBUG] [FML/]: Bar Step: Rendering Setup - Loading Items Texture took 1.512s
[15:26:01] [Client thread/DEBUG] [FML/]: Bar Step: Rendering Setup - Viewport took 0.001s
[15:26:01] [Client thread/DEBUG] [FML/]: Bar Finished: Rendering Setup took 2.024s
[15:26:01] [Client thread/TRACE] [mcp/mcp]: Sending event FMLInitializationEvent to mod mcp
[15:26:01] [Client thread/TRACE] [mcp/mcp]: Sent event FMLInitializationEvent to mod mcp
[15:26:01] [Client thread/DEBUG] [FML/]: Bar Step: Initialization - Minecraft Coder Pack took 0.000s
[15:26:01] [Client thread/TRACE] [FML/FML]: Sending event FMLInitializationEvent to mod FML
[15:26:01] [Client thread/TRACE] [FML/FML]: Sent event FMLInitializationEvent to mod FML
[15:26:01] [Client thread/DEBUG] [FML/]: Bar Step: Initialization - Forge Mod Loader took 0.000s
[15:26:01] [Client thread/TRACE] [Forge/Forge]: Sending event FMLInitializationEvent to mod Forge
[15:26:01] [Client thread/TRACE] [Forge/Forge]: Sent event FMLInitializationEvent to mod Forge
[15:26:01] [Client thread/DEBUG] [FML/]: Bar Step: Initialization - Minecraft Forge took 0.000s
[15:26:01] [Client thread/TRACE] [InputFix/InputFix]: Sending event FMLInitializationEvent to mod InputFix
[15:26:01] [Client thread/TRACE] [InputFix/InputFix]: Sent event FMLInitializationEvent to mod InputFix
[15:26:01] [Client thread/DEBUG] [FML/]: Bar Step: Initialization - InputFix took 0.000s
[15:26:01] [Client thread/TRACE] [UnicodeFontExtensionCore/UnicodeFontExtensionCore]: Sending event FMLInitializationEvent to mod UnicodeFontExtensionCore
[15:26:01] [Client thread/TRACE] [UnicodeFontExtensionCore/UnicodeFontExtensionCore]: Sent event FMLInitializationEvent to mod UnicodeFontExtensionCore
[15:26:01] [Client thread/DEBUG] [FML/]: Bar Step: Initialization - Unicode Font Extension Core took 0.000s
[15:26:01] [Client thread/TRACE] [UraniumPlus/UraniumPlus]: Sending event FMLInitializationEvent to mod UraniumPlus
[15:26:01] [Client thread/TRACE] [UraniumPlus/UraniumPlus]: Sent event FMLInitializationEvent to mod UraniumPlus
[15:26:01] [Client thread/DEBUG] [FML/]: Bar Step: Initialization - Added title and actionbar support for client and server took 0.000s
[15:26:01] [Client thread/TRACE] [xaerominimap_core/xaerominimap_core]: Sending event FMLInitializationEvent to mod xaerominimap_core
[15:26:01] [Client thread/TRACE] [xaerominimap_core/xaerominimap_core]: Sent event FMLInitializationEvent to mod xaerominimap_core
[15:26:01] [Client thread/DEBUG] [FML/]: Bar Step: Initialization - XaeroMinimapCore took 0.000s
[15:26:01] [Client thread/TRACE] [xaeroworldmap_core/xaeroworldmap_core]: Sending event FMLInitializationEvent to mod xaeroworldmap_core
[15:26:01] [Client thread/TRACE] [xaeroworldmap_core/xaeroworldmap_core]: Sent event FMLInitializationEvent to mod xaeroworldmap_core
[15:26:01] [Client thread/DEBUG] [FML/]: Bar Step: Initialization - XaeroWorldMapCore took 0.000s
[15:26:01] [Client thread/TRACE] [GTNHLib Core/GTNHLib Core]: Sending event FMLInitializationEvent to mod GTNHLib Core
[15:26:01] [Client thread/TRACE] [GTNHLib Core/GTNHLib Core]: Sent event FMLInitializationEvent to mod GTNHLib Core
[15:26:01] [Client thread/DEBUG] [FML/]: Bar Step: Initialization - GTNHLib Core took 0.000s
[15:26:01] [Client thread/TRACE] [UnicodeFontExtension/UnicodeFontExtension]: Sending event FMLInitializationEvent to mod UnicodeFontExtension
[15:26:01] [Client thread/TRACE] [UnicodeFontExtension/UnicodeFontExtension]: Sent event FMLInitializationEvent to mod UnicodeFontExtension
[15:26:01] [Client thread/DEBUG] [FML/]: Bar Step: Initialization - Unicode Font Extension took 0.018s
[15:26:01] [Client thread/TRACE] [unimixins/unimixins]: Sending event FMLInitializationEvent to mod unimixins
[15:26:01] [Client thread/TRACE] [unimixins/unimixins]: Sent event FMLInitializationEvent to mod unimixins
[15:26:01] [Client thread/DEBUG] [FML/]: Bar Step: Initialization - UniMixins took 0.000s
[15:26:01] [Client thread/TRACE] [unimixins-mixin/unimixins-mixin]: Sending event FMLInitializationEvent to mod unimixins-mixin
[15:26:01] [Client thread/TRACE] [unimixins-mixin/unimixins-mixin]: Sent event FMLInitializationEvent to mod unimixins-mixin
[15:26:01] [Client thread/DEBUG] [FML/]: Bar Step: Initialization - UniMixins: Mixin (UniMix) took 0.000s
[15:26:01] [Client thread/TRACE] [unimixins-compat/unimixins-compat]: Sending event FMLInitializationEvent to mod unimixins-compat
[15:26:01] [Client thread/TRACE] [unimixins-compat/unimixins-compat]: Sent event FMLInitializationEvent to mod unimixins-compat
[15:26:01] [Client thread/DEBUG] [FML/]: Bar Step: Initialization - UniMixins: Compatibility took 0.000s
[15:26:01] [Client thread/TRACE] [mixingasm/mixingasm]: Sending event FMLInitializationEvent to mod mixingasm
[15:26:01] [Client thread/TRACE] [mixingasm/mixingasm]: Sent event FMLInitializationEvent to mod mixingasm
[15:26:01] [Client thread/DEBUG] [FML/]: Bar Step: Initialization - UniMixins: Mixingasm took 0.000s
[15:26:01] [Client thread/TRACE] [spongemixins/spongemixins]: Sending event FMLInitializationEvent to mod spongemixins
[15:26:01] [Client thread/TRACE] [spongemixins/spongemixins]: Sent event FMLInitializationEvent to mod spongemixins
[15:26:01] [Client thread/DEBUG] [FML/]: Bar Step: Initialization - UniMixins: SpongeMixins took 0.000s
[15:26:01] [Client thread/TRACE] [mixinbooterlegacy/mixinbooterlegacy]: Sending event FMLInitializationEvent to mod mixinbooterlegacy
[15:26:01] [Client thread/TRACE] [mixinbooterlegacy/mixinbooterlegacy]: Sent event FMLInitializationEvent to mod mixinbooterlegacy
[15:26:01] [Client thread/DEBUG] [FML/]: Bar Step: Initialization - UniMixins: MixinBooterLegacy took 0.000s
[15:26:01] [Client thread/TRACE] [gasstation/gasstation]: Sending event FMLInitializationEvent to mod gasstation
[15:26:01] [Client thread/TRACE] [gasstation/gasstation]: Sent event FMLInitializationEvent to mod gasstation
[15:26:01] [Client thread/DEBUG] [FML/]: Bar Step: Initialization - UniMixins: GasStation took 0.000s
[15:26:01] [Client thread/TRACE] [gtnhmixins/gtnhmixins]: Sending event FMLInitializationEvent to mod gtnhmixins
[15:26:01] [Client thread/TRACE] [gtnhmixins/gtnhmixins]: Sent event FMLInitializationEvent to mod gtnhmixins
[15:26:01] [Client thread/DEBUG] [FML/]: Bar Step: Initialization - UniMixins: GTNHMixins took 0.000s
[15:26:01] [Client thread/TRACE] [mixinextras/mixinextras]: Sending event FMLInitializationEvent to mod mixinextras
[15:26:01] [Client thread/TRACE] [mixinextras/mixinextras]: Sent event FMLInitializationEvent to mod mixinextras
[15:26:01] [Client thread/DEBUG] [FML/]: Bar Step: Initialization - UniMixins: MixinExtras took 0.000s
[15:26:01] [Client thread/TRACE] [worldedit/worldedit]: Sending event FMLInitializationEvent to mod worldedit
[15:26:01] [Client thread/TRACE] [worldedit/worldedit]: Sent event FMLInitializationEvent to mod worldedit
[15:26:01] [Client thread/DEBUG] [FML/]: Bar Step: Initialization - WorldEdit took 0.003s
[15:26:01] [Client thread/TRACE] [embeddium/embeddium]: Sending event FMLInitializationEvent to mod embeddium
[15:26:01] [Client thread/TRACE] [embeddium/embeddium]: Sent event FMLInitializationEvent to mod embeddium
[15:26:01] [Client thread/DEBUG] [FML/]: Bar Step: Initialization - Embeddium took 0.000s
[15:26:01] [Client thread/TRACE] [gtnhlib/gtnhlib]: Sending event FMLInitializationEvent to mod gtnhlib
[15:26:01] [Client thread/TRACE] [gtnhlib/gtnhlib]: Sent event FMLInitializationEvent to mod gtnhlib
[15:26:01] [Client thread/DEBUG] [FML/]: Bar Step: Initialization - GTNH Lib took 0.029s
[15:26:01] [Client thread/TRACE] [angelica/angelica]: Sending event FMLInitializationEvent to mod angelica
[15:26:02] [Client thread/TRACE] [angelica/angelica]: Sent event FMLInitializationEvent to mod angelica
[15:26:02] [Client thread/DEBUG] [FML/]: Bar Step: Initialization - Angelica took 0.034s
[15:26:02] [Client thread/TRACE] [notfine/notfine]: Sending event FMLInitializationEvent to mod notfine
[15:26:02] [Client thread/TRACE] [notfine/notfine]: Sent event FMLInitializationEvent to mod notfine
[15:26:02] [Client thread/DEBUG] [FML/]: Bar Step: Initialization - NotFine took 0.001s
[15:26:02] [Client thread/TRACE] [mcpatcherforge/mcpatcherforge]: Sending event FMLInitializationEvent to mod mcpatcherforge
[15:26:02] [Client thread/TRACE] [mcpatcherforge/mcpatcherforge]: Sent event FMLInitializationEvent to mod mcpatcherforge
[15:26:02] [Client thread/DEBUG] [FML/]: Bar Step: Initialization - MCPatcherForge took 0.000s
[15:26:02] [Client thread/TRACE] [ArchitectureCraft/ArchitectureCraft]: Sending event FMLInitializationEvent to mod ArchitectureCraft
[15:26:02] [Client thread/TRACE] [ArchitectureCraft/ArchitectureCraft]: Sent event FMLInitializationEvent to mod ArchitectureCraft
[15:26:02] [Client thread/DEBUG] [FML/]: Bar Step: Initialization - ArchitectureCraft took 0.005s
[15:26:02] [Client thread/TRACE] [coretweaks/coretweaks]: Sending event FMLInitializationEvent to mod coretweaks
[15:26:02] [Client thread/TRACE] [coretweaks/coretweaks]: Sent event FMLInitializationEvent to mod coretweaks
[15:26:02] [Client thread/DEBUG] [FML/]: Bar Step: Initialization - CoreTweaks took 0.003s
[15:26:02] [Client thread/TRACE] [CustomMainMenu/CustomMainMenu]: Sending event FMLInitializationEvent to mod CustomMainMenu
[15:26:02] [Client thread/TRACE] [CustomMainMenu/CustomMainMenu]: Sent event FMLInitializationEvent to mod CustomMainMenu
[15:26:02] [Client thread/DEBUG] [FML/]: Bar Step: Initialization - Custom Main Menu took 0.000s
[15:26:02] [Client thread/TRACE] [damagemark/damagemark]: Sending event FMLInitializationEvent to mod damagemark
[15:26:02] [Client thread/TRACE] [damagemark/damagemark]: Sent event FMLInitializationEvent to mod damagemark
[15:26:02] [Client thread/DEBUG] [FML/]: Bar Step: Initialization - DamageMark took 0.010s
[15:26:02] [Client thread/TRACE] [erde/erde]: Sending event FMLInitializationEvent to mod erde
[15:26:02] [Client thread/TRACE] [erde/erde]: Sent event FMLInitializationEvent to mod erde
[15:26:02] [Client thread/DEBUG] [FML/]: Bar Step: Initialization - Entity Render Extender took 0.000s
[15:26:02] [Client thread/TRACE] [flansmod/flansmod]: Sending event FMLInitializationEvent to mod flansmod
[15:26:02] [Client thread/INFO] [FMUR/flansmod]: Initializing Flan's Mod.
[15:26:02] [Client thread/INFO] [FMUR/flansmod]: TCP 服务器已启动，截图功能开启
[15:26:02] [Client thread/INFO] [FMUR/flansmod]: Tried to register com.flansmod.common.network.PacketDriveableKeyHeld packet class twice.
[15:26:02] [Client thread/INFO] [FMUR/flansmod]: Failed to add recipe for : dmrsilencer
[15:26:02] [Client thread/INFO] [FMUR/flansmod]: Loaded recipes.
[15:26:02] [Client thread/DEBUG] [FML/flansmod]: Skipping automatic mod flansmod entity registration for already registered class com.flansmod.common.teams.EntityFlagpole
[15:26:02] [Client thread/DEBUG] [FML/flansmod]: Skipping automatic mod flansmod entity registration for already registered class com.flansmod.common.teams.EntityFlag
[15:26:02] [Client thread/DEBUG] [FML/flansmod]: Skipping automatic mod flansmod entity registration for already registered class com.flansmod.common.teams.EntityTeamItem
[15:26:02] [Client thread/DEBUG] [FML/flansmod]: Skipping automatic mod flansmod entity registration for already registered class com.flansmod.common.teams.EntityGunItem
[15:26:02] [Client thread/DEBUG] [FML/flansmod]: Skipping automatic mod flansmod entity registration for already registered class com.flansmod.common.teams.EntityConnectingLine
[15:26:02] [Client thread/DEBUG] [FML/flansmod]: Skipping automatic mod flansmod entity registration for already registered class com.flansmod.common.driveables.EntityPlane
[15:26:02] [Client thread/DEBUG] [FML/flansmod]: Skipping automatic mod flansmod entity registration for already registered class com.flansmod.common.driveables.EntityVehicle
[15:26:02] [Client thread/DEBUG] [FML/flansmod]: Skipping automatic mod flansmod entity registration for already registered class com.flansmod.common.driveables.EntitySeat
[15:26:02] [Client thread/DEBUG] [FML/flansmod]: Skipping automatic mod flansmod entity registration for already registered class com.flansmod.common.driveables.EntityWheel
[15:26:02] [Client thread/DEBUG] [FML/flansmod]: Skipping automatic mod flansmod entity registration for already registered class com.flansmod.common.tools.EntityParachute
[15:26:02] [Client thread/DEBUG] [FML/flansmod]: Skipping automatic mod flansmod entity registration for already registered class com.flansmod.common.driveables.mechas.EntityMecha
[15:26:02] [Client thread/DEBUG] [FML/flansmod]: Skipping automatic mod flansmod entity registration for already registered class com.flansmod.common.mob.EntitySoldier
[15:26:02] [Client thread/DEBUG] [FML/flansmod]: Skipping automatic mod flansmod entity registration for already registered class com.flansmod.common.mob.EntityCorpse
[15:26:02] [Client thread/DEBUG] [FML/flansmod]: Skipping automatic mod flansmod entity registration for already registered class com.flansmod.common.guns.EntityBullet
[15:26:02] [Client thread/DEBUG] [FML/flansmod]: Skipping automatic mod flansmod entity registration for already registered class com.flansmod.common.guns.EntityGrenade
[15:26:02] [Client thread/DEBUG] [FML/flansmod]: Skipping automatic mod flansmod entity registration for already registered class com.flansmod.common.guns.EntityCLOSMissile
[15:26:02] [Client thread/DEBUG] [FML/flansmod]: Skipping automatic mod flansmod entity registration for already registered class com.flansmod.common.guns.EntityMG
[15:26:02] [Client thread/DEBUG] [FML/flansmod]: Skipping automatic mod flansmod entity registration for already registered class com.flansmod.common.guns.EntityAAGun
[15:26:02] [Client thread/INFO] [FMUR/flansmod]: Loading complete.
[15:26:02] [Client thread/TRACE] [flansmod/flansmod]: Sent event FMLInitializationEvent to mod flansmod
[15:26:02] [Client thread/DEBUG] [FML/]: Bar Step: Initialization - Flan's Mod Ultimate (Stability Edition) took 0.046s
[15:26:02] [Client thread/TRACE] [hbm/hbm]: Sending event FMLInitializationEvent to mod hbm
[15:26:02] [Client thread/TRACE] [hbm/hbm]: Sent event FMLInitializationEvent to mod hbm
[15:26:02] [Client thread/DEBUG] [FML/]: Bar Step: Initialization - Hbm's Nuclear Tech took 0.009s
[15:26:02] [Client thread/TRACE] [hidenames/hidenames]: Sending event FMLInitializationEvent to mod hidenames
[15:26:02] [Client thread/INFO] [STDOUT/hidenames]: [com.tlf.HN.event.HNEventHandlerCPW:<init>:24]: HN Event Handler started on side CLIENT
[15:26:02] [Client thread/TRACE] [hidenames/hidenames]: Sent event FMLInitializationEvent to mod hidenames
[15:26:02] [Client thread/DEBUG] [FML/]: Bar Step: Initialization - Hide Names took 0.004s
[15:26:02] [Client thread/TRACE] [mcheli/mcheli]: Sending event FMLInitializationEvent to mod mcheli
[15:26:02] [Client thread/TRACE] [mcheli/mcheli]: Sent event FMLInitializationEvent to mod mcheli
[15:26:02] [Client thread/DEBUG] [FML/]: Bar Step: Initialization - MCH-Reforged took 0.013s
[15:26:02] [Client thread/TRACE] [mchrmixin/mchrmixin]: Sending event FMLInitializationEvent to mod mchrmixin
[15:26:02] [Client thread/TRACE] [mchrmixin/mchrmixin]: Sent event FMLInitializationEvent to mod mchrmixin
[15:26:02] [Client thread/DEBUG] [FML/]: Bar Step: Initialization - mchrmixin took 0.000s
[15:26:02] [Client thread/TRACE] [qemenu/qemenu]: Sending event FMLInitializationEvent to mod qemenu
[15:26:02] [Client thread/TRACE] [qemenu/qemenu]: Sent event FMLInitializationEvent to mod qemenu
[15:26:02] [Client thread/DEBUG] [FML/]: Bar Step: Initialization - Quick Easy Menu took 0.386s
[15:26:02] [Client thread/TRACE] [signpic/signpic]: Sending event FMLInitializationEvent to mod signpic
[15:26:02] [Client thread/TRACE] [signpic/signpic]: Sent event FMLInitializationEvent to mod signpic
[15:26:02] [Client thread/DEBUG] [FML/]: Bar Step: Initialization - SignPicture took 0.073s
[15:26:02] [Client thread/TRACE] [stepup/stepup]: Sending event FMLInitializationEvent to mod stepup
[15:26:02] [Client thread/TRACE] [stepup/stepup]: Sent event FMLInitializationEvent to mod stepup
[15:26:02] [Client thread/DEBUG] [FML/]: Bar Step: Initialization - StepUp took 0.000s
[15:26:02] [Client thread/TRACE] [vexview/vexview]: Sending event FMLInitializationEvent to mod vexview
[15:26:02] [Client thread/TRACE] [vexview/vexview]: Sent event FMLInitializationEvent to mod vexview
[15:26:02] [Client thread/DEBUG] [FML/]: Bar Step: Initialization - VexView took 0.000s
[15:26:02] [Client thread/TRACE] [XaeroMinimap/XaeroMinimap]: Sending event FMLInitializationEvent to mod XaeroMinimap
[15:26:03] [Client thread/TRACE] [XaeroMinimap/XaeroMinimap]: Sent event FMLInitializationEvent to mod XaeroMinimap
[15:26:03] [Client thread/DEBUG] [FML/]: Bar Step: Initialization - Xaero's Minimap took 1.252s
[15:26:03] [Client thread/TRACE] [XaeroWorldMap/XaeroWorldMap]: Sending event FMLInitializationEvent to mod XaeroWorldMap
[15:26:05] [Client thread/TRACE] [XaeroWorldMap/XaeroWorldMap]: Sent event FMLInitializationEvent to mod XaeroWorldMap
[15:26:05] [Client thread/DEBUG] [FML/]: Bar Step: Initialization - Xaero's World Map took 1.462s
[15:26:05] [Client thread/DEBUG] [FML/]: Bar Finished: Initialization took 3.355s
[15:26:05] [Client thread/TRACE] [FML/]: Attempting to deliver 0 IMC messages to mod mcp
[15:26:05] [Client thread/TRACE] [mcp/mcp]: Sending event IMCEvent to mod mcp
[15:26:05] [Client thread/TRACE] [mcp/mcp]: Sent event IMCEvent to mod mcp
[15:26:05] [Client thread/DEBUG] [FML/]: Bar Step: InterModComms$IMC - Minecraft Coder Pack took 0.004s
[15:26:05] [Client thread/TRACE] [FML/]: Attempting to deliver 0 IMC messages to mod FML
[15:26:05] [Client thread/TRACE] [FML/FML]: Sending event IMCEvent to mod FML
[15:26:05] [Client thread/TRACE] [FML/FML]: Sent event IMCEvent to mod FML
[15:26:05] [Client thread/DEBUG] [FML/]: Bar Step: InterModComms$IMC - Forge Mod Loader took 0.000s
[15:26:05] [Client thread/TRACE] [FML/]: Attempting to deliver 0 IMC messages to mod Forge
[15:26:05] [Client thread/TRACE] [Forge/Forge]: Sending event IMCEvent to mod Forge
[15:26:05] [Client thread/TRACE] [Forge/Forge]: Sent event IMCEvent to mod Forge
[15:26:05] [Client thread/DEBUG] [FML/]: Bar Step: InterModComms$IMC - Minecraft Forge took 0.000s
[15:26:05] [Client thread/TRACE] [FML/]: Attempting to deliver 0 IMC messages to mod InputFix
[15:26:05] [Client thread/TRACE] [InputFix/InputFix]: Sending event IMCEvent to mod InputFix
[15:26:05] [Client thread/TRACE] [InputFix/InputFix]: Sent event IMCEvent to mod InputFix
[15:26:05] [Client thread/DEBUG] [FML/]: Bar Step: InterModComms$IMC - InputFix took 0.000s
[15:26:05] [Client thread/TRACE] [FML/]: Attempting to deliver 0 IMC messages to mod UnicodeFontExtensionCore
[15:26:05] [Client thread/TRACE] [UnicodeFontExtensionCore/UnicodeFontExtensionCore]: Sending event IMCEvent to mod UnicodeFontExtensionCore
[15:26:05] [Client thread/TRACE] [UnicodeFontExtensionCore/UnicodeFontExtensionCore]: Sent event IMCEvent to mod UnicodeFontExtensionCore
[15:26:05] [Client thread/DEBUG] [FML/]: Bar Step: InterModComms$IMC - Unicode Font Extension Core took 0.000s
[15:26:05] [Client thread/TRACE] [FML/]: Attempting to deliver 0 IMC messages to mod UraniumPlus
[15:26:05] [Client thread/TRACE] [UraniumPlus/UraniumPlus]: Sending event IMCEvent to mod UraniumPlus
[15:26:05] [Client thread/TRACE] [UraniumPlus/UraniumPlus]: Sent event IMCEvent to mod UraniumPlus
[15:26:05] [Client thread/DEBUG] [FML/]: Bar Step: InterModComms$IMC - Added title and actionbar support for client and server took 0.000s
[15:26:05] [Client thread/TRACE] [FML/]: Attempting to deliver 0 IMC messages to mod xaerominimap_core
[15:26:05] [Client thread/TRACE] [xaerominimap_core/xaerominimap_core]: Sending event IMCEvent to mod xaerominimap_core
[15:26:05] [Client thread/TRACE] [xaerominimap_core/xaerominimap_core]: Sent event IMCEvent to mod xaerominimap_core
[15:26:05] [Client thread/DEBUG] [FML/]: Bar Step: InterModComms$IMC - XaeroMinimapCore took 0.000s
[15:26:05] [Client thread/TRACE] [FML/]: Attempting to deliver 0 IMC messages to mod xaeroworldmap_core
[15:26:05] [Client thread/TRACE] [xaeroworldmap_core/xaeroworldmap_core]: Sending event IMCEvent to mod xaeroworldmap_core
[15:26:05] [Client thread/TRACE] [xaeroworldmap_core/xaeroworldmap_core]: Sent event IMCEvent to mod xaeroworldmap_core
[15:26:05] [Client thread/DEBUG] [FML/]: Bar Step: InterModComms$IMC - XaeroWorldMapCore took 0.000s
[15:26:05] [Client thread/TRACE] [FML/]: Attempting to deliver 0 IMC messages to mod GTNHLib Core
[15:26:05] [Client thread/TRACE] [GTNHLib Core/GTNHLib Core]: Sending event IMCEvent to mod GTNHLib Core
[15:26:05] [Client thread/TRACE] [GTNHLib Core/GTNHLib Core]: Sent event IMCEvent to mod GTNHLib Core
[15:26:05] [Client thread/DEBUG] [FML/]: Bar Step: InterModComms$IMC - GTNHLib Core took 0.000s
[15:26:05] [Client thread/TRACE] [FML/]: Attempting to deliver 0 IMC messages to mod UnicodeFontExtension
[15:26:05] [Client thread/TRACE] [UnicodeFontExtension/UnicodeFontExtension]: Sending event IMCEvent to mod UnicodeFontExtension
[15:26:05] [Client thread/TRACE] [UnicodeFontExtension/UnicodeFontExtension]: Sent event IMCEvent to mod UnicodeFontExtension
[15:26:05] [Client thread/DEBUG] [FML/]: Bar Step: InterModComms$IMC - Unicode Font Extension took 0.000s
[15:26:05] [Client thread/TRACE] [FML/]: Attempting to deliver 0 IMC messages to mod unimixins
[15:26:05] [Client thread/TRACE] [unimixins/unimixins]: Sending event IMCEvent to mod unimixins
[15:26:05] [Client thread/TRACE] [unimixins/unimixins]: Sent event IMCEvent to mod unimixins
[15:26:05] [Client thread/DEBUG] [FML/]: Bar Step: InterModComms$IMC - UniMixins took 0.000s
[15:26:05] [Client thread/TRACE] [FML/]: Attempting to deliver 0 IMC messages to mod unimixins-mixin
[15:26:05] [Client thread/TRACE] [unimixins-mixin/unimixins-mixin]: Sending event IMCEvent to mod unimixins-mixin
[15:26:05] [Client thread/TRACE] [unimixins-mixin/unimixins-mixin]: Sent event IMCEvent to mod unimixins-mixin
[15:26:05] [Client thread/DEBUG] [FML/]: Bar Step: InterModComms$IMC - UniMixins: Mixin (UniMix) took 0.000s
[15:26:05] [Client thread/TRACE] [FML/]: Attempting to deliver 0 IMC messages to mod unimixins-compat
[15:26:05] [Client thread/TRACE] [unimixins-compat/unimixins-compat]: Sending event IMCEvent to mod unimixins-compat
[15:26:05] [Client thread/TRACE] [unimixins-compat/unimixins-compat]: Sent event IMCEvent to mod unimixins-compat
[15:26:05] [Client thread/DEBUG] [FML/]: Bar Step: InterModComms$IMC - UniMixins: Compatibility took 0.000s
[15:26:05] [Client thread/TRACE] [FML/]: Attempting to deliver 0 IMC messages to mod mixingasm
[15:26:05] [Client thread/TRACE] [mixingasm/mixingasm]: Sending event IMCEvent to mod mixingasm
[15:26:05] [Client thread/TRACE] [mixingasm/mixingasm]: Sent event IMCEvent to mod mixingasm
[15:26:05] [Client thread/DEBUG] [FML/]: Bar Step: InterModComms$IMC - UniMixins: Mixingasm took 0.000s
[15:26:05] [Client thread/TRACE] [FML/]: Attempting to deliver 0 IMC messages to mod spongemixins
[15:26:05] [Client thread/TRACE] [spongemixins/spongemixins]: Sending event IMCEvent to mod spongemixins
[15:26:05] [Client thread/TRACE] [spongemixins/spongemixins]: Sent event IMCEvent to mod spongemixins
[15:26:05] [Client thread/DEBUG] [FML/]: Bar Step: InterModComms$IMC - UniMixins: SpongeMixins took 0.000s
[15:26:05] [Client thread/TRACE] [FML/]: Attempting to deliver 0 IMC messages to mod mixinbooterlegacy
[15:26:05] [Client thread/TRACE] [mixinbooterlegacy/mixinbooterlegacy]: Sending event IMCEvent to mod mixinbooterlegacy
[15:26:05] [Client thread/TRACE] [mixinbooterlegacy/mixinbooterlegacy]: Sent event IMCEvent to mod mixinbooterlegacy
[15:26:05] [Client thread/DEBUG] [FML/]: Bar Step: InterModComms$IMC - UniMixins: MixinBooterLegacy took 0.000s
[15:26:05] [Client thread/TRACE] [FML/]: Attempting to deliver 0 IMC messages to mod gasstation
[15:26:05] [Client thread/TRACE] [gasstation/gasstation]: Sending event IMCEvent to mod gasstation
[15:26:05] [Client thread/TRACE] [gasstation/gasstation]: Sent event IMCEvent to mod gasstation
[15:26:05] [Client thread/DEBUG] [FML/]: Bar Step: InterModComms$IMC - UniMixins: GasStation took 0.000s
[15:26:05] [Client thread/TRACE] [FML/]: Attempting to deliver 0 IMC messages to mod gtnhmixins
[15:26:05] [Client thread/TRACE] [gtnhmixins/gtnhmixins]: Sending event IMCEvent to mod gtnhmixins
[15:26:05] [Client thread/TRACE] [gtnhmixins/gtnhmixins]: Sent event IMCEvent to mod gtnhmixins
[15:26:05] [Client thread/DEBUG] [FML/]: Bar Step: InterModComms$IMC - UniMixins: GTNHMixins took 0.000s
[15:26:05] [Client thread/TRACE] [FML/]: Attempting to deliver 0 IMC messages to mod mixinextras
[15:26:05] [Client thread/TRACE] [mixinextras/mixinextras]: Sending event IMCEvent to mod mixinextras
[15:26:05] [Client thread/TRACE] [mixinextras/mixinextras]: Sent event IMCEvent to mod mixinextras
[15:26:05] [Client thread/DEBUG] [FML/]: Bar Step: InterModComms$IMC - UniMixins: MixinExtras took 0.000s
[15:26:05] [Client thread/TRACE] [FML/]: Attempting to deliver 0 IMC messages to mod worldedit
[15:26:05] [Client thread/TRACE] [worldedit/worldedit]: Sending event IMCEvent to mod worldedit
[15:26:05] [Client thread/TRACE] [worldedit/worldedit]: Sent event IMCEvent to mod worldedit
[15:26:05] [Client thread/DEBUG] [FML/]: Bar Step: InterModComms$IMC - WorldEdit took 0.000s
[15:26:05] [Client thread/TRACE] [FML/]: Attempting to deliver 0 IMC messages to mod embeddium
[15:26:05] [Client thread/TRACE] [embeddium/embeddium]: Sending event IMCEvent to mod embeddium
[15:26:05] [Client thread/TRACE] [embeddium/embeddium]: Sent event IMCEvent to mod embeddium
[15:26:05] [Client thread/DEBUG] [FML/]: Bar Step: InterModComms$IMC - Embeddium took 0.000s
[15:26:05] [Client thread/TRACE] [FML/]: Attempting to deliver 0 IMC messages to mod gtnhlib
[15:26:05] [Client thread/TRACE] [gtnhlib/gtnhlib]: Sending event IMCEvent to mod gtnhlib
[15:26:05] [Client thread/TRACE] [gtnhlib/gtnhlib]: Sent event IMCEvent to mod gtnhlib
[15:26:05] [Client thread/DEBUG] [FML/]: Bar Step: InterModComms$IMC - GTNH Lib took 0.000s
[15:26:05] [Client thread/TRACE] [FML/]: Attempting to deliver 0 IMC messages to mod angelica
[15:26:05] [Client thread/TRACE] [angelica/angelica]: Sending event IMCEvent to mod angelica
[15:26:05] [Client thread/TRACE] [angelica/angelica]: Sent event IMCEvent to mod angelica
[15:26:05] [Client thread/DEBUG] [FML/]: Bar Step: InterModComms$IMC - Angelica took 0.000s
[15:26:05] [Client thread/TRACE] [FML/]: Attempting to deliver 0 IMC messages to mod notfine
[15:26:05] [Client thread/TRACE] [notfine/notfine]: Sending event IMCEvent to mod notfine
[15:26:05] [Client thread/TRACE] [notfine/notfine]: Sent event IMCEvent to mod notfine
[15:26:05] [Client thread/DEBUG] [FML/]: Bar Step: InterModComms$IMC - NotFine took 0.000s
[15:26:05] [Client thread/TRACE] [FML/]: Attempting to deliver 0 IMC messages to mod mcpatcherforge
[15:26:05] [Client thread/TRACE] [mcpatcherforge/mcpatcherforge]: Sending event IMCEvent to mod mcpatcherforge
[15:26:05] [Client thread/TRACE] [mcpatcherforge/mcpatcherforge]: Sent event IMCEvent to mod mcpatcherforge
[15:26:05] [Client thread/DEBUG] [FML/]: Bar Step: InterModComms$IMC - MCPatcherForge took 0.000s
[15:26:05] [Client thread/TRACE] [FML/]: Attempting to deliver 0 IMC messages to mod ArchitectureCraft
[15:26:05] [Client thread/TRACE] [ArchitectureCraft/ArchitectureCraft]: Sending event IMCEvent to mod ArchitectureCraft
[15:26:05] [Client thread/TRACE] [ArchitectureCraft/ArchitectureCraft]: Sent event IMCEvent to mod ArchitectureCraft
[15:26:05] [Client thread/DEBUG] [FML/]: Bar Step: InterModComms$IMC - ArchitectureCraft took 0.000s
[15:26:05] [Client thread/TRACE] [FML/]: Attempting to deliver 0 IMC messages to mod coretweaks
[15:26:05] [Client thread/TRACE] [coretweaks/coretweaks]: Sending event IMCEvent to mod coretweaks
[15:26:05] [Client thread/TRACE] [coretweaks/coretweaks]: Sent event IMCEvent to mod coretweaks
[15:26:05] [Client thread/DEBUG] [FML/]: Bar Step: InterModComms$IMC - CoreTweaks took 0.000s
[15:26:05] [Client thread/TRACE] [FML/]: Attempting to deliver 0 IMC messages to mod CustomMainMenu
[15:26:05] [Client thread/TRACE] [CustomMainMenu/CustomMainMenu]: Sending event IMCEvent to mod CustomMainMenu
[15:26:05] [Client thread/TRACE] [CustomMainMenu/CustomMainMenu]: Sent event IMCEvent to mod CustomMainMenu
[15:26:05] [Client thread/DEBUG] [FML/]: Bar Step: InterModComms$IMC - Custom Main Menu took 0.000s
[15:26:05] [Client thread/TRACE] [FML/]: Attempting to deliver 0 IMC messages to mod damagemark
[15:26:05] [Client thread/TRACE] [damagemark/damagemark]: Sending event IMCEvent to mod damagemark
[15:26:05] [Client thread/TRACE] [damagemark/damagemark]: Sent event IMCEvent to mod damagemark
[15:26:05] [Client thread/DEBUG] [FML/]: Bar Step: InterModComms$IMC - DamageMark took 0.000s
[15:26:05] [Client thread/TRACE] [FML/]: Attempting to deliver 0 IMC messages to mod erde
[15:26:05] [Client thread/TRACE] [erde/erde]: Sending event IMCEvent to mod erde
[15:26:05] [Client thread/TRACE] [erde/erde]: Sent event IMCEvent to mod erde
[15:26:05] [Client thread/DEBUG] [FML/]: Bar Step: InterModComms$IMC - Entity Render Extender took 0.000s
[15:26:05] [Client thread/TRACE] [FML/]: Attempting to deliver 0 IMC messages to mod flansmod
[15:26:05] [Client thread/TRACE] [flansmod/flansmod]: Sending event IMCEvent to mod flansmod
[15:26:05] [Client thread/TRACE] [flansmod/flansmod]: Sent event IMCEvent to mod flansmod
[15:26:05] [Client thread/DEBUG] [FML/]: Bar Step: InterModComms$IMC - Flan's Mod Ultimate (Stability Edition) took 0.000s
[15:26:05] [Client thread/TRACE] [FML/]: Attempting to deliver 0 IMC messages to mod hbm
[15:26:05] [Client thread/TRACE] [hbm/hbm]: Sending event IMCEvent to mod hbm
[15:26:05] [Client thread/TRACE] [hbm/hbm]: Sent event IMCEvent to mod hbm
[15:26:05] [Client thread/DEBUG] [FML/]: Bar Step: InterModComms$IMC - Hbm's Nuclear Tech took 0.000s
[15:26:05] [Client thread/TRACE] [FML/]: Attempting to deliver 0 IMC messages to mod hidenames
[15:26:05] [Client thread/TRACE] [hidenames/hidenames]: Sending event IMCEvent to mod hidenames
[15:26:05] [Client thread/TRACE] [hidenames/hidenames]: Sent event IMCEvent to mod hidenames
[15:26:05] [Client thread/DEBUG] [FML/]: Bar Step: InterModComms$IMC - Hide Names took 0.000s
[15:26:05] [Client thread/TRACE] [FML/]: Attempting to deliver 0 IMC messages to mod mcheli
[15:26:05] [Client thread/TRACE] [mcheli/mcheli]: Sending event IMCEvent to mod mcheli
[15:26:05] [Client thread/TRACE] [mcheli/mcheli]: Sent event IMCEvent to mod mcheli
[15:26:05] [Client thread/DEBUG] [FML/]: Bar Step: InterModComms$IMC - MCH-Reforged took 0.000s
[15:26:05] [Client thread/TRACE] [FML/]: Attempting to deliver 0 IMC messages to mod mchrmixin
[15:26:05] [Client thread/TRACE] [mchrmixin/mchrmixin]: Sending event IMCEvent to mod mchrmixin
[15:26:05] [Client thread/TRACE] [mchrmixin/mchrmixin]: Sent event IMCEvent to mod mchrmixin
[15:26:05] [Client thread/DEBUG] [FML/]: Bar Step: InterModComms$IMC - mchrmixin took 0.000s
[15:26:05] [Client thread/TRACE] [FML/]: Attempting to deliver 0 IMC messages to mod qemenu
[15:26:05] [Client thread/TRACE] [qemenu/qemenu]: Sending event IMCEvent to mod qemenu
[15:26:05] [Client thread/TRACE] [qemenu/qemenu]: Sent event IMCEvent to mod qemenu
[15:26:05] [Client thread/DEBUG] [FML/]: Bar Step: InterModComms$IMC - Quick Easy Menu took 0.000s
[15:26:05] [Client thread/TRACE] [FML/]: Attempting to deliver 0 IMC messages to mod signpic
[15:26:05] [Client thread/TRACE] [signpic/signpic]: Sending event IMCEvent to mod signpic
[15:26:05] [Client thread/TRACE] [signpic/signpic]: Sent event IMCEvent to mod signpic
[15:26:05] [Client thread/DEBUG] [FML/]: Bar Step: InterModComms$IMC - SignPicture took 0.000s
[15:26:05] [Client thread/TRACE] [FML/]: Attempting to deliver 0 IMC messages to mod stepup
[15:26:05] [Client thread/TRACE] [stepup/stepup]: Sending event IMCEvent to mod stepup
[15:26:05] [Client thread/TRACE] [stepup/stepup]: Sent event IMCEvent to mod stepup
[15:26:05] [Client thread/DEBUG] [FML/]: Bar Step: InterModComms$IMC - StepUp took 0.000s
[15:26:05] [Client thread/TRACE] [FML/]: Attempting to deliver 0 IMC messages to mod vexview
[15:26:05] [Client thread/TRACE] [vexview/vexview]: Sending event IMCEvent to mod vexview
[15:26:05] [Client thread/TRACE] [vexview/vexview]: Sent event IMCEvent to mod vexview
[15:26:05] [Client thread/DEBUG] [FML/]: Bar Step: InterModComms$IMC - VexView took 0.000s
[15:26:05] [Client thread/TRACE] [FML/]: Attempting to deliver 0 IMC messages to mod XaeroMinimap
[15:26:05] [Client thread/TRACE] [XaeroMinimap/XaeroMinimap]: Sending event IMCEvent to mod XaeroMinimap
[15:26:05] [Client thread/TRACE] [XaeroMinimap/XaeroMinimap]: Sent event IMCEvent to mod XaeroMinimap
[15:26:05] [Client thread/DEBUG] [FML/]: Bar Step: InterModComms$IMC - Xaero's Minimap took 0.000s
[15:26:05] [Client thread/TRACE] [FML/]: Attempting to deliver 0 IMC messages to mod XaeroWorldMap
[15:26:05] [Client thread/TRACE] [XaeroWorldMap/XaeroWorldMap]: Sending event IMCEvent to mod XaeroWorldMap
[15:26:05] [Client thread/TRACE] [XaeroWorldMap/XaeroWorldMap]: Sent event IMCEvent to mod XaeroWorldMap
[15:26:05] [Client thread/DEBUG] [FML/]: Bar Step: InterModComms$IMC - Xaero's World Map took 0.000s
[15:26:05] [Client thread/DEBUG] [FML/]: Bar Finished: InterModComms$IMC took 0.008s
[15:26:05] [Client thread/INFO] [FML/]: Injecting itemstacks
[15:26:05] [Client thread/INFO] [FML/]: Itemstack injection complete
[15:26:05] [Client thread/TRACE] [mcp/mcp]: Sending event FMLPostInitializationEvent to mod mcp
[15:26:05] [Client thread/TRACE] [mcp/mcp]: Sent event FMLPostInitializationEvent to mod mcp
[15:26:05] [Client thread/DEBUG] [FML/]: Bar Step: PostInitialization - Minecraft Coder Pack took 0.000s
[15:26:05] [Client thread/TRACE] [FML/FML]: Sending event FMLPostInitializationEvent to mod FML
[15:26:05] [Client thread/TRACE] [FML/FML]: Sent event FMLPostInitializationEvent to mod FML
[15:26:05] [Client thread/DEBUG] [FML/]: Bar Step: PostInitialization - Forge Mod Loader took 0.000s
[15:26:05] [Client thread/TRACE] [Forge/Forge]: Sending event FMLPostInitializationEvent to mod Forge
[15:26:05] [Client thread/TRACE] [Forge/Forge]: Sent event FMLPostInitializationEvent to mod Forge
[15:26:05] [Client thread/DEBUG] [FML/]: Bar Step: PostInitialization - Minecraft Forge took 0.002s
[15:26:05] [Client thread/TRACE] [InputFix/InputFix]: Sending event FMLPostInitializationEvent to mod InputFix
[15:26:05] [Client thread/TRACE] [InputFix/InputFix]: Sent event FMLPostInitializationEvent to mod InputFix
[15:26:05] [Client thread/DEBUG] [FML/]: Bar Step: PostInitialization - InputFix took 0.000s
[15:26:05] [Client thread/TRACE] [UnicodeFontExtensionCore/UnicodeFontExtensionCore]: Sending event FMLPostInitializationEvent to mod UnicodeFontExtensionCore
[15:26:05] [Client thread/TRACE] [UnicodeFontExtensionCore/UnicodeFontExtensionCore]: Sent event FMLPostInitializationEvent to mod UnicodeFontExtensionCore
[15:26:05] [Client thread/DEBUG] [FML/]: Bar Step: PostInitialization - Unicode Font Extension Core took 0.000s
[15:26:05] [Client thread/TRACE] [UraniumPlus/UraniumPlus]: Sending event FMLPostInitializationEvent to mod UraniumPlus
[15:26:05] [Client thread/INFO] [signpic/UraniumPlus]: Patching GuiNewChat (class: bcc)
[15:26:05] [Client thread/TRACE] [UraniumPlus/UraniumPlus]: Sent event FMLPostInitializationEvent to mod UraniumPlus
[15:26:05] [Client thread/DEBUG] [FML/]: Bar Step: PostInitialization - Added title and actionbar support for client and server took 0.064s
[15:26:05] [Client thread/TRACE] [xaerominimap_core/xaerominimap_core]: Sending event FMLPostInitializationEvent to mod xaerominimap_core
[15:26:05] [Client thread/TRACE] [xaerominimap_core/xaerominimap_core]: Sent event FMLPostInitializationEvent to mod xaerominimap_core
[15:26:05] [Client thread/DEBUG] [FML/]: Bar Step: PostInitialization - XaeroMinimapCore took 0.000s
[15:26:05] [Client thread/TRACE] [xaeroworldmap_core/xaeroworldmap_core]: Sending event FMLPostInitializationEvent to mod xaeroworldmap_core
[15:26:05] [Client thread/TRACE] [xaeroworldmap_core/xaeroworldmap_core]: Sent event FMLPostInitializationEvent to mod xaeroworldmap_core
[15:26:05] [Client thread/DEBUG] [FML/]: Bar Step: PostInitialization - XaeroWorldMapCore took 0.000s
[15:26:05] [Client thread/TRACE] [GTNHLib Core/GTNHLib Core]: Sending event FMLPostInitializationEvent to mod GTNHLib Core
[15:26:05] [Client thread/TRACE] [GTNHLib Core/GTNHLib Core]: Sent event FMLPostInitializationEvent to mod GTNHLib Core
[15:26:05] [Client thread/DEBUG] [FML/]: Bar Step: PostInitialization - GTNHLib Core took 0.000s
[15:26:05] [Client thread/TRACE] [UnicodeFontExtension/UnicodeFontExtension]: Sending event FMLPostInitializationEvent to mod UnicodeFontExtension
[15:26:05] [Client thread/TRACE] [UnicodeFontExtension/UnicodeFontExtension]: Sent event FMLPostInitializationEvent to mod UnicodeFontExtension
[15:26:05] [Client thread/DEBUG] [FML/]: Bar Step: PostInitialization - Unicode Font Extension took 0.000s
[15:26:05] [Client thread/TRACE] [unimixins/unimixins]: Sending event FMLPostInitializationEvent to mod unimixins
[15:26:05] [Client thread/TRACE] [unimixins/unimixins]: Sent event FMLPostInitializationEvent to mod unimixins
[15:26:05] [Client thread/DEBUG] [FML/]: Bar Step: PostInitialization - UniMixins took 0.000s
[15:26:05] [Client thread/TRACE] [unimixins-mixin/unimixins-mixin]: Sending event FMLPostInitializationEvent to mod unimixins-mixin
[15:26:05] [Client thread/TRACE] [unimixins-mixin/unimixins-mixin]: Sent event FMLPostInitializationEvent to mod unimixins-mixin
[15:26:05] [Client thread/DEBUG] [FML/]: Bar Step: PostInitialization - UniMixins: Mixin (UniMix) took 0.000s
[15:26:05] [Client thread/TRACE] [unimixins-compat/unimixins-compat]: Sending event FMLPostInitializationEvent to mod unimixins-compat
[15:26:05] [Client thread/TRACE] [unimixins-compat/unimixins-compat]: Sent event FMLPostInitializationEvent to mod unimixins-compat
[15:26:05] [Client thread/DEBUG] [FML/]: Bar Step: PostInitialization - UniMixins: Compatibility took 0.000s
[15:26:05] [Client thread/TRACE] [mixingasm/mixingasm]: Sending event FMLPostInitializationEvent to mod mixingasm
[15:26:05] [Client thread/TRACE] [mixingasm/mixingasm]: Sent event FMLPostInitializationEvent to mod mixingasm
[15:26:05] [Client thread/DEBUG] [FML/]: Bar Step: PostInitialization - UniMixins: Mixingasm took 0.000s
[15:26:05] [Client thread/TRACE] [spongemixins/spongemixins]: Sending event FMLPostInitializationEvent to mod spongemixins
[15:26:05] [Client thread/TRACE] [spongemixins/spongemixins]: Sent event FMLPostInitializationEvent to mod spongemixins
[15:26:05] [Client thread/DEBUG] [FML/]: Bar Step: PostInitialization - UniMixins: SpongeMixins took 0.000s
[15:26:05] [Client thread/TRACE] [mixinbooterlegacy/mixinbooterlegacy]: Sending event FMLPostInitializationEvent to mod mixinbooterlegacy
[15:26:05] [Client thread/TRACE] [mixinbooterlegacy/mixinbooterlegacy]: Sent event FMLPostInitializationEvent to mod mixinbooterlegacy
[15:26:05] [Client thread/DEBUG] [FML/]: Bar Step: PostInitialization - UniMixins: MixinBooterLegacy took 0.000s
[15:26:05] [Client thread/TRACE] [gasstation/gasstation]: Sending event FMLPostInitializationEvent to mod gasstation
[15:26:05] [Client thread/TRACE] [gasstation/gasstation]: Sent event FMLPostInitializationEvent to mod gasstation
[15:26:05] [Client thread/DEBUG] [FML/]: Bar Step: PostInitialization - UniMixins: GasStation took 0.000s
[15:26:05] [Client thread/TRACE] [gtnhmixins/gtnhmixins]: Sending event FMLPostInitializationEvent to mod gtnhmixins
[15:26:05] [Client thread/TRACE] [gtnhmixins/gtnhmixins]: Sent event FMLPostInitializationEvent to mod gtnhmixins
[15:26:05] [Client thread/DEBUG] [FML/]: Bar Step: PostInitialization - UniMixins: GTNHMixins took 0.000s
[15:26:05] [Client thread/TRACE] [mixinextras/mixinextras]: Sending event FMLPostInitializationEvent to mod mixinextras
[15:26:05] [Client thread/TRACE] [mixinextras/mixinextras]: Sent event FMLPostInitializationEvent to mod mixinextras
[15:26:05] [Client thread/DEBUG] [FML/]: Bar Step: PostInitialization - UniMixins: MixinExtras took 0.000s
[15:26:05] [Client thread/TRACE] [worldedit/worldedit]: Sending event FMLPostInitializationEvent to mod worldedit
[15:26:05] [Client thread/INFO] [worldedit/worldedit]: WorldEdit for Forge (version 6.1.1) is loaded
[15:26:05] [Client thread/TRACE] [worldedit/worldedit]: Sent event FMLPostInitializationEvent to mod worldedit
[15:26:05] [Client thread/DEBUG] [FML/]: Bar Step: PostInitialization - WorldEdit took 0.001s
[15:26:05] [Client thread/TRACE] [embeddium/embeddium]: Sending event FMLPostInitializationEvent to mod embeddium
[15:26:05] [Client thread/TRACE] [embeddium/embeddium]: Sent event FMLPostInitializationEvent to mod embeddium
[15:26:05] [Client thread/DEBUG] [FML/]: Bar Step: PostInitialization - Embeddium took 0.000s
[15:26:05] [Client thread/TRACE] [gtnhlib/gtnhlib]: Sending event FMLPostInitializationEvent to mod gtnhlib
[15:26:05] [Client thread/DEBUG] [FML/gtnhlib]: Bar Finished: Loading Resource - LoreHandler took 0.003s
[15:26:05] [Client thread/TRACE] [gtnhlib/gtnhlib]: Sent event FMLPostInitializationEvent to mod gtnhlib
[15:26:05] [Client thread/DEBUG] [FML/]: Bar Step: PostInitialization - GTNH Lib took 0.007s
[15:26:05] [Client thread/TRACE] [angelica/angelica]: Sending event FMLPostInitializationEvent to mod angelica
[15:26:05] [Client thread/TRACE] [angelica/angelica]: Sent event FMLPostInitializationEvent to mod angelica
[15:26:05] [Client thread/DEBUG] [FML/]: Bar Step: PostInitialization - Angelica took 0.000s
[15:26:05] [Client thread/TRACE] [notfine/notfine]: Sending event FMLPostInitializationEvent to mod notfine
[15:26:05] [Client thread/TRACE] [notfine/notfine]: Sent event FMLPostInitializationEvent to mod notfine
[15:26:05] [Client thread/DEBUG] [FML/]: Bar Step: PostInitialization - NotFine took 0.009s
[15:26:05] [Client thread/TRACE] [mcpatcherforge/mcpatcherforge]: Sending event FMLPostInitializationEvent to mod mcpatcherforge
[15:26:05] [Client thread/TRACE] [mcpatcherforge/mcpatcherforge]: Sent event FMLPostInitializationEvent to mod mcpatcherforge
[15:26:05] [Client thread/DEBUG] [FML/]: Bar Step: PostInitialization - MCPatcherForge took 0.000s
[15:26:05] [Client thread/TRACE] [ArchitectureCraft/ArchitectureCraft]: Sending event FMLPostInitializationEvent to mod ArchitectureCraft
[15:26:05] [Client thread/TRACE] [ArchitectureCraft/ArchitectureCraft]: Sent event FMLPostInitializationEvent to mod ArchitectureCraft
[15:26:05] [Client thread/DEBUG] [FML/]: Bar Step: PostInitialization - ArchitectureCraft took 0.003s
[15:26:05] [Client thread/TRACE] [coretweaks/coretweaks]: Sending event FMLPostInitializationEvent to mod coretweaks
[15:26:05] [Client thread/TRACE] [coretweaks/coretweaks]: Sent event FMLPostInitializationEvent to mod coretweaks
[15:26:05] [Client thread/DEBUG] [FML/]: Bar Step: PostInitialization - CoreTweaks took 0.002s
[15:26:05] [Client thread/TRACE] [CustomMainMenu/CustomMainMenu]: Sending event FMLPostInitializationEvent to mod CustomMainMenu
[15:26:05] [Client thread/TRACE] [CustomMainMenu/CustomMainMenu]: Sent event FMLPostInitializationEvent to mod CustomMainMenu
[15:26:05] [Client thread/DEBUG] [FML/]: Bar Step: PostInitialization - Custom Main Menu took 0.000s
[15:26:05] [Client thread/TRACE] [damagemark/damagemark]: Sending event FMLPostInitializationEvent to mod damagemark
[15:26:05] [Client thread/TRACE] [damagemark/damagemark]: Sent event FMLPostInitializationEvent to mod damagemark
[15:26:05] [Client thread/DEBUG] [FML/]: Bar Step: PostInitialization - DamageMark took 0.000s
[15:26:05] [Client thread/TRACE] [erde/erde]: Sending event FMLPostInitializationEvent to mod erde
[15:26:05] [Client thread/TRACE] [erde/erde]: Sent event FMLPostInitializationEvent to mod erde
[15:26:05] [Client thread/DEBUG] [FML/]: Bar Step: PostInitialization - Entity Render Extender took 0.000s
[15:26:05] [Client thread/TRACE] [flansmod/flansmod]: Sending event FMLPostInitializationEvent to mod flansmod
[15:26:05] [Client thread/INFO] [FMUR/flansmod]: Starting gunbox mapping.
[15:26:05] [Client thread/INFO] [FMUR/flansmod]: Finished gunbox mapping.
[15:26:05] [Client thread/TRACE] [flansmod/flansmod]: Sent event FMLPostInitializationEvent to mod flansmod
[15:26:05] [Client thread/DEBUG] [FML/]: Bar Step: PostInitialization - Flan's Mod Ultimate (Stability Edition) took 0.006s
[15:26:05] [Client thread/TRACE] [hbm/hbm]: Sending event FMLPostInitializationEvent to mod hbm
[15:26:06] [Client thread/INFO] [HBM/hbm]: Starting recipe init!
[15:26:06] [Client thread/INFO] [HBM/hbm]: No recipe file found, registering defaults for hbmPress.json
[15:26:06] [Client thread/INFO] [HBM/hbm]: Writing template file _hbmPress.json
[15:26:06] [Client thread/INFO] [HBM/hbm]: No recipe file found, registering defaults for hbmBlastFurnace.json
[15:26:06] [Client thread/INFO] [HBM/hbm]: Writing template file _hbmBlastFurnace.json
[15:26:06] [Client thread/INFO] [HBM/hbm]: No recipe file found, registering defaults for hbmShredder.json
[15:26:06] [Client thread/INFO] [HBM/hbm]: Writing template file _hbmShredder.json
[15:26:06] [Client thread/INFO] [HBM/hbm]: No recipe file found, registering defaults for hbmSoldering.json
[15:26:06] [Client thread/INFO] [HBM/hbm]: Writing template file _hbmSoldering.json
[15:26:06] [Client thread/INFO] [HBM/hbm]: No recipe file found, registering defaults for hbmCombination.json
[15:26:06] [Client thread/INFO] [HBM/hbm]: Writing template file _hbmCombination.json
[15:26:06] [Client thread/INFO] [HBM/hbm]: No recipe file found, registering defaults for hbmCentrifuge.json
[15:26:06] [Client thread/INFO] [HBM/hbm]: Writing template file _hbmCentrifuge.json
[15:26:06] [Client thread/INFO] [HBM/hbm]: No recipe file found, registering defaults for hbmCrystallizer.json
[15:26:06] [Client thread/INFO] [HBM/hbm]: Writing template file _hbmCrystallizer.json
[15:26:06] [Client thread/INFO] [HBM/hbm]: No recipe file found, registering defaults for hbmRefinery.json
[15:26:06] [Client thread/INFO] [HBM/hbm]: Writing template file _hbmRefinery.json
[15:26:06] [Client thread/INFO] [HBM/hbm]: No recipe file found, registering defaults for hbmVacRefinery.json
[15:26:06] [Client thread/INFO] [HBM/hbm]: Writing template file _hbmVacRefinery.json
[15:26:06] [Client thread/INFO] [HBM/hbm]: No recipe file found, registering defaults for hbmFractions.json
[15:26:06] [Client thread/INFO] [HBM/hbm]: Writing template file _hbmFractions.json
[15:26:06] [Client thread/INFO] [HBM/hbm]: No recipe file found, registering defaults for hbmCracking.json
[15:26:06] [Client thread/INFO] [HBM/hbm]: Writing template file _hbmCracking.json
[15:26:06] [Client thread/INFO] [HBM/hbm]: No recipe file found, registering defaults for hbmReforming.json
[15:26:06] [Client thread/INFO] [HBM/hbm]: Writing template file _hbmReforming.json
[15:26:06] [Client thread/INFO] [HBM/hbm]: No recipe file found, registering defaults for hbmHydrotreating.json
[15:26:06] [Client thread/INFO] [HBM/hbm]: Writing template file _hbmHydrotreating.json
[15:26:06] [Client thread/INFO] [HBM/hbm]: No recipe file found, registering defaults for hbmLiquefactor.json
[15:26:06] [Client thread/INFO] [HBM/hbm]: Writing template file _hbmLiquefactor.json
[15:26:06] [Client thread/INFO] [HBM/hbm]: No recipe file found, registering defaults for hbmSolidifier.json
[15:26:06] [Client thread/INFO] [HBM/hbm]: Writing template file _hbmSolidifier.json
[15:26:06] [Client thread/INFO] [HBM/hbm]: No recipe file found, registering defaults for hbmCoker.json
[15:26:06] [Client thread/INFO] [HBM/hbm]: Writing template file _hbmCoker.json
[15:26:06] [Client thread/INFO] [HBM/hbm]: No recipe file found, registering defaults for hbmPyrolysis.json
[15:26:06] [Client thread/INFO] [HBM/hbm]: Writing template file _hbmPyrolysis.json
[15:26:06] [Client thread/INFO] [HBM/hbm]: No recipe file found, registering defaults for hbmBreeder.json
[15:26:06] [Client thread/INFO] [HBM/hbm]: Writing template file _hbmBreeder.json
[15:26:06] [Client thread/INFO] [HBM/hbm]: No recipe file found, registering defaults for hbmCyclotron.json
[15:26:06] [Client thread/INFO] [HBM/hbm]: Writing template file _hbmCyclotron.json
[15:26:06] [Client thread/INFO] [HBM/hbm]: No recipe file found, registering defaults for hbmFuelpool.json
[15:26:06] [Client thread/INFO] [HBM/hbm]: Writing template file _hbmFuelpool.json
[15:26:06] [Client thread/INFO] [HBM/hbm]: No recipe file found, registering defaults for hbmMixer.json
[15:26:06] [Client thread/INFO] [HBM/hbm]: Writing template file _hbmMixer.json
[15:26:06] [Client thread/INFO] [HBM/hbm]: No recipe file found, registering defaults for hbmIrradiation.json
[15:26:06] [Client thread/INFO] [HBM/hbm]: Writing template file _hbmIrradiation.json
[15:26:06] [Client thread/INFO] [HBM/hbm]: No recipe file found, registering defaults for hbmIrradiationFluids.json
[15:26:06] [Client thread/INFO] [HBM/hbm]: Writing template file _hbmIrradiationFluids.json
[15:26:06] [Client thread/INFO] [HBM/hbm]: No recipe file found, registering defaults for hbmCompressor.json
[15:26:06] [Client thread/INFO] [HBM/hbm]: Writing template file _hbmCompressor.json
[15:26:06] [Client thread/INFO] [HBM/hbm]: No recipe file found, registering defaults for hbmElectrolyzerFluid.json
[15:26:06] [Client thread/INFO] [HBM/hbm]: Writing template file _hbmElectrolyzerFluid.json
[15:26:06] [Client thread/INFO] [HBM/hbm]: No recipe file found, registering defaults for hbmElectrolyzerMetal.json
[15:26:06] [Client thread/INFO] [HBM/hbm]: Writing template file _hbmElectrolyzerMetal.json
[15:26:06] [Client thread/INFO] [HBM/hbm]: No recipe file found, registering defaults for hbmArcWelder.json
[15:26:06] [Client thread/INFO] [HBM/hbm]: Writing template file _hbmArcWelder.json
[15:26:06] [Client thread/INFO] [HBM/hbm]: No recipe file found, registering defaults for hbmRotaryFurnace.json
[15:26:06] [Client thread/INFO] [HBM/hbm]: Writing template file _hbmRotaryFurnace.json
[15:26:06] [Client thread/INFO] [HBM/hbm]: No recipe file found, registering defaults for hbmExposureChamber.json
[15:26:06] [Client thread/INFO] [HBM/hbm]: Writing template file _hbmExposureChamber.json
[15:26:06] [Client thread/INFO] [HBM/hbm]: No recipe file found, registering defaults for hbmParticleAccelerator.json
[15:26:06] [Client thread/INFO] [HBM/hbm]: Writing template file _hbmParticleAccelerator.json
[15:26:06] [Client thread/INFO] [HBM/hbm]: No recipe file found, registering defaults for hbmAmmoPress.json
[15:26:06] [Client thread/INFO] [HBM/hbm]: Writing template file _hbmAmmoPress.json
[15:26:06] [Client thread/INFO] [HBM/hbm]: No recipe file found, registering defaults for hbmAnvil.json
[15:26:06] [Client thread/INFO] [HBM/hbm]: Writing template file _hbmAnvil.json
[15:26:06] [Client thread/INFO] [HBM/hbm]: No recipe file found, registering defaults for hbmPedestal.json
[15:26:06] [Client thread/INFO] [HBM/hbm]: Writing template file _hbmPedestal.json
[15:26:06] [Client thread/INFO] [HBM/hbm]: No recipe file found, registering defaults for hbmAnnihilator.json
[15:26:06] [Client thread/INFO] [HBM/hbm]: Writing template file _hbmAnnihilator.json
[15:26:06] [Client thread/INFO] [STDERR/hbm]: [java.lang.Throwable$WrappedPrintStream:println:-1]: java.lang.IllegalStateException: Error while writing recipes for AnnihilatorRecipes: Recipe list is either empty or in an unsupported format!
[15:26:06] [Client thread/INFO] [STDERR/hbm]: [java.lang.Throwable$WrappedPrintStream:println:-1]: 	at com.hbm.inventory.recipes.loader.SerializableRecipe.writeTemplateFile(SerializableRecipe.java:217)
[15:26:06] [Client thread/INFO] [STDERR/hbm]: [java.lang.Throwable$WrappedPrintStream:println:-1]: 	at com.hbm.inventory.recipes.loader.SerializableRecipe.initialize(SerializableRecipe.java:152)
[15:26:06] [Client thread/INFO] [STDERR/hbm]: [java.lang.Throwable$WrappedPrintStream:println:-1]: 	at com.hbm.main.MainRegistry.PostLoad(MainRegistry.java:560)
[15:26:06] [Client thread/INFO] [STDERR/hbm]: [java.lang.Throwable$WrappedPrintStream:println:-1]: 	at sun.reflect.NativeMethodAccessorImpl.invoke0(Native Method)
[15:26:06] [Client thread/INFO] [STDERR/hbm]: [java.lang.Throwable$WrappedPrintStream:println:-1]: 	at sun.reflect.NativeMethodAccessorImpl.invoke(Unknown Source)
[15:26:06] [Client thread/INFO] [STDERR/hbm]: [java.lang.Throwable$WrappedPrintStream:println:-1]: 	at sun.reflect.DelegatingMethodAccessorImpl.invoke(Unknown Source)
[15:26:06] [Client thread/INFO] [STDERR/hbm]: [java.lang.Throwable$WrappedPrintStream:println:-1]: 	at java.lang.reflect.Method.invoke(Unknown Source)
[15:26:06] [Client thread/INFO] [STDERR/hbm]: [java.lang.Throwable$WrappedPrintStream:println:-1]: 	at cpw.mods.fml.common.FMLModContainer.handleModStateEvent(FMLModContainer.java:532)
[15:26:06] [Client thread/INFO] [STDERR/hbm]: [java.lang.Throwable$WrappedPrintStream:println:-1]: 	at sun.reflect.GeneratedMethodAccessor4.invoke(Unknown Source)
[15:26:06] [Client thread/INFO] [STDERR/hbm]: [java.lang.Throwable$WrappedPrintStream:println:-1]: 	at sun.reflect.DelegatingMethodAccessorImpl.invoke(Unknown Source)
[15:26:06] [Client thread/INFO] [STDERR/hbm]: [java.lang.Throwable$WrappedPrintStream:println:-1]: 	at java.lang.reflect.Method.invoke(Unknown Source)
[15:26:06] [Client thread/INFO] [STDERR/hbm]: [java.lang.Throwable$WrappedPrintStream:println:-1]: 	at com.google.common.eventbus.EventSubscriber.handleEvent(EventSubscriber.java:74)
[15:26:06] [Client thread/INFO] [STDERR/hbm]: [java.lang.Throwable$WrappedPrintStream:println:-1]: 	at com.google.common.eventbus.SynchronizedEventSubscriber.handleEvent(SynchronizedEventSubscriber.java:47)
[15:26:06] [Client thread/INFO] [STDERR/hbm]: [java.lang.Throwable$WrappedPrintStream:println:-1]: 	at com.google.common.eventbus.EventBus.dispatch(EventBus.java:322)
[15:26:06] [Client thread/INFO] [STDERR/hbm]: [java.lang.Throwable$WrappedPrintStream:println:-1]: 	at com.google.common.eventbus.EventBus.dispatchQueuedEvents(EventBus.java:304)
[15:26:06] [Client thread/INFO] [STDERR/hbm]: [java.lang.Throwable$WrappedPrintStream:println:-1]: 	at com.google.common.eventbus.EventBus.post(EventBus.java:275)
[15:26:06] [Client thread/INFO] [STDERR/hbm]: [java.lang.Throwable$WrappedPrintStream:println:-1]: 	at cpw.mods.fml.common.LoadController.sendEventToModContainer(LoadController.java:212)
[15:26:06] [Client thread/INFO] [STDERR/hbm]: [java.lang.Throwable$WrappedPrintStream:println:-1]: 	at cpw.mods.fml.common.LoadController.propogateStateMessage(LoadController.java:190)
[15:26:06] [Client thread/INFO] [STDERR/hbm]: [java.lang.Throwable$WrappedPrintStream:println:-1]: 	at sun.reflect.NativeMethodAccessorImpl.invoke0(Native Method)
[15:26:06] [Client thread/INFO] [STDERR/hbm]: [java.lang.Throwable$WrappedPrintStream:println:-1]: 	at sun.reflect.NativeMethodAccessorImpl.invoke(Unknown Source)
[15:26:06] [Client thread/INFO] [STDERR/hbm]: [java.lang.Throwable$WrappedPrintStream:println:-1]: 	at sun.reflect.DelegatingMethodAccessorImpl.invoke(Unknown Source)
[15:26:06] [Client thread/INFO] [STDERR/hbm]: [java.lang.Throwable$WrappedPrintStream:println:-1]: 	at java.lang.reflect.Method.invoke(Unknown Source)
[15:26:06] [Client thread/INFO] [STDERR/hbm]: [java.lang.Throwable$WrappedPrintStream:println:-1]: 	at com.google.common.eventbus.EventSubscriber.handleEvent(EventSubscriber.java:74)
[15:26:06] [Client thread/INFO] [STDERR/hbm]: [java.lang.Throwable$WrappedPrintStream:println:-1]: 	at com.google.common.eventbus.SynchronizedEventSubscriber.handleEvent(SynchronizedEventSubscriber.java:47)
[15:26:06] [Client thread/INFO] [STDERR/hbm]: [java.lang.Throwable$WrappedPrintStream:println:-1]: 	at com.google.common.eventbus.EventBus.dispatch(EventBus.java:322)
[15:26:06] [Client thread/INFO] [STDERR/hbm]: [java.lang.Throwable$WrappedPrintStream:println:-1]: 	at com.google.common.eventbus.EventBus.dispatchQueuedEvents(EventBus.java:304)
[15:26:06] [Client thread/INFO] [STDERR/hbm]: [java.lang.Throwable$WrappedPrintStream:println:-1]: 	at com.google.common.eventbus.EventBus.post(EventBus.java:275)
[15:26:06] [Client thread/INFO] [STDERR/hbm]: [java.lang.Throwable$WrappedPrintStream:println:-1]: 	at cpw.mods.fml.common.LoadController.distributeStateMessage(LoadController.java:119)
[15:26:06] [Client thread/INFO] [STDERR/hbm]: [java.lang.Throwable$WrappedPrintStream:println:-1]: 	at cpw.mods.fml.common.Loader.initializeMods(Loader.java:742)
[15:26:06] [Client thread/INFO] [STDERR/hbm]: [java.lang.Throwable$WrappedPrintStream:println:-1]: 	at cpw.mods.fml.client.FMLClientHandler.finishMinecraftLoading(FMLClientHandler.java:311)
[15:26:06] [Client thread/INFO] [STDERR/hbm]: [java.lang.Throwable$WrappedPrintStream:println:-1]: 	at net.minecraft.client.Minecraft.func_71384_a(Minecraft.java:552)
[15:26:06] [Client thread/INFO] [STDERR/hbm]: [java.lang.Throwable$WrappedPrintStream:println:-1]: 	at net.minecraft.client.Minecraft.func_99999_d(Minecraft.java:4993)
[15:26:06] [Client thread/INFO] [STDERR/hbm]: [java.lang.Throwable$WrappedPrintStream:println:-1]: 	at net.minecraft.client.main.Main.main(SourceFile:148)
[15:26:06] [Client thread/INFO] [STDERR/hbm]: [java.lang.Throwable$WrappedPrintStream:println:-1]: 	at sun.reflect.NativeMethodAccessorImpl.invoke0(Native Method)
[15:26:06] [Client thread/INFO] [STDERR/hbm]: [java.lang.Throwable$WrappedPrintStream:println:-1]: 	at sun.reflect.NativeMethodAccessorImpl.invoke(Unknown Source)
[15:26:06] [Client thread/INFO] [STDERR/hbm]: [java.lang.Throwable$WrappedPrintStream:println:-1]: 	at sun.reflect.DelegatingMethodAccessorImpl.invoke(Unknown Source)
[15:26:06] [Client thread/INFO] [STDERR/hbm]: [java.lang.Throwable$WrappedPrintStream:println:-1]: 	at java.lang.reflect.Method.invoke(Unknown Source)
[15:26:06] [Client thread/INFO] [STDERR/hbm]: [java.lang.Throwable$WrappedPrintStream:println:-1]: 	at net.minecraft.launchwrapper.Launch.launch(Launch.java:135)
[15:26:06] [Client thread/INFO] [STDERR/hbm]: [java.lang.Throwable$WrappedPrintStream:println:-1]: 	at net.minecraft.launchwrapper.Launch.main(Launch.java:28)
[15:26:06] [Client thread/INFO] [HBM/hbm]: No recipe file found, registering defaults for hbmCrucible.json
[15:26:06] [Client thread/INFO] [HBM/hbm]: Writing template file _hbmCrucible.json
[15:26:06] [Client thread/INFO] [HBM/hbm]: No recipe file found, registering defaults for hbmAssemblyMachine.json
[15:26:06] [Client thread/INFO] [HBM/hbm]: Writing template file _hbmAssemblyMachine.json
[15:26:06] [Client thread/INFO] [HBM/hbm]: No recipe file found, registering defaults for hbmChemicalPlant.json
[15:26:06] [Client thread/INFO] [HBM/hbm]: Writing template file _hbmChemicalPlant.json
[15:26:06] [Client thread/INFO] [HBM/hbm]: No recipe file found, registering defaults for hbmPUREX.json
[15:26:06] [Client thread/INFO] [HBM/hbm]: Writing template file _hbmPUREX.json
[15:26:06] [Client thread/INFO] [HBM/hbm]: No recipe file found, registering defaults for hbmFusion.json
[15:26:06] [Client thread/INFO] [HBM/hbm]: Writing template file _hbmFusion.json
[15:26:06] [Client thread/INFO] [HBM/hbm]: No recipe file found, registering defaults for hbmPrecisionAssembly.json
[15:26:06] [Client thread/INFO] [HBM/hbm]: Writing template file _hbmPrecisionAssembly.json
[15:26:06] [Client thread/INFO] [HBM/hbm]: No recipe file found, registering defaults for hbmPlasmaForge.json
[15:26:06] [Client thread/INFO] [HBM/hbm]: Writing template file _hbmPlasmaForge.json
[15:26:06] [Client thread/INFO] [HBM/hbm]: No recipe file found, registering defaults for hbmCrucibleSmelting.json
[15:26:06] [Client thread/INFO] [HBM/hbm]: Writing template file _hbmCrucibleSmelting.json
[15:26:06] [Client thread/INFO] [HBM/hbm]: No recipe file found, registering defaults for hbmCustomMachines.json
[15:26:06] [Client thread/INFO] [HBM/hbm]: Writing template file _hbmCustomMachines.json
[15:26:06] [Client thread/INFO] [HBM/hbm]: No recipe file found, registering defaults for hbmArcFurnace.json
[15:26:06] [Client thread/INFO] [HBM/hbm]: Writing template file _hbmArcFurnace.json
[15:26:06] [Client thread/INFO] [HBM/hbm]: Finished recipe init!
[15:26:06] [Client thread/INFO] [HBM/hbm]: No armor file found, registering defaults for _hbmArmor.json
[15:26:06] [Client thread/TRACE] [hbm/hbm]: Sent event FMLPostInitializationEvent to mod hbm
[15:26:06] [Client thread/DEBUG] [FML/]: Bar Step: PostInitialization - Hbm's Nuclear Tech took 1.291s
[15:26:06] [Client thread/TRACE] [hidenames/hidenames]: Sending event FMLPostInitializationEvent to mod hidenames
[15:26:06] [Client thread/INFO] [STDOUT/hidenames]: [com.tlf.HN.common.HideNames:onModLoad:115]: Hide Names 1.1.7 loaded!
[15:26:06] [Client thread/TRACE] [hidenames/hidenames]: Sent event FMLPostInitializationEvent to mod hidenames
[15:26:06] [Client thread/DEBUG] [FML/]: Bar Step: PostInitialization - Hide Names took 0.001s
[15:26:06] [Client thread/TRACE] [mcheli/mcheli]: Sending event FMLPostInitializationEvent to mod mcheli
[15:26:07] [Client thread/TRACE] [mcheli/mcheli]: Sent event FMLPostInitializationEvent to mod mcheli
[15:26:07] [Client thread/DEBUG] [FML/]: Bar Step: PostInitialization - MCH-Reforged took 0.466s
[15:26:07] [Client thread/TRACE] [mchrmixin/mchrmixin]: Sending event FMLPostInitializationEvent to mod mchrmixin
[15:26:07] [Client thread/TRACE] [mchrmixin/mchrmixin]: Sent event FMLPostInitializationEvent to mod mchrmixin
[15:26:07] [Client thread/DEBUG] [FML/]: Bar Step: PostInitialization - mchrmixin took 0.000s
[15:26:07] [Client thread/TRACE] [qemenu/qemenu]: Sending event FMLPostInitializationEvent to mod qemenu
[15:26:07] [Client thread/TRACE] [qemenu/qemenu]: Sent event FMLPostInitializationEvent to mod qemenu
[15:26:07] [Client thread/DEBUG] [FML/]: Bar Step: PostInitialization - Quick Easy Menu took 0.000s
[15:26:07] [Client thread/TRACE] [signpic/signpic]: Sending event FMLPostInitializationEvent to mod signpic
[15:26:07] [Client thread/TRACE] [signpic/signpic]: Sent event FMLPostInitializationEvent to mod signpic
[15:26:07] [Client thread/DEBUG] [FML/]: Bar Step: PostInitialization - SignPicture took 0.000s
[15:26:07] [Client thread/TRACE] [stepup/stepup]: Sending event FMLPostInitializationEvent to mod stepup
[15:26:07] [Client thread/TRACE] [stepup/stepup]: Sent event FMLPostInitializationEvent to mod stepup
[15:26:07] [Client thread/DEBUG] [FML/]: Bar Step: PostInitialization - StepUp took 0.001s
[15:26:07] [Client thread/TRACE] [vexview/vexview]: Sending event FMLPostInitializationEvent to mod vexview
[15:26:07] [Client thread/TRACE] [vexview/vexview]: Sent event FMLPostInitializationEvent to mod vexview
[15:26:07] [Client thread/DEBUG] [FML/]: Bar Step: PostInitialization - VexView took 0.000s
[15:26:07] [Client thread/TRACE] [XaeroMinimap/XaeroMinimap]: Sending event FMLPostInitializationEvent to mod XaeroMinimap
[15:26:07] [Client thread/INFO] [STDOUT/XaeroMinimap]: [xaero.common.mods.SupportMods:<init>:35]: Xaero's Minimap: World Map found!
[15:26:07] [Client thread/INFO] [STDOUT/XaeroMinimap]: [xaero.common.mods.SupportMods:<init>:45]: No Optifine!
[15:26:07] [Client thread/TRACE] [XaeroMinimap/XaeroMinimap]: Sent event FMLPostInitializationEvent to mod XaeroMinimap
[15:26:07] [Client thread/DEBUG] [FML/]: Bar Step: PostInitialization - Xaero's Minimap took 0.792s
[15:26:07] [Client thread/TRACE] [XaeroWorldMap/XaeroWorldMap]: Sending event FMLPostInitializationEvent to mod XaeroWorldMap
[15:26:07] [Client thread/INFO] [STDOUT/XaeroWorldMap]: [xaero.map.settings.ModSettings:updateRegionCacheHashCode:365]: New world map region cache hash code: 565936103
[15:26:07] [Client thread/INFO] [STDOUT/XaeroWorldMap]: [xaero.map.mods.SupportXaeroMinimap:<init>:65]: Xaero's WorldMap Mod: Xaero's minimap found!
[15:26:07] [Client thread/INFO] [STDOUT/XaeroWorldMap]: [xaero.map.mods.SupportMods:load:25]: No Vivecraft!
[15:26:07] [Client thread/TRACE] [XaeroWorldMap/XaeroWorldMap]: Sent event FMLPostInitializationEvent to mod XaeroWorldMap
[15:26:07] [Client thread/DEBUG] [FML/]: Bar Step: PostInitialization - Xaero's World Map took 0.026s
[15:26:07] [Client thread/DEBUG] [FML/]: Bar Finished: PostInitialization took 2.676s
[15:26:07] [Client thread/TRACE] [mcp/mcp]: Sending event FMLLoadCompleteEvent to mod mcp
[15:26:07] [Client thread/TRACE] [mcp/mcp]: Sent event FMLLoadCompleteEvent to mod mcp
[15:26:07] [Client thread/DEBUG] [FML/]: Bar Step: LoadComplete - Minecraft Coder Pack took 0.000s
[15:26:07] [Client thread/TRACE] [FML/FML]: Sending event FMLLoadCompleteEvent to mod FML
[15:26:07] [Client thread/TRACE] [FML/FML]: Sent event FMLLoadCompleteEvent to mod FML
[15:26:07] [Client thread/DEBUG] [FML/]: Bar Step: LoadComplete - Forge Mod Loader took 0.000s
[15:26:07] [Client thread/TRACE] [Forge/Forge]: Sending event FMLLoadCompleteEvent to mod Forge
[15:26:07] [Client thread/DEBUG] [FML/Forge]: Forge RecipeSorter Baking:
[15:26:07] [Client thread/DEBUG] [FML/Forge]:   16: RecipeEntry("Before", UNKNOWN, )
[15:26:07] [Client thread/DEBUG] [FML/Forge]:   15: RecipeEntry("minecraft:shaped", SHAPED, net.minecraft.item.crafting.ShapedRecipes) Before: minecraft:shapeless
[15:26:07] [Client thread/DEBUG] [FML/Forge]:   14: RecipeEntry("hbm:mku", SHAPED, com.hbm.crafting.handlers.MKUCraftingHandler) Before: minecraft:shapeless After: minecraft:shaped
[15:26:07] [Client thread/DEBUG] [FML/Forge]:   13: RecipeEntry("hbm:containerupgrade", SHAPED, com.hbm.crafting.handlers.ContainerUpgradeCraftingHandler) Before: minecraft:shapeless After: minecraft:shaped
[15:26:07] [Client thread/DEBUG] [FML/Forge]:   12: RecipeEntry("forge:shapedore", SHAPED, net.minecraftforge.oredict.ShapedOreRecipe) Before: minecraft:shapeless After: minecraft:shaped
[15:26:07] [Client thread/DEBUG] [FML/Forge]:   11: RecipeEntry("minecraft:mapextending", SHAPED, net.minecraft.item.crafting.RecipesMapExtending) Before: minecraft:shapeless After: minecraft:shaped
[15:26:07] [Client thread/DEBUG] [FML/Forge]:   10: RecipeEntry("minecraft:shapeless", SHAPELESS, net.minecraft.item.crafting.ShapelessRecipes) After: minecraft:shaped
[15:26:07] [Client thread/DEBUG] [FML/Forge]:   9: RecipeEntry("minecraft:armordyes", SHAPELESS, net.minecraft.item.crafting.RecipesArmorDyes) After: minecraft:shapeless
[15:26:07] [Client thread/DEBUG] [FML/Forge]:   8: RecipeEntry("minecraft:fireworks", SHAPELESS, net.minecraft.item.crafting.RecipeFireworks) After: minecraft:shapeless
[15:26:07] [Client thread/DEBUG] [FML/Forge]:   7: RecipeEntry("minecraft:mapcloning", SHAPELESS, net.minecraft.item.crafting.RecipesMapCloning) After: minecraft:shapeless
[15:26:07] [Client thread/DEBUG] [FML/Forge]:   6: RecipeEntry("forge:shapelessore", SHAPELESS, net.minecraftforge.oredict.ShapelessOreRecipe) After: minecraft:shapeless
[15:26:07] [Client thread/DEBUG] [FML/Forge]:   5: RecipeEntry("hbm:cargo", SHAPELESS, com.hbm.crafting.handlers.CargoShellCraftingHandler) After: minecraft:shapeless
[15:26:07] [Client thread/DEBUG] [FML/Forge]:   4: RecipeEntry("hbm:rbmk", SHAPELESS, com.hbm.crafting.handlers.RBMKFuelCraftingHandler) After: minecraft:shapeless
[15:26:07] [Client thread/DEBUG] [FML/Forge]:   3: RecipeEntry("minecraft:bookcloning", SHAPELESS, net.minecraft.item.crafting.RecipeBookCloning) After: minecraft:shapeless
[15:26:07] [Client thread/DEBUG] [FML/Forge]:   2: RecipeEntry("hbm:scraps", SHAPELESS, com.hbm.crafting.handlers.ScrapsCraftingHandler) After: minecraft:shapeless
[15:26:07] [Client thread/DEBUG] [FML/Forge]:   1: RecipeEntry("After", UNKNOWN, )
[15:26:07] [Client thread/DEBUG] [FML/Forge]: Sorting recipies
[15:26:07] [Client thread/INFO] [FML/Forge]:   Unknown recipe class! mcheli.MCH_RecipeFuel Modder please refer to net.minecraftforge.oredict.RecipeSorter
[15:26:07] [Client thread/INFO] [FML/Forge]:   Unknown recipe class! mcheli.MCH_RecipeReloadRangeFinder Modder please refer to net.minecraftforge.oredict.RecipeSorter
[15:26:07] [Client thread/TRACE] [Forge/Forge]: Sent event FMLLoadCompleteEvent to mod Forge
[15:26:07] [Client thread/DEBUG] [FML/]: Bar Step: LoadComplete - Minecraft Forge took 0.008s
[15:26:07] [Client thread/TRACE] [InputFix/InputFix]: Sending event FMLLoadCompleteEvent to mod InputFix
[15:26:07] [Client thread/TRACE] [InputFix/InputFix]: Sent event FMLLoadCompleteEvent to mod InputFix
[15:26:07] [Client thread/DEBUG] [FML/]: Bar Step: LoadComplete - InputFix took 0.000s
[15:26:07] [Client thread/TRACE] [UnicodeFontExtensionCore/UnicodeFontExtensionCore]: Sending event FMLLoadCompleteEvent to mod UnicodeFontExtensionCore
[15:26:07] [Client thread/TRACE] [UnicodeFontExtensionCore/UnicodeFontExtensionCore]: Sent event FMLLoadCompleteEvent to mod UnicodeFontExtensionCore
[15:26:07] [Client thread/DEBUG] [FML/]: Bar Step: LoadComplete - Unicode Font Extension Core took 0.000s
[15:26:07] [Client thread/TRACE] [UraniumPlus/UraniumPlus]: Sending event FMLLoadCompleteEvent to mod UraniumPlus
[15:26:07] [Client thread/TRACE] [UraniumPlus/UraniumPlus]: Sent event FMLLoadCompleteEvent to mod UraniumPlus
[15:26:07] [Client thread/DEBUG] [FML/]: Bar Step: LoadComplete - Added title and actionbar support for client and server took 0.000s
[15:26:07] [Client thread/TRACE] [xaerominimap_core/xaerominimap_core]: Sending event FMLLoadCompleteEvent to mod xaerominimap_core
[15:26:07] [Client thread/TRACE] [xaerominimap_core/xaerominimap_core]: Sent event FMLLoadCompleteEvent to mod xaerominimap_core
[15:26:07] [Client thread/DEBUG] [FML/]: Bar Step: LoadComplete - XaeroMinimapCore took 0.000s
[15:26:07] [Client thread/TRACE] [xaeroworldmap_core/xaeroworldmap_core]: Sending event FMLLoadCompleteEvent to mod xaeroworldmap_core
[15:26:07] [Client thread/TRACE] [xaeroworldmap_core/xaeroworldmap_core]: Sent event FMLLoadCompleteEvent to mod xaeroworldmap_core
[15:26:07] [Client thread/DEBUG] [FML/]: Bar Step: LoadComplete - XaeroWorldMapCore took 0.000s
[15:26:07] [Client thread/TRACE] [GTNHLib Core/GTNHLib Core]: Sending event FMLLoadCompleteEvent to mod GTNHLib Core
[15:26:07] [Client thread/TRACE] [GTNHLib Core/GTNHLib Core]: Sent event FMLLoadCompleteEvent to mod GTNHLib Core
[15:26:07] [Client thread/DEBUG] [FML/]: Bar Step: LoadComplete - GTNHLib Core took 0.000s
[15:26:07] [Client thread/TRACE] [UnicodeFontExtension/UnicodeFontExtension]: Sending event FMLLoadCompleteEvent to mod UnicodeFontExtension
[15:26:07] [Client thread/TRACE] [UnicodeFontExtension/UnicodeFontExtension]: Sent event FMLLoadCompleteEvent to mod UnicodeFontExtension
[15:26:07] [Client thread/DEBUG] [FML/]: Bar Step: LoadComplete - Unicode Font Extension took 0.000s
[15:26:07] [Client thread/TRACE] [unimixins/unimixins]: Sending event FMLLoadCompleteEvent to mod unimixins
[15:26:07] [Client thread/TRACE] [unimixins/unimixins]: Sent event FMLLoadCompleteEvent to mod unimixins
[15:26:07] [Client thread/DEBUG] [FML/]: Bar Step: LoadComplete - UniMixins took 0.000s
[15:26:07] [Client thread/TRACE] [unimixins-mixin/unimixins-mixin]: Sending event FMLLoadCompleteEvent to mod unimixins-mixin
[15:26:07] [Client thread/TRACE] [unimixins-mixin/unimixins-mixin]: Sent event FMLLoadCompleteEvent to mod unimixins-mixin
[15:26:07] [Client thread/DEBUG] [FML/]: Bar Step: LoadComplete - UniMixins: Mixin (UniMix) took 0.000s
[15:26:07] [Client thread/TRACE] [unimixins-compat/unimixins-compat]: Sending event FMLLoadCompleteEvent to mod unimixins-compat
[15:26:07] [Client thread/TRACE] [unimixins-compat/unimixins-compat]: Sent event FMLLoadCompleteEvent to mod unimixins-compat
[15:26:07] [Client thread/DEBUG] [FML/]: Bar Step: LoadComplete - UniMixins: Compatibility took 0.000s
[15:26:07] [Client thread/TRACE] [mixingasm/mixingasm]: Sending event FMLLoadCompleteEvent to mod mixingasm
[15:26:07] [Client thread/TRACE] [mixingasm/mixingasm]: Sent event FMLLoadCompleteEvent to mod mixingasm
[15:26:07] [Client thread/DEBUG] [FML/]: Bar Step: LoadComplete - UniMixins: Mixingasm took 0.000s
[15:26:07] [Client thread/TRACE] [spongemixins/spongemixins]: Sending event FMLLoadCompleteEvent to mod spongemixins
[15:26:07] [Client thread/TRACE] [spongemixins/spongemixins]: Sent event FMLLoadCompleteEvent to mod spongemixins
[15:26:07] [Client thread/DEBUG] [FML/]: Bar Step: LoadComplete - UniMixins: SpongeMixins took 0.000s
[15:26:07] [Client thread/TRACE] [mixinbooterlegacy/mixinbooterlegacy]: Sending event FMLLoadCompleteEvent to mod mixinbooterlegacy
[15:26:07] [Client thread/TRACE] [mixinbooterlegacy/mixinbooterlegacy]: Sent event FMLLoadCompleteEvent to mod mixinbooterlegacy
[15:26:07] [Client thread/DEBUG] [FML/]: Bar Step: LoadComplete - UniMixins: MixinBooterLegacy took 0.000s
[15:26:07] [Client thread/TRACE] [gasstation/gasstation]: Sending event FMLLoadCompleteEvent to mod gasstation
[15:26:07] [Client thread/TRACE] [gasstation/gasstation]: Sent event FMLLoadCompleteEvent to mod gasstation
[15:26:07] [Client thread/DEBUG] [FML/]: Bar Step: LoadComplete - UniMixins: GasStation took 0.000s
[15:26:07] [Client thread/TRACE] [gtnhmixins/gtnhmixins]: Sending event FMLLoadCompleteEvent to mod gtnhmixins
[15:26:07] [Client thread/TRACE] [gtnhmixins/gtnhmixins]: Sent event FMLLoadCompleteEvent to mod gtnhmixins
[15:26:07] [Client thread/DEBUG] [FML/]: Bar Step: LoadComplete - UniMixins: GTNHMixins took 0.000s
[15:26:07] [Client thread/TRACE] [mixinextras/mixinextras]: Sending event FMLLoadCompleteEvent to mod mixinextras
[15:26:07] [Client thread/TRACE] [mixinextras/mixinextras]: Sent event FMLLoadCompleteEvent to mod mixinextras
[15:26:07] [Client thread/DEBUG] [FML/]: Bar Step: LoadComplete - UniMixins: MixinExtras took 0.000s
[15:26:07] [Client thread/TRACE] [worldedit/worldedit]: Sending event FMLLoadCompleteEvent to mod worldedit
[15:26:07] [Client thread/TRACE] [worldedit/worldedit]: Sent event FMLLoadCompleteEvent to mod worldedit
[15:26:07] [Client thread/DEBUG] [FML/]: Bar Step: LoadComplete - WorldEdit took 0.000s
[15:26:07] [Client thread/TRACE] [embeddium/embeddium]: Sending event FMLLoadCompleteEvent to mod embeddium
[15:26:07] [Client thread/TRACE] [embeddium/embeddium]: Sent event FMLLoadCompleteEvent to mod embeddium
[15:26:07] [Client thread/DEBUG] [FML/]: Bar Step: LoadComplete - Embeddium took 0.000s
[15:26:07] [Client thread/TRACE] [gtnhlib/gtnhlib]: Sending event FMLLoadCompleteEvent to mod gtnhlib
[15:26:07] [Client thread/TRACE] [gtnhlib/gtnhlib]: Sent event FMLLoadCompleteEvent to mod gtnhlib
[15:26:07] [Client thread/DEBUG] [FML/]: Bar Step: LoadComplete - GTNH Lib took 0.000s
[15:26:07] [Client thread/TRACE] [angelica/angelica]: Sending event FMLLoadCompleteEvent to mod angelica
[15:26:07] [Client thread/TRACE] [angelica/angelica]: Sent event FMLLoadCompleteEvent to mod angelica
[15:26:07] [Client thread/DEBUG] [FML/]: Bar Step: LoadComplete - Angelica took 0.000s
[15:26:07] [Client thread/TRACE] [notfine/notfine]: Sending event FMLLoadCompleteEvent to mod notfine
[15:26:07] [Client thread/TRACE] [notfine/notfine]: Sent event FMLLoadCompleteEvent to mod notfine
[15:26:07] [Client thread/DEBUG] [FML/]: Bar Step: LoadComplete - NotFine took 0.000s
[15:26:07] [Client thread/TRACE] [mcpatcherforge/mcpatcherforge]: Sending event FMLLoadCompleteEvent to mod mcpatcherforge
[15:26:07] [Client thread/TRACE] [mcpatcherforge/mcpatcherforge]: Sent event FMLLoadCompleteEvent to mod mcpatcherforge
[15:26:07] [Client thread/DEBUG] [FML/]: Bar Step: LoadComplete - MCPatcherForge took 0.000s
[15:26:07] [Client thread/TRACE] [ArchitectureCraft/ArchitectureCraft]: Sending event FMLLoadCompleteEvent to mod ArchitectureCraft
[15:26:07] [Client thread/TRACE] [ArchitectureCraft/ArchitectureCraft]: Sent event FMLLoadCompleteEvent to mod ArchitectureCraft
[15:26:07] [Client thread/DEBUG] [FML/]: Bar Step: LoadComplete - ArchitectureCraft took 0.000s
[15:26:07] [Client thread/TRACE] [coretweaks/coretweaks]: Sending event FMLLoadCompleteEvent to mod coretweaks
[15:26:07] [Client thread/TRACE] [coretweaks/coretweaks]: Sent event FMLLoadCompleteEvent to mod coretweaks
[15:26:07] [Client thread/DEBUG] [FML/]: Bar Step: LoadComplete - CoreTweaks took 0.000s
[15:26:07] [Client thread/TRACE] [CustomMainMenu/CustomMainMenu]: Sending event FMLLoadCompleteEvent to mod CustomMainMenu
[15:26:07] [Client thread/TRACE] [CustomMainMenu/CustomMainMenu]: Sent event FMLLoadCompleteEvent to mod CustomMainMenu
[15:26:07] [Client thread/DEBUG] [FML/]: Bar Step: LoadComplete - Custom Main Menu took 0.000s
[15:26:07] [Client thread/TRACE] [damagemark/damagemark]: Sending event FMLLoadCompleteEvent to mod damagemark
[15:26:07] [Client thread/TRACE] [damagemark/damagemark]: Sent event FMLLoadCompleteEvent to mod damagemark
[15:26:07] [Client thread/DEBUG] [FML/]: Bar Step: LoadComplete - DamageMark took 0.000s
[15:26:07] [Client thread/TRACE] [erde/erde]: Sending event FMLLoadCompleteEvent to mod erde
[15:26:07] [Client thread/TRACE] [erde/erde]: Sent event FMLLoadCompleteEvent to mod erde
[15:26:07] [Client thread/DEBUG] [FML/]: Bar Step: LoadComplete - Entity Render Extender took 0.000s
[15:26:07] [Client thread/TRACE] [flansmod/flansmod]: Sending event FMLLoadCompleteEvent to mod flansmod
[15:26:07] [Client thread/TRACE] [flansmod/flansmod]: Sent event FMLLoadCompleteEvent to mod flansmod
[15:26:07] [Client thread/DEBUG] [FML/]: Bar Step: LoadComplete - Flan's Mod Ultimate (Stability Edition) took 0.000s
[15:26:07] [Client thread/TRACE] [hbm/hbm]: Sending event FMLLoadCompleteEvent to mod hbm
[15:26:07] [Client thread/TRACE] [hbm/hbm]: Sent event FMLLoadCompleteEvent to mod hbm
[15:26:07] [Client thread/DEBUG] [FML/]: Bar Step: LoadComplete - Hbm's Nuclear Tech took 0.000s
[15:26:07] [Client thread/TRACE] [hidenames/hidenames]: Sending event FMLLoadCompleteEvent to mod hidenames
[15:26:07] [Client thread/TRACE] [hidenames/hidenames]: Sent event FMLLoadCompleteEvent to mod hidenames
[15:26:07] [Client thread/DEBUG] [FML/]: Bar Step: LoadComplete - Hide Names took 0.000s
[15:26:07] [Client thread/TRACE] [mcheli/mcheli]: Sending event FMLLoadCompleteEvent to mod mcheli
[15:26:07] [Client thread/TRACE] [mcheli/mcheli]: Sent event FMLLoadCompleteEvent to mod mcheli
[15:26:07] [Client thread/DEBUG] [FML/]: Bar Step: LoadComplete - MCH-Reforged took 0.000s
[15:26:07] [Client thread/TRACE] [mchrmixin/mchrmixin]: Sending event FMLLoadCompleteEvent to mod mchrmixin
[15:26:07] [Client thread/TRACE] [mchrmixin/mchrmixin]: Sent event FMLLoadCompleteEvent to mod mchrmixin
[15:26:07] [Client thread/DEBUG] [FML/]: Bar Step: LoadComplete - mchrmixin took 0.000s
[15:26:07] [Client thread/TRACE] [qemenu/qemenu]: Sending event FMLLoadCompleteEvent to mod qemenu
[15:26:07] [Client thread/TRACE] [qemenu/qemenu]: Sent event FMLLoadCompleteEvent to mod qemenu
[15:26:07] [Client thread/DEBUG] [FML/]: Bar Step: LoadComplete - Quick Easy Menu took 0.000s
[15:26:07] [Client thread/TRACE] [signpic/signpic]: Sending event FMLLoadCompleteEvent to mod signpic
[15:26:07] [Client thread/TRACE] [signpic/signpic]: Sent event FMLLoadCompleteEvent to mod signpic
[15:26:07] [Client thread/DEBUG] [FML/]: Bar Step: LoadComplete - SignPicture took 0.000s
[15:26:07] [Client thread/TRACE] [stepup/stepup]: Sending event FMLLoadCompleteEvent to mod stepup
[15:26:07] [Client thread/TRACE] [stepup/stepup]: Sent event FMLLoadCompleteEvent to mod stepup
[15:26:07] [Client thread/DEBUG] [FML/]: Bar Step: LoadComplete - StepUp took 0.000s
[15:26:07] [Client thread/TRACE] [vexview/vexview]: Sending event FMLLoadCompleteEvent to mod vexview
[15:26:07] [Client thread/TRACE] [vexview/vexview]: Sent event FMLLoadCompleteEvent to mod vexview
[15:26:07] [Client thread/DEBUG] [FML/]: Bar Step: LoadComplete - VexView took 0.000s
[15:26:07] [Client thread/TRACE] [XaeroMinimap/XaeroMinimap]: Sending event FMLLoadCompleteEvent to mod XaeroMinimap
[15:26:07] [Client thread/TRACE] [XaeroMinimap/XaeroMinimap]: Sent event FMLLoadCompleteEvent to mod XaeroMinimap
[15:26:07] [Client thread/DEBUG] [FML/]: Bar Step: LoadComplete - Xaero's Minimap took 0.000s
[15:26:07] [Client thread/TRACE] [XaeroWorldMap/XaeroWorldMap]: Sending event FMLLoadCompleteEvent to mod XaeroWorldMap
[15:26:07] [Client thread/TRACE] [XaeroWorldMap/XaeroWorldMap]: Sent event FMLLoadCompleteEvent to mod XaeroWorldMap
[15:26:07] [Client thread/DEBUG] [FML/]: Bar Step: LoadComplete - Xaero's World Map took 0.000s
[15:26:07] [Client thread/DEBUG] [FML/]: Bar Finished: LoadComplete took 0.011s
[15:26:07] [Client thread/DEBUG] [FML/]: Freezing block and item id maps
[15:26:07] [Client thread/DEBUG] [FML/]: Registry consistency check successful
[15:26:07] [Client thread/DEBUG] [FML/]: Registry consistency check successful
[15:26:07] [Client thread/INFO] [FML/]: Forge Mod Loader has successfully loaded 41 mods
[15:26:07] [Client thread/DEBUG] [FML/]: Bar Step: Loading Resources - Default took 0.001s
[15:26:07] [Client thread/DEBUG] [FML/]: Bar Step: Loading Resources - FMLFileResourcePack:Forge Mod Loader took 0.001s
[15:26:07] [Client thread/DEBUG] [FML/]: Bar Step: Loading Resources - FMLFileResourcePack:Minecraft Forge took 0.001s
[15:26:07] [Client thread/DEBUG] [FML/]: Bar Step: Loading Resources - FMLFileResourcePack:Added title and actionbar support for client and server took 0.000s
[15:26:07] [Client thread/DEBUG] [FML/]: Bar Step: Loading Resources - FMLFileResourcePack:UniMixins took 0.002s
[15:26:07] [Client thread/DEBUG] [FML/]: Bar Step: Loading Resources - FMLFileResourcePack:UniMixins: Mixin (UniMix) took 0.002s
[15:26:07] [Client thread/DEBUG] [FML/]: Bar Step: Loading Resources - FMLFileResourcePack:UniMixins: Compatibility took 0.001s
[15:26:08] [Client thread/DEBUG] [FML/]: Bar Step: Loading Resources - FMLFileResourcePack:UniMixins: Mixingasm took 0.001s
[15:26:08] [Client thread/DEBUG] [FML/]: Bar Step: Loading Resources - FMLFileResourcePack:UniMixins: SpongeMixins took 0.001s
[15:26:08] [Client thread/DEBUG] [FML/]: Bar Step: Loading Resources - FMLFileResourcePack:UniMixins: MixinBooterLegacy took 0.001s
[15:26:08] [Client thread/DEBUG] [FML/]: Bar Step: Loading Resources - FMLFileResourcePack:UniMixins: GasStation took 0.001s
[15:26:08] [Client thread/DEBUG] [FML/]: Bar Step: Loading Resources - FMLFileResourcePack:UniMixins: GTNHMixins took 0.001s
[15:26:08] [Client thread/DEBUG] [FML/]: Bar Step: Loading Resources - FMLFileResourcePack:UniMixins: MixinExtras took 0.002s
[15:26:08] [Client thread/DEBUG] [FML/]: Bar Step: Loading Resources - FMLFileResourcePack:WorldEdit took 0.001s
[15:26:08] [Client thread/DEBUG] [FML/]: Bar Step: Loading Resources - FMLFileResourcePack:Embeddium took 0.001s
[15:26:08] [Client thread/DEBUG] [FML/]: Bar Step: Loading Resources - FMLFileResourcePack:Angelica took 0.001s
[15:26:08] [Client thread/DEBUG] [FML/]: Bar Step: Loading Resources - FMLFileResourcePack:NotFine took 0.002s
[15:26:08] [Client thread/DEBUG] [FML/]: Bar Step: Loading Resources - FMLFileResourcePack:MCPatcherForge took 0.002s
[15:26:08] [Client thread/DEBUG] [FML/]: Bar Step: Loading Resources - FMLFileResourcePack:ArchitectureCraft took 0.000s
[15:26:08] [Client thread/DEBUG] [FML/]: Bar Step: Loading Resources - FMLFileResourcePack:CoreTweaks took 0.001s
[15:26:08] [Client thread/DEBUG] [FML/]: Bar Step: Loading Resources - FMLFileResourcePack:Custom Main Menu took 0.000s
[15:26:08] [Client thread/DEBUG] [FML/]: Bar Step: Loading Resources - FMLFileResourcePack:DamageMark took 0.000s
[15:26:08] [Client thread/DEBUG] [FML/]: Bar Step: Loading Resources - FMLFileResourcePack:Entity Render Extender took 0.000s
[15:26:08] [Client thread/DEBUG] [FML/]: Bar Step: Loading Resources - FMLFileResourcePack:Flan's Mod Ultimate (Stability Edition) took 0.001s
[15:26:08] [Client thread/DEBUG] [FML/]: Bar Step: Loading Resources - FMLFileResourcePack:GTNH Lib took 0.008s
[15:26:08] [Client thread/DEBUG] [FML/]: Bar Step: Loading Resources - FMLFileResourcePack:Hbm's Nuclear Tech took 0.010s
[15:26:08] [Client thread/DEBUG] [FML/]: Bar Step: Loading Resources - FMLFileResourcePack:Hide Names took 0.000s
[15:26:08] [Client thread/DEBUG] [FML/]: Bar Step: Loading Resources - FMLFileResourcePack:MCH-Reforged took 0.001s
[15:26:08] [Client thread/DEBUG] [FML/]: Bar Step: Loading Resources - FMLFileResourcePack:mchrmixin took 0.000s
[15:26:08] [Client thread/DEBUG] [FML/]: Bar Step: Loading Resources - FMLFileResourcePack:Quick Easy Menu took 0.000s
[15:26:08] [Client thread/DEBUG] [FML/]: Bar Step: Loading Resources - FMLFileResourcePack:SignPicture took 0.000s
[15:26:08] [Client thread/DEBUG] [FML/]: Bar Step: Loading Resources - FMLFileResourcePack:StepUp took 0.000s
[15:26:08] [Client thread/DEBUG] [FML/]: Bar Step: Loading Resources - FMLFileResourcePack:Unicode Font Extension took 0.000s
[15:26:08] [Client thread/DEBUG] [FML/]: Bar Step: Loading Resources - FMLFileResourcePack:VexView took 0.000s
[15:26:08] [Client thread/DEBUG] [FML/]: Bar Step: Loading Resources - FMLFileResourcePack:Xaero's Minimap took 0.000s
[15:26:08] [Client thread/DEBUG] [FML/]: Bar Step: Loading Resources - FMLFileResourcePack:Xaero's World Map took 0.000s
[15:26:08] [Client thread/DEBUG] [FML/]: Bar Step: Loading Resources - FMLFileResourcePack:Flan's Mod : Armor took 0.001s
[15:26:08] [Client thread/DEBUG] [FML/]: Bar Step: Loading Resources - FMLFileResourcePack:Flan's Mod : BFMC Gun Pack took 0.000s
[15:26:08] [Client thread/DEBUG] [FML/]: Bar Step: Loading Resources - FMLFileResourcePack:Flan's Mod : BFMC Gun Pack Exp took 0.000s
[15:26:08] [Client thread/DEBUG] [FML/]: Bar Step: Loading Resources - FMLFileResourcePack:Flan's Mod : BFMCpack took 0.000s
[15:26:08] [Client thread/DEBUG] [FML/]: Bar Step: Loading Resources - FMLFileResourcePack:Flan's Mod : simple parts-content pack-1.7.10-4.10.0.jar took 0.000s
[15:26:08] [Client thread/DEBUG] [FML/]: Bar Step: Loading Resources - BFMC Resourcepack took 0.001s
[15:26:08] [Client thread/INFO] [HBM/]: [QMAW] Reloading manual...
[15:26:08] [Client thread/INFO] [HBM/]: [QMAW] Dissecting jar HBM-NTM-[1.0.27_X5649].jar
[15:26:08] [Client thread/INFO] [HBM/]: [QMAW] Found manual fluids/crude_oil.json
[15:26:08] [Client thread/INFO] [HBM/]: [QMAW] Found manual fusion/boiler.json
[15:26:08] [Client thread/INFO] [HBM/]: [QMAW] Found manual fusion/breeder.json
[15:26:08] [Client thread/INFO] [HBM/]: [QMAW] Found manual fusion/collector.json
[15:26:08] [Client thread/INFO] [HBM/]: [QMAW] Found manual fusion/coupler.json
[15:26:08] [Client thread/INFO] [HBM/]: [QMAW] Found manual fusion/fusionreactor.json
[15:26:08] [Client thread/INFO] [HBM/]: [QMAW] Found manual fusion/klystron.json
[15:26:08] [Client thread/INFO] [HBM/]: [QMAW] Found manual fusion/mhdt.json
[15:26:08] [Client thread/INFO] [HBM/]: [QMAW] Found manual fusion/torus.json
[15:26:08] [Client thread/INFO] [HBM/]: [QMAW] Found manual guide/oil.json
[15:26:08] [Client thread/INFO] [HBM/]: [QMAW] Found manual guide/oil1.json
[15:26:08] [Client thread/INFO] [HBM/]: [QMAW] Found manual guide/oil2.json
[15:26:08] [Client thread/INFO] [HBM/]: [QMAW] Found manual guide/oil3.json
[15:26:08] [Client thread/INFO] [HBM/]: [QMAW] Found manual machine/acidizer.json
[15:26:08] [Client thread/INFO] [HBM/]: [QMAW] Found manual machine/anvil.json
[15:26:08] [Client thread/INFO] [HBM/]: [QMAW] Found manual machine/arc_welder.json
[15:26:08] [Client thread/INFO] [HBM/]: [QMAW] Found manual machine/ashpit.json
[15:26:08] [Client thread/INFO] [HBM/]: [QMAW] Found manual machine/assembler.json
[15:26:08] [Client thread/INFO] [HBM/]: [QMAW] Found manual machine/boiler.json
[15:26:08] [Client thread/INFO] [HBM/]: [QMAW] Found manual machine/centrifuge.json
[15:26:08] [Client thread/INFO] [HBM/]: [QMAW] Found manual machine/chemplant.json
[15:26:08] [Client thread/INFO] [HBM/]: [QMAW] Found manual machine/coker.json
[15:26:08] [Client thread/INFO] [HBM/]: [QMAW] Found manual machine/comboven.json
[15:26:08] [Client thread/INFO] [HBM/]: [QMAW] Found manual machine/compressor.json
[15:26:08] [Client thread/INFO] [HBM/]: [QMAW] Found manual machine/condenser.json
[15:26:08] [Client thread/INFO] [HBM/]: [QMAW] Found manual machine/crackingtower.json
[15:26:08] [Client thread/INFO] [HBM/]: [QMAW] Found manual machine/derrick.json
[15:26:08] [Client thread/INFO] [HBM/]: [QMAW] Found manual machine/dieselgen.json
[15:26:08] [Client thread/INFO] [HBM/]: [QMAW] Found manual machine/difurnace.json
[15:26:08] [Client thread/INFO] [HBM/]: [QMAW] Found manual machine/electricheater.json
[15:26:08] [Client thread/INFO] [HBM/]: [QMAW] Found manual machine/firebox.json
[15:26:08] [Client thread/INFO] [HBM/]: [QMAW] Found manual machine/fracker.json
[15:26:08] [Client thread/INFO] [HBM/]: [QMAW] Found manual machine/fractioning.json
[15:26:08] [Client thread/INFO] [HBM/]: [QMAW] Found manual machine/heatexchanger.json
[15:26:08] [Client thread/INFO] [HBM/]: [QMAW] Found manual machine/heatingoven.json
[15:26:08] [Client thread/INFO] [HBM/]: [QMAW] Found manual machine/heatsource.json
[15:26:08] [Client thread/INFO] [HBM/]: [QMAW] Found manual machine/ice.json
[15:26:08] [Client thread/INFO] [HBM/]: [QMAW] Found manual machine/mixer.json
[15:26:08] [Client thread/INFO] [HBM/]: [QMAW] Found manual machine/oilburner.json
[15:26:08] [Client thread/INFO] [HBM/]: [QMAW] Found manual machine/press.json
[15:26:08] [Client thread/INFO] [HBM/]: [QMAW] Found manual machine/pumpjack.json
[15:26:08] [Client thread/INFO] [HBM/]: [QMAW] Found manual machine/pyrooven.json
[15:26:08] [Client thread/INFO] [HBM/]: [QMAW] Found manual machine/refinery.json
[15:26:08] [Client thread/INFO] [HBM/]: [QMAW] Found manual machine/rotaryfurnace.json
[15:26:08] [Client thread/INFO] [HBM/]: [QMAW] Found manual machine/shredder.json
[15:26:08] [Client thread/INFO] [HBM/]: [QMAW] Found manual machine/steamengine.json
[15:26:08] [Client thread/INFO] [HBM/]: [QMAW] Found manual machine/steelfurnace.json
[15:26:08] [Client thread/INFO] [HBM/]: [QMAW] Found manual machine/stirling.json
[15:26:08] [Client thread/INFO] [HBM/]: [QMAW] Found manual machine/turbofan.json
[15:26:08] [Client thread/INFO] [HBM/]: [QMAW] Found manual machine/woodburner.json
[15:26:08] [Client thread/INFO] [HBM/]: [QMAW] Found manual material/alloy.json
[15:26:08] [Client thread/INFO] [HBM/]: [QMAW] Found manual material/aluminium.json
[15:26:08] [Client thread/INFO] [HBM/]: [QMAW] Found manual material/arsenic.json
[15:26:08] [Client thread/INFO] [HBM/]: [QMAW] Found manual material/arsenic_bronze.json
[15:26:08] [Client thread/INFO] [HBM/]: [QMAW] Found manual material/bakelite.json
[15:26:08] [Client thread/INFO] [HBM/]: [QMAW] Found manual material/bismuth.json
[15:26:08] [Client thread/INFO] [HBM/]: [QMAW] Found manual material/bismuth_bronze.json
[15:26:08] [Client thread/INFO] [HBM/]: [QMAW] Found manual material/borax.json
[15:26:08] [Client thread/INFO] [HBM/]: [QMAW] Found manual material/boron.json
[15:26:08] [Client thread/INFO] [HBM/]: [QMAW] Found manual material/bscco.json
[15:26:08] [Client thread/INFO] [HBM/]: [QMAW] Found manual material/cadmium.json
[15:26:08] [Client thread/INFO] [HBM/]: [QMAW] Found manual material/cadmium_steel.json
[15:26:08] [Client thread/INFO] [HBM/]: [QMAW] Found manual material/cft.json
[15:26:08] [Client thread/INFO] [HBM/]: [QMAW] Found manual material/cinnabar.json
[15:26:08] [Client thread/INFO] [HBM/]: [QMAW] Found manual material/cobalt.json
[15:26:08] [Client thread/INFO] [HBM/]: [QMAW] Found manual material/coke.json
[15:26:08] [Client thread/INFO] [HBM/]: [QMAW] Found manual material/copper.json
[15:26:08] [Client thread/INFO] [HBM/]: [QMAW] Found manual material/densewire.json
[15:26:08] [Client thread/INFO] [HBM/]: [QMAW] Found manual material/desh.json
[15:26:08] [Client thread/INFO] [HBM/]: [QMAW] Found manual material/ferrouranium.json
[15:26:08] [Client thread/INFO] [HBM/]: [QMAW] Found manual material/graphite.json
[15:26:08] [Client thread/INFO] [HBM/]: [QMAW] Found manual material/gunmetal.json
[15:26:08] [Client thread/INFO] [HBM/]: [QMAW] Found manual material/hss.json
[15:26:08] [Client thread/INFO] [HBM/]: [QMAW] Found manual material/latex.json
[15:26:08] [Client thread/INFO] [HBM/]: [QMAW] Found manual material/lead.json
[15:26:08] [Client thread/INFO] [HBM/]: [QMAW] Found manual material/mingrade.json
[15:26:08] [Client thread/INFO] [HBM/]: [QMAW] Found manual material/neptunium.json
[15:26:08] [Client thread/INFO] [HBM/]: [QMAW] Found manual material/plutonium-238.json
[15:26:08] [Client thread/INFO] [HBM/]: [QMAW] Found manual material/plutonium-239.json
[15:26:08] [Client thread/INFO] [HBM/]: [QMAW] Found manual material/plutonium-240.json
[15:26:08] [Client thread/INFO] [HBM/]: [QMAW] Found manual material/plutonium-241.json
[15:26:08] [Client thread/INFO] [HBM/]: [QMAW] Found manual material/plutonium-rg.json
[15:26:08] [Client thread/INFO] [HBM/]: [QMAW] Found manual material/plutonium.json
[15:26:08] [Client thread/INFO] [HBM/]: [QMAW] Found manual material/polonium.json
[15:26:08] [Client thread/INFO] [HBM/]: [QMAW] Found manual material/polymer.json
[15:26:08] [Client thread/INFO] [HBM/]: [QMAW] Found manual material/radium.json
[15:26:08] [Client thread/INFO] [HBM/]: [QMAW] Found manual material/rareearth.json
[15:26:08] [Client thread/INFO] [HBM/]: [QMAW] Found manual material/rubber.json
[15:26:08] [Client thread/INFO] [HBM/]: [QMAW] Found manual material/silicon.json
[15:26:08] [Client thread/INFO] [HBM/]: [QMAW] Found manual material/sodium.json
[15:26:08] [Client thread/INFO] [HBM/]: [QMAW] Found manual material/solidfuel.json
[15:26:08] [Client thread/INFO] [HBM/]: [QMAW] Found manual material/steel.json
[15:26:08] [Client thread/INFO] [HBM/]: [QMAW] Found manual material/sulfur.json
[15:26:08] [Client thread/INFO] [HBM/]: [QMAW] Found manual material/tantalium.json
[15:26:08] [Client thread/INFO] [HBM/]: [QMAW] Found manual material/technetium.json
[15:26:08] [Client thread/INFO] [HBM/]: [QMAW] Found manual material/technetium_steel.json
[15:26:08] [Client thread/INFO] [HBM/]: [QMAW] Found manual material/thorium.json
[15:26:08] [Client thread/INFO] [HBM/]: [QMAW] Found manual material/uranium-233.json
[15:26:08] [Client thread/INFO] [HBM/]: [QMAW] Found manual material/uranium-235.json
[15:26:08] [Client thread/INFO] [HBM/]: [QMAW] Found manual material/uranium-238.json
[15:26:08] [Client thread/INFO] [HBM/]: [QMAW] Found manual material/uranium.json
[15:26:08] [Client thread/INFO] [HBM/]: [QMAW] Found manual material/weaponsteel.json
[15:26:08] [Client thread/INFO] [HBM/]: [QMAW] Found manual pa/beamline.json
[15:26:08] [Client thread/INFO] [HBM/]: [QMAW] Found manual pa/coil.json
[15:26:08] [Client thread/INFO] [HBM/]: [QMAW] Found manual pa/detector.json
[15:26:08] [Client thread/INFO] [HBM/]: [QMAW] Found manual pa/dipole.json
[15:26:08] [Client thread/INFO] [HBM/]: [QMAW] Found manual pa/particleaccelerator.json
[15:26:08] [Client thread/INFO] [HBM/]: [QMAW] Found manual pa/pastepbystep.json
[15:26:08] [Client thread/INFO] [HBM/]: [QMAW] Found manual pa/quadrupole.json
[15:26:08] [Client thread/INFO] [HBM/]: [QMAW] Found manual pa/rfc.json
[15:26:08] [Client thread/INFO] [HBM/]: [QMAW] Found manual pa/source.json
[15:26:08] [Client thread/INFO] [HBM/]: [QMAW] Found manual rbmk/absorber.json
[15:26:08] [Client thread/INFO] [HBM/]: [QMAW] Found manual rbmk/autoloader.json
[15:26:08] [Client thread/INFO] [HBM/]: [QMAW] Found manual rbmk/blank.json
[15:26:08] [Client thread/INFO] [HBM/]: [QMAW] Found manual rbmk/boiler.json
[15:26:08] [Client thread/INFO] [HBM/]: [QMAW] Found manual rbmk/console.json
[15:26:08] [Client thread/INFO] [HBM/]: [QMAW] Found manual rbmk/controlauto.json
[15:26:08] [Client thread/INFO] [HBM/]: [QMAW] Found manual rbmk/controlrod.json
[15:26:08] [Client thread/INFO] [HBM/]: [QMAW] Found manual rbmk/cooler.json
[15:26:08] [Client thread/INFO] [HBM/]: [QMAW] Found manual rbmk/crane.json
[15:26:08] [Client thread/INFO] [HBM/]: [QMAW] Found manual rbmk/heater.json
[15:26:08] [Client thread/INFO] [HBM/]: [QMAW] Found manual rbmk/loader.json
[15:26:08] [Client thread/INFO] [HBM/]: [QMAW] Found manual rbmk/moderator.json
[15:26:08] [Client thread/INFO] [HBM/]: [QMAW] Found manual rbmk/reflector.json
[15:26:08] [Client thread/INFO] [HBM/]: [QMAW] Found manual rbmk/rod.json
[15:26:08] [Client thread/INFO] [HBM/]: [QMAW] Found manual rbmk/storage.json
[15:26:08] [Client thread/INFO] [HBM/]: [QMAW] Found manual ror/redstoneoverradio.json
[15:26:08] [Client thread/INFO] [HBM/]: [QMAW] Found manual ror/rorcontroller.json
[15:26:08] [Client thread/INFO] [HBM/]: [QMAW] Found manual ror/rorcounter.json
[15:26:08] [Client thread/INFO] [HBM/]: [QMAW] Found manual ror/rorlogic.json
[15:26:08] [Client thread/INFO] [HBM/]: [QMAW] Found manual ror/rorreader.json
[15:26:08] [Client thread/INFO] [HBM/]: [QMAW] Found manual ror/rorreceiver.json
[15:26:08] [Client thread/INFO] [HBM/]: [QMAW] Found manual ror/rortransmitter.json
[15:26:08] [Client thread/INFO] [HBM/]: [QMAW] Found manual weapon/ap.json
[15:26:08] [Client thread/INFO] [HBM/]: [QMAW] Found manual weapon/buckshot.json
[15:26:08] [Client thread/INFO] [HBM/]: [QMAW] Found manual weapon/buckshotmagnum.json
[15:26:08] [Client thread/INFO] [HBM/]: [QMAW] Found manual weapon/buckshotsharpnel.json
[15:26:08] [Client thread/INFO] [HBM/]: [QMAW] Found manual weapon/demo.json
[15:26:08] [Client thread/INFO] [HBM/]: [QMAW] Found manual weapon/du.json
[15:26:08] [Client thread/INFO] [HBM/]: [QMAW] Found manual weapon/express.json
[15:26:08] [Client thread/INFO] [HBM/]: [QMAW] Found manual weapon/flechettes.json
[15:26:08] [Client thread/INFO] [HBM/]: [QMAW] Found manual weapon/fmj.json
[15:26:08] [Client thread/INFO] [HBM/]: [QMAW] Found manual weapon/grenade.json
[15:26:08] [Client thread/INFO] [HBM/]: [QMAW] Found manual weapon/he.json
[15:26:08] [Client thread/INFO] [HBM/]: [QMAW] Found manual weapon/heat.json
[15:26:08] [Client thread/INFO] [HBM/]: [QMAW] Found manual weapon/incendiary.json
[15:26:08] [Client thread/INFO] [HBM/]: [QMAW] Found manual weapon/jhp.json
[15:26:08] [Client thread/INFO] [HBM/]: [QMAW] Found manual weapon/muke.json
[15:26:08] [Client thread/INFO] [HBM/]: [QMAW] Found manual weapon/powder.json
[15:26:08] [Client thread/INFO] [HBM/]: [QMAW] Found manual weapon/slug.json
[15:26:08] [Client thread/INFO] [HBM/]: [QMAW] Found manual weapon/softpoint.json
[15:26:08] [Client thread/INFO] [HBM/]: [QMAW] Found manual weapon/star.json
[15:26:08] [Client thread/INFO] [HBM/]: [QMAW] Found manual weapon/wp.json
[15:26:08] [Client thread/INFO] [HBM/]: [QMAW] Dissecting resource BFMC Resourcepack
[15:26:08] [Client thread/INFO] [HBM/]: [QMAW] Loaded 153 manual entries! (68ms)
[15:26:11] [Client thread/DEBUG] [FML/]: Bar Finished: Texture Loading took 0.483s
[15:26:11] [Client thread/DEBUG] [FML/]: Bar Finished: Mipmap generation took 0.237s
[15:26:11] [Client thread/DEBUG] [FML/]: Bar Finished: Texture stitching took 0.136s
[15:26:11] [Client thread/DEBUG] [FML/]: Bar Finished: Texture creation took 0.159s
[15:26:11] [Client thread/DEBUG] [FML/]: Bar Step: Reloading Texture Manager - minecraft:textures/atlas/blocks.png took 1.037s
[15:26:11] [Client thread/DEBUG] [FML/]: Bar Step: Reloading Texture Manager - minecraft:textures/font/ascii.png took 0.015s
[15:26:11] [Client thread/DEBUG] [FML/]: Bar Step: Reloading Texture Manager - minecraft:dynamic/lightMap_1 took 0.000s
[15:26:11] [Client thread/DEBUG] [FML/]: Bar Step: Reloading Texture Manager - minecraft:textures/font/ascii_sga.png took 0.004s
[15:26:15] [Client thread/DEBUG] [FML/]: Bar Finished: Texture Loading took 3.093s
[15:26:15] [Client thread/DEBUG] [FML/]: Bar Finished: Mipmap generation took 0.031s
[15:26:16] [Client thread/DEBUG] [FML/]: Bar Finished: Texture stitching took 0.337s
[15:26:16] [Client thread/DEBUG] [FML/]: Bar Finished: Texture creation took 0.509s
[15:26:16] [Client thread/DEBUG] [FML/]: Bar Step: Reloading Texture Manager - minecraft:textures/atlas/items.png took 4.543s
[15:26:16] [Client thread/DEBUG] [FML/]: Bar Finished: Reloading Texture Manager took 5.599s
[15:26:16] [Client thread/INFO] [STDOUT/]: [paulscode.sound.SoundSystemLogger:message:69]: 
[15:26:16] [Client thread/INFO] [STDOUT/]: [paulscode.sound.SoundSystemLogger:message:69]: SoundSystem shutting down...
[15:26:16] [Client thread/INFO] [STDOUT/]: [paulscode.sound.SoundSystemLogger:importantMessage:90]:     Author: Paul Lamb, www.paulscode.com
[15:26:16] [Client thread/INFO] [STDOUT/]: [paulscode.sound.SoundSystemLogger:message:69]: 
[15:26:16] [Sound Library Loader/INFO] [STDOUT/]: [paulscode.sound.SoundSystemLogger:message:69]: 
[15:26:16] [Sound Library Loader/INFO] [STDOUT/]: [paulscode.sound.SoundSystemLogger:message:69]: Starting up SoundSystem...
[15:26:16] [Thread-15/INFO] [STDOUT/]: [paulscode.sound.SoundSystemLogger:message:69]: Initializing LWJGL OpenAL
[15:26:16] [Thread-15/INFO] [STDOUT/]: [paulscode.sound.SoundSystemLogger:message:69]:     (The LWJGL binding of OpenAL.  For more information, see http://www.lwjgl.org)
[15:26:16] [Thread-15/INFO] [STDOUT/]: [paulscode.sound.SoundSystemLogger:message:69]: OpenAL initialized.
[15:26:17] [Sound Library Loader/INFO] [STDOUT/]: [paulscode.sound.SoundSystemLogger:message:69]: 
[15:26:17] [Client thread/DEBUG] [FML/]: Bar Finished: Reloading took 9.255s
[15:26:17] [Client thread/DEBUG] [FML/]: Bar Step: Loading Resources - Reloading listeners took 9.255s
[15:26:17] [Client thread/DEBUG] [FML/]: Bar Finished: Loading Resources took 9.304s
[15:26:17] [Client thread/DEBUG] [Forge Mod Loader/]: Mod Forge Mod Loader is missing a pack.mcmeta file, substituting a dummy one
[15:26:17] [Client thread/DEBUG] [Minecraft Forge/]: Mod Minecraft Forge is missing a pack.mcmeta file, substituting a dummy one
[15:26:17] [Client thread/DEBUG] [Added title and actionbar support for client and server/]: Mod Added title and actionbar support for client and server is missing a pack.mcmeta file, substituting a dummy one
[15:26:17] [Client thread/DEBUG] [UniMixins/]: Mod UniMixins is missing a pack.mcmeta file, substituting a dummy one
[15:26:17] [Client thread/DEBUG] [UniMixins: Mixin (UniMix)/]: Mod UniMixins: Mixin (UniMix) is missing a pack.mcmeta file, substituting a dummy one
[15:26:17] [Client thread/DEBUG] [UniMixins: Compatibility/]: Mod UniMixins: Compatibility is missing a pack.mcmeta file, substituting a dummy one
[15:26:17] [Client thread/DEBUG] [UniMixins: Mixingasm/]: Mod UniMixins: Mixingasm is missing a pack.mcmeta file, substituting a dummy one
[15:26:17] [Client thread/DEBUG] [UniMixins: SpongeMixins/]: Mod UniMixins: SpongeMixins is missing a pack.mcmeta file, substituting a dummy one
[15:26:17] [Client thread/DEBUG] [UniMixins: MixinBooterLegacy/]: Mod UniMixins: MixinBooterLegacy is missing a pack.mcmeta file, substituting a dummy one
[15:26:17] [Client thread/DEBUG] [UniMixins: GasStation/]: Mod UniMixins: GasStation is missing a pack.mcmeta file, substituting a dummy one
[15:26:17] [Client thread/DEBUG] [UniMixins: GTNHMixins/]: Mod UniMixins: GTNHMixins is missing a pack.mcmeta file, substituting a dummy one
[15:26:17] [Client thread/DEBUG] [UniMixins: MixinExtras/]: Mod UniMixins: MixinExtras is missing a pack.mcmeta file, substituting a dummy one
[15:26:17] [Client thread/DEBUG] [WorldEdit/]: Mod WorldEdit is missing a pack.mcmeta file, substituting a dummy one
[15:26:17] [Client thread/DEBUG] [ArchitectureCraft/]: Mod ArchitectureCraft is missing a pack.mcmeta file, substituting a dummy one
[15:26:17] [Client thread/DEBUG] [CoreTweaks/]: Mod CoreTweaks is missing a pack.mcmeta file, substituting a dummy one
[15:26:17] [Client thread/DEBUG] [Custom Main Menu/]: Mod Custom Main Menu is missing a pack.mcmeta file, substituting a dummy one
[15:26:17] [Client thread/DEBUG] [DamageMark/]: Mod DamageMark is missing a pack.mcmeta file, substituting a dummy one
[15:26:17] [Client thread/DEBUG] [Entity Render Extender/]: Mod Entity Render Extender is missing a pack.mcmeta file, substituting a dummy one
[15:26:17] [Client thread/DEBUG] [GTNH Lib/]: Mod GTNH Lib is missing a pack.mcmeta file, substituting a dummy one
[15:26:17] [Client thread/DEBUG] [Hbm's Nuclear Tech/]: Mod Hbm's Nuclear Tech is missing a pack.mcmeta file, substituting a dummy one
[15:26:17] [Client thread/DEBUG] [Hide Names/]: Mod Hide Names is missing a pack.mcmeta file, substituting a dummy one
[15:26:17] [Client thread/DEBUG] [MCH-Reforged/]: Mod MCH-Reforged is missing a pack.mcmeta file, substituting a dummy one
[15:26:17] [Client thread/DEBUG] [mchrmixin/]: Mod mchrmixin is missing a pack.mcmeta file, substituting a dummy one
[15:26:17] [Client thread/DEBUG] [Quick Easy Menu/]: Mod Quick Easy Menu is missing a pack.mcmeta file, substituting a dummy one
[15:26:17] [Client thread/DEBUG] [StepUp/]: Mod StepUp is missing a pack.mcmeta file, substituting a dummy one
[15:26:17] [Client thread/DEBUG] [Unicode Font Extension/]: Mod Unicode Font Extension is missing a pack.mcmeta file, substituting a dummy one
[15:26:17] [Client thread/DEBUG] [Xaero's Minimap/]: Mod Xaero's Minimap is missing a pack.mcmeta file, substituting a dummy one
[15:26:17] [Client thread/DEBUG] [Xaero's World Map/]: Mod Xaero's World Map is missing a pack.mcmeta file, substituting a dummy one
[15:26:17] [Client thread/DEBUG] [Flan's Mod : BFMCpack/]: Mod Flan's Mod : BFMCpack is missing a pack.mcmeta file, substituting a dummy one
[15:26:17] [Client thread/INFO] [Angelica/]: The game loaded in 37.756 seconds.
[15:26:18] [Client thread/DEBUG] [CustomMainMenu/]: Found unsupported button, use a wrapped button to config this. (1615486202)
[15:26:18] [Client thread/INFO] [AngelicaShaders/]: Creating pipeline for dimension OVERWORLD
[15:26:18] [Client thread/DEBUG] [FML/]: Bar Finished: Loading took 33.953s
[15:26:18] [Thread-6/DEBUG] [CustomMainMenu/]: Found unsupported button, use a wrapped button to config this. (1615486202)
[15:26:18] [Client thread/INFO] [Angelica/]: Current thread: Client thread
[15:26:18] [Client thread/ERROR] [TEXTURE ERRORS/]: +=+=+=+=+=+=+=+=+=+=+=+=+=+=+=+=+=+=+=+=+=+=+=+=+=
[15:26:18] [Client thread/ERROR] [TEXTURE ERRORS/]: The following texture errors were found.
[15:26:18] [Client thread/ERROR] [TEXTURE ERRORS/]: ==================================================
[15:26:18] [Client thread/ERROR] [TEXTURE ERRORS/]:   DOMAIN minecraft
[15:26:18] [Client thread/ERROR] [TEXTURE ERRORS/]: --------------------------------------------------
[15:26:18] [Client thread/ERROR] [TEXTURE ERRORS/]:   domain minecraft is missing 19 textures
[15:26:18] [Client thread/ERROR] [TEXTURE ERRORS/]:     domain minecraft has 7 locations:
[15:26:18] [Client thread/ERROR] [TEXTURE ERRORS/]:       unknown resourcepack type net.minecraft.client.resources.DefaultResourcePack : Default
[15:26:18] [Client thread/ERROR] [TEXTURE ERRORS/]:       mod embeddium resources at F:\载具包临时\test\[Client]BFMC-Client Update 2026-2-16\[Client]BFMC-Client Update 2026-2-16\.minecraft\mods\Angelica-1.0.0-beta54.jar
[15:26:18] [Client thread/ERROR] [TEXTURE ERRORS/]:       mod angelica resources at F:\载具包临时\test\[Client]BFMC-Client Update 2026-2-16\[Client]BFMC-Client Update 2026-2-16\.minecraft\mods\Angelica-1.0.0-beta54.jar
[15:26:18] [Client thread/ERROR] [TEXTURE ERRORS/]:       mod notfine resources at F:\载具包临时\test\[Client]BFMC-Client Update 2026-2-16\[Client]BFMC-Client Update 2026-2-16\.minecraft\mods\Angelica-1.0.0-beta54.jar
[15:26:18] [Client thread/ERROR] [TEXTURE ERRORS/]:       mod mcpatcherforge resources at F:\载具包临时\test\[Client]BFMC-Client Update 2026-2-16\[Client]BFMC-Client Update 2026-2-16\.minecraft\mods\Angelica-1.0.0-beta54.jar
[15:26:18] [Client thread/ERROR] [TEXTURE ERRORS/]:       mod hbm resources at F:\载具包临时\test\[Client]BFMC-Client Update 2026-2-16\[Client]BFMC-Client Update 2026-2-16\.minecraft\mods\HBM-NTM-[1.0.27_X5649].jar
[15:26:18] [Client thread/ERROR] [TEXTURE ERRORS/]:       resource pack at path F:\载具包临时\test\[Client]BFMC-Client Update 2026-2-16\[Client]BFMC-Client Update 2026-2-16\.minecraft\resourcepacks\BFMC Resourcepack
[15:26:18] [Client thread/ERROR] [TEXTURE ERRORS/]: -------------------------
[15:26:18] [Client thread/ERROR] [TEXTURE ERRORS/]:     The missing resources for domain minecraft are:
[15:26:18] [Client thread/ERROR] [TEXTURE ERRORS/]:       textures/blocks/block/acacia_log.png
[15:26:18] [Client thread/ERROR] [TEXTURE ERRORS/]:       textures/blocks/MISSING_ICON_BLOCK_195_testblock_slab.png
[15:26:18] [Client thread/ERROR] [TEXTURE ERRORS/]:       textures/blocks/block/stone.png
[15:26:18] [Client thread/ERROR] [TEXTURE ERRORS/]:       textures/blocks/block/crafting_table_top.png
[15:26:18] [Client thread/ERROR] [TEXTURE ERRORS/]:       textures/blocks/block/jungle_log_top.png
[15:26:18] [Client thread/ERROR] [TEXTURE ERRORS/]:       textures/blocks/block/spruce_log.png
[15:26:18] [Client thread/ERROR] [TEXTURE ERRORS/]:       textures/blocks/block/crafting_table_side.png
[15:26:18] [Client thread/ERROR] [TEXTURE ERRORS/]:       textures/blocks/block/jungle_log.png
[15:26:18] [Client thread/ERROR] [TEXTURE ERRORS/]:       textures/blocks/block/oak_log.png
[15:26:18] [Client thread/ERROR] [TEXTURE ERRORS/]:       textures/blocks/block/oak_planks.png
[15:26:18] [Client thread/ERROR] [TEXTURE ERRORS/]:       textures/blocks/block/birch_log_top.png
[15:26:18] [Client thread/ERROR] [TEXTURE ERRORS/]:       textures/blocks/block/oak_log_top.png
[15:26:18] [Client thread/ERROR] [TEXTURE ERRORS/]:       textures/blocks/apple.png
[15:26:18] [Client thread/ERROR] [TEXTURE ERRORS/]:       textures/blocks/block/dark_oak_log_top.png
[15:26:18] [Client thread/ERROR] [TEXTURE ERRORS/]:       textures/blocks/block/dark_oak_log.png
[15:26:18] [Client thread/ERROR] [TEXTURE ERRORS/]:       textures/blocks/block/acacia_log_top.png
[15:26:18] [Client thread/ERROR] [TEXTURE ERRORS/]:       textures/blocks/block/spruce_log_top.png
[15:26:18] [Client thread/ERROR] [TEXTURE ERRORS/]:       textures/blocks/block/crafting_table_front.png
[15:26:18] [Client thread/ERROR] [TEXTURE ERRORS/]:       textures/blocks/block/birch_log.png
[15:26:18] [Client thread/ERROR] [TEXTURE ERRORS/]: -------------------------
[15:26:18] [Client thread/ERROR] [TEXTURE ERRORS/]:     No other errors exist for domain minecraft
[15:26:18] [Client thread/ERROR] [TEXTURE ERRORS/]: ==================================================
[15:26:18] [Client thread/ERROR] [TEXTURE ERRORS/]: ==================================================
[15:26:18] [Client thread/ERROR] [TEXTURE ERRORS/]:   DOMAIN flansmod
[15:26:18] [Client thread/ERROR] [TEXTURE ERRORS/]: --------------------------------------------------
[15:26:18] [Client thread/ERROR] [TEXTURE ERRORS/]:   domain flansmod is missing 3 textures
[15:26:18] [Client thread/ERROR] [TEXTURE ERRORS/]:     domain flansmod has 5 locations:
[15:26:18] [Client thread/ERROR] [TEXTURE ERRORS/]:       mod flansmod resources at F:\载具包临时\test\[Client]BFMC-Client Update 2026-2-16\[Client]BFMC-Client Update 2026-2-16\.minecraft\mods\Flan's Mod Ultimate-1.58-Reforged.jar
[15:26:18] [Client thread/ERROR] [TEXTURE ERRORS/]:       mod flansmod resources at F:\载具包临时\test\[Client]BFMC-Client Update 2026-2-16\[Client]BFMC-Client Update 2026-2-16\.minecraft\Flan\Armor
[15:26:18] [Client thread/ERROR] [TEXTURE ERRORS/]:       mod flansmod resources at F:\载具包临时\test\[Client]BFMC-Client Update 2026-2-16\[Client]BFMC-Client Update 2026-2-16\.minecraft\Flan\BFMC Gun Pack
[15:26:18] [Client thread/ERROR] [TEXTURE ERRORS/]:       mod flansmod resources at F:\载具包临时\test\[Client]BFMC-Client Update 2026-2-16\[Client]BFMC-Client Update 2026-2-16\.minecraft\Flan\BFMC Gun Pack Exp
[15:26:18] [Client thread/ERROR] [TEXTURE ERRORS/]:       mod flansmod resources at F:\载具包临时\test\[Client]BFMC-Client Update 2026-2-16\[Client]BFMC-Client Update 2026-2-16\.minecraft\Flan\simple parts-content pack-1.7.10-4.10.0.jar
[15:26:18] [Client thread/ERROR] [TEXTURE ERRORS/]: -------------------------
[15:26:18] [Client thread/ERROR] [TEXTURE ERRORS/]:     The missing resources for domain flansmod are:
[15:26:18] [Client thread/ERROR] [TEXTURE ERRORS/]:       textures/items/None.png
[15:26:18] [Client thread/ERROR] [TEXTURE ERRORS/]:       textures/items/rampage_lmg_sight.png
[15:26:18] [Client thread/ERROR] [TEXTURE ERRORS/]:       textures/items/CorpseSpawner.png
[15:26:18] [Client thread/ERROR] [TEXTURE ERRORS/]: -------------------------
[15:26:18] [Client thread/ERROR] [TEXTURE ERRORS/]:     No other errors exist for domain flansmod
[15:26:18] [Client thread/ERROR] [TEXTURE ERRORS/]: ==================================================
[15:26:18] [Client thread/ERROR] [TEXTURE ERRORS/]: ==================================================
[15:26:18] [Client thread/ERROR] [TEXTURE ERRORS/]:   DOMAIN hbm
[15:26:18] [Client thread/ERROR] [TEXTURE ERRORS/]: --------------------------------------------------
[15:26:18] [Client thread/ERROR] [TEXTURE ERRORS/]:   domain hbm is missing 8 textures
[15:26:18] [Client thread/ERROR] [TEXTURE ERRORS/]:     domain hbm has 1 location:
[15:26:18] [Client thread/ERROR] [TEXTURE ERRORS/]:       mod hbm resources at F:\载具包临时\test\[Client]BFMC-Client Update 2026-2-16\[Client]BFMC-Client Update 2026-2-16\.minecraft\mods\HBM-NTM-[1.0.27_X5649].jar
[15:26:18] [Client thread/ERROR] [TEXTURE ERRORS/]: -------------------------
[15:26:18] [Client thread/ERROR] [TEXTURE ERRORS/]:     The missing resources for domain hbm are:
[15:26:18] [Client thread/ERROR] [TEXTURE ERRORS/]:       textures/items/grenade_filling.plasma.png
[15:26:18] [Client thread/ERROR] [TEXTURE ERRORS/]:       textures/items/grenade_extra.glue.png
[15:26:18] [Client thread/ERROR] [TEXTURE ERRORS/]:       textures/items/grenade_extra.proxy_fuze.png
[15:26:18] [Client thread/ERROR] [TEXTURE ERRORS/]:       textures/items/grenade_universal.png
[15:26:18] [Client thread/ERROR] [TEXTURE ERRORS/]:       textures/items/grenade_extra.triplex.png
[15:26:18] [Client thread/ERROR] [TEXTURE ERRORS/]:       textures/items/grenade_extra.frag_sleeve.png
[15:26:18] [Client thread/ERROR] [TEXTURE ERRORS/]:       textures/items/grenade_filling.laser.png
[15:26:18] [Client thread/ERROR] [TEXTURE ERRORS/]:       textures/items/grenade_filling.emp.png
[15:26:18] [Client thread/ERROR] [TEXTURE ERRORS/]: -------------------------
[15:26:18] [Client thread/ERROR] [TEXTURE ERRORS/]:     No other errors exist for domain hbm
[15:26:18] [Client thread/ERROR] [TEXTURE ERRORS/]: ==================================================
[15:26:18] [Client thread/ERROR] [TEXTURE ERRORS/]: ==================================================
[15:26:18] [Client thread/ERROR] [TEXTURE ERRORS/]:   DOMAIN mcheli
[15:26:18] [Client thread/ERROR] [TEXTURE ERRORS/]: --------------------------------------------------
[15:26:18] [Client thread/ERROR] [TEXTURE ERRORS/]:   domain mcheli is missing 16 textures
[15:26:18] [Client thread/ERROR] [TEXTURE ERRORS/]:     domain mcheli has 1 location:
[15:26:18] [Client thread/ERROR] [TEXTURE ERRORS/]:       mod mcheli resources at F:\载具包临时\test\[Client]BFMC-Client Update 2026-2-16\[Client]BFMC-Client Update 2026-2-16\.minecraft\mods\mcheli
[15:26:18] [Client thread/ERROR] [TEXTURE ERRORS/]: -------------------------
[15:26:18] [Client thread/ERROR] [TEXTURE ERRORS/]:     The missing resources for domain mcheli are:
[15:26:18] [Client thread/ERROR] [TEXTURE ERRORS/]:       textures/items/spawn_npc.png
[15:26:18] [Client thread/ERROR] [TEXTURE ERRORS/]:       textures/items/uav_m1a2.png
[15:26:18] [Client thread/ERROR] [TEXTURE ERRORS/]:       textures/items/tank_smoke.png
[15:26:18] [Client thread/ERROR] [TEXTURE ERRORS/]:       textures/items/tanksmoke.png
[15:26:18] [Client thread/ERROR] [TEXTURE ERRORS/]:       textures/items/pve_m1a2.png
[15:26:18] [Client thread/ERROR] [TEXTURE ERRORS/]:       textures/items/pve_mk15.png
[15:26:18] [Client thread/ERROR] [TEXTURE ERRORS/]:       textures/items/warzone.png
[15:26:18] [Client thread/ERROR] [TEXTURE ERRORS/]:       textures/items/gunner_faction_aa.png
[15:26:18] [Client thread/ERROR] [TEXTURE ERRORS/]:       textures/items/uav_mig23ml2.png
[15:26:18] [Client thread/ERROR] [TEXTURE ERRORS/]:       textures/items/pac_nuke_jh7a.png
[15:26:18] [Client thread/ERROR] [TEXTURE ERRORS/]:       textures/items/internal.png
[15:26:18] [Client thread/ERROR] [TEXTURE ERRORS/]:       textures/items/mine.png
[15:26:18] [Client thread/ERROR] [TEXTURE ERRORS/]:       textures/items/pac_uav_s70.png
[15:26:18] [Client thread/ERROR] [TEXTURE ERRORS/]:       textures/items/pve_f15e.png
[15:26:18] [Client thread/ERROR] [TEXTURE ERRORS/]:       textures/items/m18_white.png
[15:26:18] [Client thread/ERROR] [TEXTURE ERRORS/]:       textures/items/pve_ah64.png
[15:26:18] [Client thread/ERROR] [TEXTURE ERRORS/]: -------------------------
[15:26:18] [Client thread/ERROR] [TEXTURE ERRORS/]:     No other errors exist for domain mcheli
[15:26:18] [Client thread/ERROR] [TEXTURE ERRORS/]: ==================================================
[15:26:18] [Client thread/ERROR] [TEXTURE ERRORS/]: +=+=+=+=+=+=+=+=+=+=+=+=+=+=+=+=+=+=+=+=+=+=+=+=+=
[15:26:18] [Client thread/DEBUG] [mixin/]: Mixing angelica.animation.MixinWorldRenderer from mixins.angelica.early.json into net.minecraft.client.renderer.WorldRenderer
[15:26:18] [Client thread/DEBUG] [mixin/]: mixins.angelica.early.json:angelica.animation.MixinWorldRenderer from mod angelica->@Inject::angelica$getGLCallListForPass(ILorg/spongepowered/asm/mixin/injection/callback/CallbackInfoReturnable;)V doesn't use it's CallbackInfoReturnable
[15:26:18] [Client thread/DEBUG] [mixin/]: mixins.angelica.early.json:angelica.animation.MixinWorldRenderer from mod angelica->@Inject::angelica$getGLCallListForPass(ILorg/spongepowered/asm/mixin/injection/callback/CallbackInfoReturnable;)V has 0 override(s) in child classes
[15:26:18] [Client thread/DEBUG] [mixin/]: mixins.angelica.early.json:angelica.animation.MixinWorldRenderer from mod angelica->@Inject::angelica$getGLCallListForPass(ILorg/spongepowered/asm/mixin/injection/callback/CallbackInfoReturnable;)V won't be passed a CallbackInfoReturnable as a result
[15:26:30] [pool-7-thread-1/INFO] [STDOUT/mcheli]: [mcheli.multithread.MultiThreadModelManager:completion:88]: Successfully registered helicopter models
[15:26:55] [Client thread/DEBUG] [mixin/]: Mixing notfine.clouds.MixinWorldType from mixins.angelica.early.json into net.minecraft.world.WorldType
[15:26:55] [Client thread/TRACE] [mixin/]: Added class metadata for net/minecraft/world/gen/ChunkProviderFlat to metadata cache
[15:26:55] [Client thread/TRACE] [mixin/]: Added class metadata for net/minecraft/world/gen/ChunkProviderGenerate to metadata cache
[15:26:55] [Client thread/DEBUG] [mixin/]: Mixing MixinGameRules from mixins.gtnhlib.early.json into net.minecraft.world.GameRules
[15:26:55] [Client thread/TRACE] [mixin/]: Added class metadata for com/gtnewhorizon/gtnhlib/gamerules/GameRuleRegistry to metadata cache
[15:26:55] [Client thread/DEBUG] [mixin/]: mixins.gtnhlib.early.json:MixinGameRules from mod gtnhlib->@Inject::gtnhlib$initGameRules(Lorg/spongepowered/asm/mixin/injection/callback/CallbackInfo;)V doesn't use it's CallbackInfo
[15:26:55] [Client thread/DEBUG] [mixin/]: mixins.gtnhlib.early.json:MixinGameRules from mod gtnhlib->@Inject::gtnhlib$initGameRules(Lorg/spongepowered/asm/mixin/injection/callback/CallbackInfo;)V has 0 override(s) in child classes
[15:26:55] [Client thread/DEBUG] [mixin/]: mixins.gtnhlib.early.json:MixinGameRules from mod gtnhlib->@Inject::gtnhlib$initGameRules(Lorg/spongepowered/asm/mixin/injection/callback/CallbackInfo;)V won't be passed a CallbackInfo as a result
[15:26:55] [Client thread/DEBUG] [mixin/]: mixins.gtnhlib.early.json:MixinGameRules from mod gtnhlib->@Inject::GTNHLib$onGameRuleChanged(Ljava/lang/String;Ljava/lang/String;Lorg/spongepowered/asm/mixin/injection/callback/CallbackInfo;)V doesn't use it's CallbackInfo
[15:26:55] [Client thread/DEBUG] [mixin/]: mixins.gtnhlib.early.json:MixinGameRules from mod gtnhlib->@Inject::GTNHLib$onGameRuleChanged(Ljava/lang/String;Ljava/lang/String;Lorg/spongepowered/asm/mixin/injection/callback/CallbackInfo;)V has 0 override(s) in child classes
[15:26:55] [Client thread/DEBUG] [mixin/]: mixins.gtnhlib.early.json:MixinGameRules from mod gtnhlib->@Inject::GTNHLib$onGameRuleChanged(Ljava/lang/String;Ljava/lang/String;Lorg/spongepowered/asm/mixin/injection/callback/CallbackInfo;)V won't be passed a CallbackInfo as a result
[15:26:55] [Client thread/DEBUG] [mixin/]: Mixing notfine.gui.MixinGuiSlot from mixins.angelica.early.json into net.minecraft.client.gui.GuiSlot
[15:26:55] [Client thread/DEBUG] [mixin/]: mixins.angelica.early.json:notfine.gui.MixinGuiSlot from mod angelica->@Inject::notFine$toggleContainerBackground(Lorg/spongepowered/asm/mixin/injection/callback/CallbackInfo;)V does use it's CallbackInfo
[15:26:57] [Client thread/DEBUG] [CustomMainMenu/]: Found unsupported button, use a wrapped button to config this. (1615486202)
[15:26:59] [Client thread/INFO] [STDOUT/]: [xaero.common.core.transformer.ClassNodeTransformer:transform:26]: Transforming class oi net.minecraft.server.management.ServerConfigurationManager
[15:26:59] [Client thread/INFO] [STDOUT/]: [xaero.map.core.transformer.ClassNodeTransformer:transform:26]: Transforming class net.minecraft.server.management.ServerConfigurationManager
[15:26:59] [Client thread/INFO] [STDOUT/]: [net.tclproject.mysteriumlib.asm.core.MiscUtils$SystemLogHelper:debug:80]: [DEBUG] Injecting fixes into class net.minecraft.server.management.ServerConfigurationManager.
[15:26:59] [Client thread/INFO] [STDOUT/]: [net.tclproject.mysteriumlib.asm.core.MiscUtils$SystemLogHelper:debug:80]: [DEBUG] Fixed method net.minecraft.server.management.ServerConfigurationManager#getEntityViewDistance()
[15:26:59] [Server thread/TRACE] [mcp/mcp]: Sending event FMLServerAboutToStartEvent to mod mcp
[15:26:59] [Server thread/TRACE] [mcp/mcp]: Sent event FMLServerAboutToStartEvent to mod mcp
[15:26:59] [Server thread/DEBUG] [FML/]: Bar Step: ServerAboutToStart - Minecraft Coder Pack took 0.000s
[15:26:59] [Server thread/TRACE] [FML/FML]: Sending event FMLServerAboutToStartEvent to mod FML
[15:26:59] [Server thread/TRACE] [FML/FML]: Sent event FMLServerAboutToStartEvent to mod FML
[15:26:59] [Server thread/DEBUG] [FML/]: Bar Step: ServerAboutToStart - Forge Mod Loader took 0.000s
[15:26:59] [Server thread/TRACE] [Forge/Forge]: Sending event FMLServerAboutToStartEvent to mod Forge
[15:26:59] [Server thread/TRACE] [Forge/Forge]: Sent event FMLServerAboutToStartEvent to mod Forge
[15:26:59] [Server thread/DEBUG] [FML/]: Bar Step: ServerAboutToStart - Minecraft Forge took 0.000s
[15:26:59] [Server thread/TRACE] [InputFix/InputFix]: Sending event FMLServerAboutToStartEvent to mod InputFix
[15:26:59] [Server thread/TRACE] [InputFix/InputFix]: Sent event FMLServerAboutToStartEvent to mod InputFix
[15:26:59] [Server thread/DEBUG] [FML/]: Bar Step: ServerAboutToStart - InputFix took 0.000s
[15:26:59] [Server thread/TRACE] [UnicodeFontExtensionCore/UnicodeFontExtensionCore]: Sending event FMLServerAboutToStartEvent to mod UnicodeFontExtensionCore
[15:26:59] [Server thread/TRACE] [UnicodeFontExtensionCore/UnicodeFontExtensionCore]: Sent event FMLServerAboutToStartEvent to mod UnicodeFontExtensionCore
[15:26:59] [Server thread/DEBUG] [FML/]: Bar Step: ServerAboutToStart - Unicode Font Extension Core took 0.000s
[15:26:59] [Server thread/TRACE] [UraniumPlus/UraniumPlus]: Sending event FMLServerAboutToStartEvent to mod UraniumPlus
[15:26:59] [Server thread/TRACE] [UraniumPlus/UraniumPlus]: Sent event FMLServerAboutToStartEvent to mod UraniumPlus
[15:26:59] [Server thread/DEBUG] [FML/]: Bar Step: ServerAboutToStart - Added title and actionbar support for client and server took 0.000s
[15:26:59] [Server thread/TRACE] [xaerominimap_core/xaerominimap_core]: Sending event FMLServerAboutToStartEvent to mod xaerominimap_core
[15:26:59] [Server thread/TRACE] [xaerominimap_core/xaerominimap_core]: Sent event FMLServerAboutToStartEvent to mod xaerominimap_core
[15:26:59] [Server thread/DEBUG] [FML/]: Bar Step: ServerAboutToStart - XaeroMinimapCore took 0.000s
[15:26:59] [Server thread/TRACE] [xaeroworldmap_core/xaeroworldmap_core]: Sending event FMLServerAboutToStartEvent to mod xaeroworldmap_core
[15:26:59] [Server thread/TRACE] [xaeroworldmap_core/xaeroworldmap_core]: Sent event FMLServerAboutToStartEvent to mod xaeroworldmap_core
[15:26:59] [Server thread/DEBUG] [FML/]: Bar Step: ServerAboutToStart - XaeroWorldMapCore took 0.000s
[15:26:59] [Server thread/TRACE] [GTNHLib Core/GTNHLib Core]: Sending event FMLServerAboutToStartEvent to mod GTNHLib Core
[15:26:59] [Server thread/TRACE] [GTNHLib Core/GTNHLib Core]: Sent event FMLServerAboutToStartEvent to mod GTNHLib Core
[15:26:59] [Server thread/DEBUG] [FML/]: Bar Step: ServerAboutToStart - GTNHLib Core took 0.000s
[15:26:59] [Server thread/TRACE] [UnicodeFontExtension/UnicodeFontExtension]: Sending event FMLServerAboutToStartEvent to mod UnicodeFontExtension
[15:26:59] [Server thread/TRACE] [UnicodeFontExtension/UnicodeFontExtension]: Sent event FMLServerAboutToStartEvent to mod UnicodeFontExtension
[15:26:59] [Server thread/DEBUG] [FML/]: Bar Step: ServerAboutToStart - Unicode Font Extension took 0.000s
[15:26:59] [Server thread/TRACE] [unimixins/unimixins]: Sending event FMLServerAboutToStartEvent to mod unimixins
[15:26:59] [Server thread/TRACE] [unimixins/unimixins]: Sent event FMLServerAboutToStartEvent to mod unimixins
[15:26:59] [Server thread/DEBUG] [FML/]: Bar Step: ServerAboutToStart - UniMixins took 0.000s
[15:26:59] [Server thread/TRACE] [unimixins-mixin/unimixins-mixin]: Sending event FMLServerAboutToStartEvent to mod unimixins-mixin
[15:26:59] [Server thread/TRACE] [unimixins-mixin/unimixins-mixin]: Sent event FMLServerAboutToStartEvent to mod unimixins-mixin
[15:26:59] [Server thread/DEBUG] [FML/]: Bar Step: ServerAboutToStart - UniMixins: Mixin (UniMix) took 0.000s
[15:26:59] [Server thread/TRACE] [unimixins-compat/unimixins-compat]: Sending event FMLServerAboutToStartEvent to mod unimixins-compat
[15:26:59] [Server thread/TRACE] [unimixins-compat/unimixins-compat]: Sent event FMLServerAboutToStartEvent to mod unimixins-compat
[15:26:59] [Server thread/DEBUG] [FML/]: Bar Step: ServerAboutToStart - UniMixins: Compatibility took 0.000s
[15:26:59] [Server thread/TRACE] [mixingasm/mixingasm]: Sending event FMLServerAboutToStartEvent to mod mixingasm
[15:26:59] [Server thread/TRACE] [mixingasm/mixingasm]: Sent event FMLServerAboutToStartEvent to mod mixingasm
[15:26:59] [Server thread/DEBUG] [FML/]: Bar Step: ServerAboutToStart - UniMixins: Mixingasm took 0.000s
[15:26:59] [Server thread/TRACE] [spongemixins/spongemixins]: Sending event FMLServerAboutToStartEvent to mod spongemixins
[15:26:59] [Server thread/TRACE] [spongemixins/spongemixins]: Sent event FMLServerAboutToStartEvent to mod spongemixins
[15:26:59] [Server thread/DEBUG] [FML/]: Bar Step: ServerAboutToStart - UniMixins: SpongeMixins took 0.000s
[15:26:59] [Server thread/TRACE] [mixinbooterlegacy/mixinbooterlegacy]: Sending event FMLServerAboutToStartEvent to mod mixinbooterlegacy
[15:26:59] [Server thread/TRACE] [mixinbooterlegacy/mixinbooterlegacy]: Sent event FMLServerAboutToStartEvent to mod mixinbooterlegacy
[15:26:59] [Server thread/DEBUG] [FML/]: Bar Step: ServerAboutToStart - UniMixins: MixinBooterLegacy took 0.000s
[15:26:59] [Server thread/TRACE] [gasstation/gasstation]: Sending event FMLServerAboutToStartEvent to mod gasstation
[15:26:59] [Server thread/TRACE] [gasstation/gasstation]: Sent event FMLServerAboutToStartEvent to mod gasstation
[15:26:59] [Server thread/DEBUG] [FML/]: Bar Step: ServerAboutToStart - UniMixins: GasStation took 0.000s
[15:26:59] [Server thread/TRACE] [gtnhmixins/gtnhmixins]: Sending event FMLServerAboutToStartEvent to mod gtnhmixins
[15:26:59] [Server thread/TRACE] [gtnhmixins/gtnhmixins]: Sent event FMLServerAboutToStartEvent to mod gtnhmixins
[15:26:59] [Server thread/DEBUG] [FML/]: Bar Step: ServerAboutToStart - UniMixins: GTNHMixins took 0.000s
[15:26:59] [Server thread/TRACE] [mixinextras/mixinextras]: Sending event FMLServerAboutToStartEvent to mod mixinextras
[15:26:59] [Server thread/TRACE] [mixinextras/mixinextras]: Sent event FMLServerAboutToStartEvent to mod mixinextras
[15:26:59] [Server thread/DEBUG] [FML/]: Bar Step: ServerAboutToStart - UniMixins: MixinExtras took 0.000s
[15:26:59] [Server thread/TRACE] [worldedit/worldedit]: Sending event FMLServerAboutToStartEvent to mod worldedit
[15:26:59] [Server thread/TRACE] [worldedit/worldedit]: Sent event FMLServerAboutToStartEvent to mod worldedit
[15:26:59] [Server thread/DEBUG] [FML/]: Bar Step: ServerAboutToStart - WorldEdit took 0.237s
[15:26:59] [Server thread/TRACE] [embeddium/embeddium]: Sending event FMLServerAboutToStartEvent to mod embeddium
[15:26:59] [Server thread/TRACE] [embeddium/embeddium]: Sent event FMLServerAboutToStartEvent to mod embeddium
[15:26:59] [Server thread/DEBUG] [FML/]: Bar Step: ServerAboutToStart - Embeddium took 0.001s
[15:26:59] [Server thread/TRACE] [gtnhlib/gtnhlib]: Sending event FMLServerAboutToStartEvent to mod gtnhlib
[15:26:59] [Server thread/TRACE] [gtnhlib/gtnhlib]: Sent event FMLServerAboutToStartEvent to mod gtnhlib
[15:26:59] [Server thread/DEBUG] [FML/]: Bar Step: ServerAboutToStart - GTNH Lib took 0.000s
[15:26:59] [Server thread/TRACE] [angelica/angelica]: Sending event FMLServerAboutToStartEvent to mod angelica
[15:26:59] [Server thread/TRACE] [angelica/angelica]: Sent event FMLServerAboutToStartEvent to mod angelica
[15:26:59] [Server thread/DEBUG] [FML/]: Bar Step: ServerAboutToStart - Angelica took 0.000s
[15:26:59] [Server thread/TRACE] [notfine/notfine]: Sending event FMLServerAboutToStartEvent to mod notfine
[15:26:59] [Server thread/TRACE] [notfine/notfine]: Sent event FMLServerAboutToStartEvent to mod notfine
[15:26:59] [Server thread/DEBUG] [FML/]: Bar Step: ServerAboutToStart - NotFine took 0.000s
[15:26:59] [Server thread/TRACE] [mcpatcherforge/mcpatcherforge]: Sending event FMLServerAboutToStartEvent to mod mcpatcherforge
[15:26:59] [Server thread/TRACE] [mcpatcherforge/mcpatcherforge]: Sent event FMLServerAboutToStartEvent to mod mcpatcherforge
[15:26:59] [Server thread/DEBUG] [FML/]: Bar Step: ServerAboutToStart - MCPatcherForge took 0.000s
[15:26:59] [Server thread/TRACE] [ArchitectureCraft/ArchitectureCraft]: Sending event FMLServerAboutToStartEvent to mod ArchitectureCraft
[15:26:59] [Server thread/TRACE] [ArchitectureCraft/ArchitectureCraft]: Sent event FMLServerAboutToStartEvent to mod ArchitectureCraft
[15:26:59] [Server thread/DEBUG] [FML/]: Bar Step: ServerAboutToStart - ArchitectureCraft took 0.000s
[15:26:59] [Server thread/TRACE] [coretweaks/coretweaks]: Sending event FMLServerAboutToStartEvent to mod coretweaks
[15:26:59] [Server thread/TRACE] [coretweaks/coretweaks]: Sent event FMLServerAboutToStartEvent to mod coretweaks
[15:26:59] [Server thread/DEBUG] [FML/]: Bar Step: ServerAboutToStart - CoreTweaks took 0.009s
[15:26:59] [Server thread/TRACE] [CustomMainMenu/CustomMainMenu]: Sending event FMLServerAboutToStartEvent to mod CustomMainMenu
[15:26:59] [Server thread/TRACE] [CustomMainMenu/CustomMainMenu]: Sent event FMLServerAboutToStartEvent to mod CustomMainMenu
[15:26:59] [Server thread/DEBUG] [FML/]: Bar Step: ServerAboutToStart - Custom Main Menu took 0.001s
[15:26:59] [Server thread/TRACE] [damagemark/damagemark]: Sending event FMLServerAboutToStartEvent to mod damagemark
[15:26:59] [Server thread/TRACE] [damagemark/damagemark]: Sent event FMLServerAboutToStartEvent to mod damagemark
[15:26:59] [Server thread/DEBUG] [FML/]: Bar Step: ServerAboutToStart - DamageMark took 0.000s
[15:26:59] [Server thread/TRACE] [erde/erde]: Sending event FMLServerAboutToStartEvent to mod erde
[15:26:59] [Server thread/TRACE] [erde/erde]: Sent event FMLServerAboutToStartEvent to mod erde
[15:26:59] [Server thread/DEBUG] [FML/]: Bar Step: ServerAboutToStart - Entity Render Extender took 0.000s
[15:26:59] [Server thread/TRACE] [flansmod/flansmod]: Sending event FMLServerAboutToStartEvent to mod flansmod
[15:26:59] [Server thread/TRACE] [flansmod/flansmod]: Sent event FMLServerAboutToStartEvent to mod flansmod
[15:26:59] [Server thread/DEBUG] [FML/]: Bar Step: ServerAboutToStart - Flan's Mod Ultimate (Stability Edition) took 0.000s
[15:26:59] [Server thread/TRACE] [hbm/hbm]: Sending event FMLServerAboutToStartEvent to mod hbm
[15:26:59] [Server thread/TRACE] [hbm/hbm]: Sent event FMLServerAboutToStartEvent to mod hbm
[15:26:59] [Server thread/DEBUG] [FML/]: Bar Step: ServerAboutToStart - Hbm's Nuclear Tech took 0.000s
[15:26:59] [Server thread/TRACE] [hidenames/hidenames]: Sending event FMLServerAboutToStartEvent to mod hidenames
[15:26:59] [Server thread/TRACE] [hidenames/hidenames]: Sent event FMLServerAboutToStartEvent to mod hidenames
[15:26:59] [Server thread/DEBUG] [FML/]: Bar Step: ServerAboutToStart - Hide Names took 0.000s
[15:26:59] [Server thread/TRACE] [mcheli/mcheli]: Sending event FMLServerAboutToStartEvent to mod mcheli
[15:26:59] [Server thread/TRACE] [mcheli/mcheli]: Sent event FMLServerAboutToStartEvent to mod mcheli
[15:26:59] [Server thread/DEBUG] [FML/]: Bar Step: ServerAboutToStart - MCH-Reforged took 0.000s
[15:26:59] [Server thread/TRACE] [mchrmixin/mchrmixin]: Sending event FMLServerAboutToStartEvent to mod mchrmixin
[15:26:59] [Server thread/TRACE] [mchrmixin/mchrmixin]: Sent event FMLServerAboutToStartEvent to mod mchrmixin
[15:26:59] [Server thread/DEBUG] [FML/]: Bar Step: ServerAboutToStart - mchrmixin took 0.000s
[15:26:59] [Server thread/TRACE] [qemenu/qemenu]: Sending event FMLServerAboutToStartEvent to mod qemenu
[15:26:59] [Server thread/TRACE] [qemenu/qemenu]: Sent event FMLServerAboutToStartEvent to mod qemenu
[15:26:59] [Server thread/DEBUG] [FML/]: Bar Step: ServerAboutToStart - Quick Easy Menu took 0.000s
[15:26:59] [Server thread/TRACE] [signpic/signpic]: Sending event FMLServerAboutToStartEvent to mod signpic
[15:26:59] [Server thread/TRACE] [signpic/signpic]: Sent event FMLServerAboutToStartEvent to mod signpic
[15:26:59] [Server thread/DEBUG] [FML/]: Bar Step: ServerAboutToStart - SignPicture took 0.000s
[15:26:59] [Server thread/TRACE] [stepup/stepup]: Sending event FMLServerAboutToStartEvent to mod stepup
[15:26:59] [Server thread/TRACE] [stepup/stepup]: Sent event FMLServerAboutToStartEvent to mod stepup
[15:26:59] [Server thread/DEBUG] [FML/]: Bar Step: ServerAboutToStart - StepUp took 0.000s
[15:26:59] [Server thread/TRACE] [vexview/vexview]: Sending event FMLServerAboutToStartEvent to mod vexview
[15:26:59] [Server thread/TRACE] [vexview/vexview]: Sent event FMLServerAboutToStartEvent to mod vexview
[15:26:59] [Server thread/DEBUG] [FML/]: Bar Step: ServerAboutToStart - VexView took 0.000s
[15:26:59] [Server thread/TRACE] [XaeroMinimap/XaeroMinimap]: Sending event FMLServerAboutToStartEvent to mod XaeroMinimap
[15:26:59] [Server thread/TRACE] [XaeroMinimap/XaeroMinimap]: Sent event FMLServerAboutToStartEvent to mod XaeroMinimap
[15:26:59] [Server thread/DEBUG] [FML/]: Bar Step: ServerAboutToStart - Xaero's Minimap took 0.000s
[15:26:59] [Server thread/TRACE] [XaeroWorldMap/XaeroWorldMap]: Sending event FMLServerAboutToStartEvent to mod XaeroWorldMap
[15:26:59] [Server thread/TRACE] [XaeroWorldMap/XaeroWorldMap]: Sent event FMLServerAboutToStartEvent to mod XaeroWorldMap
[15:26:59] [Server thread/DEBUG] [FML/]: Bar Step: ServerAboutToStart - Xaero's World Map took 0.000s
[15:26:59] [Server thread/DEBUG] [FML/]: Bar Finished: ServerAboutToStart took 0.254s
[15:26:59] [Server thread/DEBUG] [mixin/]: Mixing diagnostics.enhancemapstorageerrors.MixinMapStorage from coretweaks.mixin.json into net.minecraft.world.storage.MapStorage
[15:26:59] [Server thread/TRACE] [mixin/]: Added class metadata for net/minecraft/world/WorldSavedData to metadata cache
[15:26:59] [Server thread/TRACE] [mixin/]: Added class metadata for net/minecraft/world/storage/ISaveHandler to metadata cache
[15:26:59] [Server thread/DEBUG] [mixin/]: coretweaks.mixin.json:diagnostics.enhancemapstorageerrors.MixinMapStorage from mod coretweaks->@Inject::printSaveFile(Lnet/minecraft/world/WorldSavedData;Lorg/spongepowered/asm/mixin/injection/callback/CallbackInfo;)V doesn't use it's CallbackInfo
[15:26:59] [Server thread/DEBUG] [mixin/]: coretweaks.mixin.json:diagnostics.enhancemapstorageerrors.MixinMapStorage from mod coretweaks->@Inject::printSaveFile(Lnet/minecraft/world/WorldSavedData;Lorg/spongepowered/asm/mixin/injection/callback/CallbackInfo;)V has 0 override(s) in child classes
[15:26:59] [Server thread/DEBUG] [mixin/]: coretweaks.mixin.json:diagnostics.enhancemapstorageerrors.MixinMapStorage from mod coretweaks->@Inject::printSaveFile(Lnet/minecraft/world/WorldSavedData;Lorg/spongepowered/asm/mixin/injection/callback/CallbackInfo;)V won't be passed a CallbackInfo as a result
[15:26:59] [Server thread/TRACE] [mixin/]: Added class metadata for java/lang/Short to metadata cache
[15:26:59] [Server thread/TRACE] [mixin/]: Added class metadata for java/lang/Number to metadata cache
[15:26:59] [Server thread/INFO] [FML/]: Injecting existing block and item data into this server instance
[15:26:59] [Server thread/DEBUG] [FML/]: Registry consistency check successful
[15:26:59] [Server thread/DEBUG] [FML/]: Registry consistency check successful
[15:26:59] [Server thread/TRACE] [mcp/mcp]: Sending event FMLModIdMappingEvent to mod mcp
[15:26:59] [Server thread/TRACE] [mcp/mcp]: Sent event FMLModIdMappingEvent to mod mcp
[15:26:59] [Server thread/DEBUG] [FML/]: Bar Step: ModIdMapping - Minecraft Coder Pack took 0.000s
[15:26:59] [Server thread/TRACE] [FML/FML]: Sending event FMLModIdMappingEvent to mod FML
[15:26:59] [Server thread/TRACE] [FML/FML]: Sent event FMLModIdMappingEvent to mod FML
[15:26:59] [Server thread/DEBUG] [FML/]: Bar Step: ModIdMapping - Forge Mod Loader took 0.000s
[15:26:59] [Server thread/TRACE] [Forge/Forge]: Sending event FMLModIdMappingEvent to mod Forge
[15:26:59] [Server thread/TRACE] [Forge/Forge]: Sent event FMLModIdMappingEvent to mod Forge
[15:26:59] [Server thread/DEBUG] [FML/]: Bar Step: ModIdMapping - Minecraft Forge took 0.001s
[15:26:59] [Server thread/TRACE] [InputFix/InputFix]: Sending event FMLModIdMappingEvent to mod InputFix
[15:26:59] [Server thread/TRACE] [InputFix/InputFix]: Sent event FMLModIdMappingEvent to mod InputFix
[15:26:59] [Server thread/DEBUG] [FML/]: Bar Step: ModIdMapping - InputFix took 0.000s
[15:26:59] [Server thread/TRACE] [UnicodeFontExtensionCore/UnicodeFontExtensionCore]: Sending event FMLModIdMappingEvent to mod UnicodeFontExtensionCore
[15:26:59] [Server thread/TRACE] [UnicodeFontExtensionCore/UnicodeFontExtensionCore]: Sent event FMLModIdMappingEvent to mod UnicodeFontExtensionCore
[15:26:59] [Server thread/DEBUG] [FML/]: Bar Step: ModIdMapping - Unicode Font Extension Core took 0.000s
[15:26:59] [Server thread/TRACE] [UraniumPlus/UraniumPlus]: Sending event FMLModIdMappingEvent to mod UraniumPlus
[15:26:59] [Server thread/TRACE] [UraniumPlus/UraniumPlus]: Sent event FMLModIdMappingEvent to mod UraniumPlus
[15:26:59] [Server thread/DEBUG] [FML/]: Bar Step: ModIdMapping - Added title and actionbar support for client and server took 0.000s
[15:26:59] [Server thread/TRACE] [xaerominimap_core/xaerominimap_core]: Sending event FMLModIdMappingEvent to mod xaerominimap_core
[15:26:59] [Server thread/TRACE] [xaerominimap_core/xaerominimap_core]: Sent event FMLModIdMappingEvent to mod xaerominimap_core
[15:26:59] [Server thread/DEBUG] [FML/]: Bar Step: ModIdMapping - XaeroMinimapCore took 0.000s
[15:26:59] [Server thread/TRACE] [xaeroworldmap_core/xaeroworldmap_core]: Sending event FMLModIdMappingEvent to mod xaeroworldmap_core
[15:26:59] [Server thread/TRACE] [xaeroworldmap_core/xaeroworldmap_core]: Sent event FMLModIdMappingEvent to mod xaeroworldmap_core
[15:26:59] [Server thread/DEBUG] [FML/]: Bar Step: ModIdMapping - XaeroWorldMapCore took 0.000s
[15:26:59] [Server thread/TRACE] [GTNHLib Core/GTNHLib Core]: Sending event FMLModIdMappingEvent to mod GTNHLib Core
[15:26:59] [Server thread/TRACE] [GTNHLib Core/GTNHLib Core]: Sent event FMLModIdMappingEvent to mod GTNHLib Core
[15:26:59] [Server thread/DEBUG] [FML/]: Bar Step: ModIdMapping - GTNHLib Core took 0.000s
[15:26:59] [Server thread/TRACE] [UnicodeFontExtension/UnicodeFontExtension]: Sending event FMLModIdMappingEvent to mod UnicodeFontExtension
[15:26:59] [Server thread/TRACE] [UnicodeFontExtension/UnicodeFontExtension]: Sent event FMLModIdMappingEvent to mod UnicodeFontExtension
[15:26:59] [Server thread/DEBUG] [FML/]: Bar Step: ModIdMapping - Unicode Font Extension took 0.000s
[15:26:59] [Server thread/TRACE] [unimixins/unimixins]: Sending event FMLModIdMappingEvent to mod unimixins
[15:26:59] [Server thread/TRACE] [unimixins/unimixins]: Sent event FMLModIdMappingEvent to mod unimixins
[15:26:59] [Server thread/DEBUG] [FML/]: Bar Step: ModIdMapping - UniMixins took 0.000s
[15:26:59] [Server thread/TRACE] [unimixins-mixin/unimixins-mixin]: Sending event FMLModIdMappingEvent to mod unimixins-mixin
[15:26:59] [Server thread/TRACE] [unimixins-mixin/unimixins-mixin]: Sent event FMLModIdMappingEvent to mod unimixins-mixin
[15:26:59] [Server thread/DEBUG] [FML/]: Bar Step: ModIdMapping - UniMixins: Mixin (UniMix) took 0.000s
[15:26:59] [Server thread/TRACE] [unimixins-compat/unimixins-compat]: Sending event FMLModIdMappingEvent to mod unimixins-compat
[15:26:59] [Server thread/TRACE] [unimixins-compat/unimixins-compat]: Sent event FMLModIdMappingEvent to mod unimixins-compat
[15:26:59] [Server thread/DEBUG] [FML/]: Bar Step: ModIdMapping - UniMixins: Compatibility took 0.000s
[15:26:59] [Server thread/TRACE] [mixingasm/mixingasm]: Sending event FMLModIdMappingEvent to mod mixingasm
[15:26:59] [Server thread/TRACE] [mixingasm/mixingasm]: Sent event FMLModIdMappingEvent to mod mixingasm
[15:26:59] [Server thread/DEBUG] [FML/]: Bar Step: ModIdMapping - UniMixins: Mixingasm took 0.000s
[15:26:59] [Server thread/TRACE] [spongemixins/spongemixins]: Sending event FMLModIdMappingEvent to mod spongemixins
[15:26:59] [Server thread/TRACE] [spongemixins/spongemixins]: Sent event FMLModIdMappingEvent to mod spongemixins
[15:26:59] [Server thread/DEBUG] [FML/]: Bar Step: ModIdMapping - UniMixins: SpongeMixins took 0.000s
[15:26:59] [Server thread/TRACE] [mixinbooterlegacy/mixinbooterlegacy]: Sending event FMLModIdMappingEvent to mod mixinbooterlegacy
[15:26:59] [Server thread/TRACE] [mixinbooterlegacy/mixinbooterlegacy]: Sent event FMLModIdMappingEvent to mod mixinbooterlegacy
[15:26:59] [Server thread/DEBUG] [FML/]: Bar Step: ModIdMapping - UniMixins: MixinBooterLegacy took 0.000s
[15:26:59] [Server thread/TRACE] [gasstation/gasstation]: Sending event FMLModIdMappingEvent to mod gasstation
[15:26:59] [Server thread/TRACE] [gasstation/gasstation]: Sent event FMLModIdMappingEvent to mod gasstation
[15:26:59] [Server thread/DEBUG] [FML/]: Bar Step: ModIdMapping - UniMixins: GasStation took 0.000s
[15:26:59] [Server thread/TRACE] [gtnhmixins/gtnhmixins]: Sending event FMLModIdMappingEvent to mod gtnhmixins
[15:26:59] [Server thread/TRACE] [gtnhmixins/gtnhmixins]: Sent event FMLModIdMappingEvent to mod gtnhmixins
[15:26:59] [Server thread/DEBUG] [FML/]: Bar Step: ModIdMapping - UniMixins: GTNHMixins took 0.000s
[15:26:59] [Server thread/TRACE] [mixinextras/mixinextras]: Sending event FMLModIdMappingEvent to mod mixinextras
[15:26:59] [Server thread/TRACE] [mixinextras/mixinextras]: Sent event FMLModIdMappingEvent to mod mixinextras
[15:26:59] [Server thread/DEBUG] [FML/]: Bar Step: ModIdMapping - UniMixins: MixinExtras took 0.000s
[15:26:59] [Server thread/TRACE] [worldedit/worldedit]: Sending event FMLModIdMappingEvent to mod worldedit
[15:26:59] [Server thread/TRACE] [worldedit/worldedit]: Sent event FMLModIdMappingEvent to mod worldedit
[15:26:59] [Server thread/DEBUG] [FML/]: Bar Step: ModIdMapping - WorldEdit took 0.000s
[15:26:59] [Server thread/TRACE] [embeddium/embeddium]: Sending event FMLModIdMappingEvent to mod embeddium
[15:26:59] [Server thread/TRACE] [embeddium/embeddium]: Sent event FMLModIdMappingEvent to mod embeddium
[15:26:59] [Server thread/DEBUG] [FML/]: Bar Step: ModIdMapping - Embeddium took 0.000s
[15:26:59] [Server thread/TRACE] [gtnhlib/gtnhlib]: Sending event FMLModIdMappingEvent to mod gtnhlib
[15:26:59] [Server thread/TRACE] [gtnhlib/gtnhlib]: Sent event FMLModIdMappingEvent to mod gtnhlib
[15:26:59] [Server thread/DEBUG] [FML/]: Bar Step: ModIdMapping - GTNH Lib took 0.000s
[15:26:59] [Server thread/TRACE] [angelica/angelica]: Sending event FMLModIdMappingEvent to mod angelica
[15:26:59] [Server thread/TRACE] [angelica/angelica]: Sent event FMLModIdMappingEvent to mod angelica
[15:26:59] [Server thread/DEBUG] [FML/]: Bar Step: ModIdMapping - Angelica took 0.000s
[15:26:59] [Server thread/TRACE] [notfine/notfine]: Sending event FMLModIdMappingEvent to mod notfine
[15:26:59] [Server thread/TRACE] [notfine/notfine]: Sent event FMLModIdMappingEvent to mod notfine
[15:26:59] [Server thread/DEBUG] [FML/]: Bar Step: ModIdMapping - NotFine took 0.000s
[15:26:59] [Server thread/TRACE] [mcpatcherforge/mcpatcherforge]: Sending event FMLModIdMappingEvent to mod mcpatcherforge
[15:26:59] [Server thread/TRACE] [mcpatcherforge/mcpatcherforge]: Sent event FMLModIdMappingEvent to mod mcpatcherforge
[15:26:59] [Server thread/DEBUG] [FML/]: Bar Step: ModIdMapping - MCPatcherForge took 0.000s
[15:26:59] [Server thread/TRACE] [ArchitectureCraft/ArchitectureCraft]: Sending event FMLModIdMappingEvent to mod ArchitectureCraft
[15:26:59] [Server thread/TRACE] [ArchitectureCraft/ArchitectureCraft]: Sent event FMLModIdMappingEvent to mod ArchitectureCraft
[15:26:59] [Server thread/DEBUG] [FML/]: Bar Step: ModIdMapping - ArchitectureCraft took 0.000s
[15:26:59] [Server thread/TRACE] [coretweaks/coretweaks]: Sending event FMLModIdMappingEvent to mod coretweaks
[15:26:59] [Server thread/TRACE] [coretweaks/coretweaks]: Sent event FMLModIdMappingEvent to mod coretweaks
[15:26:59] [Server thread/DEBUG] [FML/]: Bar Step: ModIdMapping - CoreTweaks took 0.000s
[15:26:59] [Server thread/TRACE] [CustomMainMenu/CustomMainMenu]: Sending event FMLModIdMappingEvent to mod CustomMainMenu
[15:26:59] [Server thread/TRACE] [CustomMainMenu/CustomMainMenu]: Sent event FMLModIdMappingEvent to mod CustomMainMenu
[15:26:59] [Server thread/DEBUG] [FML/]: Bar Step: ModIdMapping - Custom Main Menu took 0.000s
[15:26:59] [Server thread/TRACE] [damagemark/damagemark]: Sending event FMLModIdMappingEvent to mod damagemark
[15:26:59] [Server thread/TRACE] [damagemark/damagemark]: Sent event FMLModIdMappingEvent to mod damagemark
[15:26:59] [Server thread/DEBUG] [FML/]: Bar Step: ModIdMapping - DamageMark took 0.000s
[15:26:59] [Server thread/TRACE] [erde/erde]: Sending event FMLModIdMappingEvent to mod erde
[15:26:59] [Server thread/TRACE] [erde/erde]: Sent event FMLModIdMappingEvent to mod erde
[15:26:59] [Server thread/DEBUG] [FML/]: Bar Step: ModIdMapping - Entity Render Extender took 0.000s
[15:26:59] [Server thread/TRACE] [flansmod/flansmod]: Sending event FMLModIdMappingEvent to mod flansmod
[15:26:59] [Server thread/TRACE] [flansmod/flansmod]: Sent event FMLModIdMappingEvent to mod flansmod
[15:26:59] [Server thread/DEBUG] [FML/]: Bar Step: ModIdMapping - Flan's Mod Ultimate (Stability Edition) took 0.000s
[15:26:59] [Server thread/TRACE] [hbm/hbm]: Sending event FMLModIdMappingEvent to mod hbm
[15:26:59] [Server thread/TRACE] [hbm/hbm]: Sent event FMLModIdMappingEvent to mod hbm
[15:26:59] [Server thread/DEBUG] [FML/]: Bar Step: ModIdMapping - Hbm's Nuclear Tech took 0.000s
[15:26:59] [Server thread/TRACE] [hidenames/hidenames]: Sending event FMLModIdMappingEvent to mod hidenames
[15:26:59] [Server thread/TRACE] [hidenames/hidenames]: Sent event FMLModIdMappingEvent to mod hidenames
[15:26:59] [Server thread/DEBUG] [FML/]: Bar Step: ModIdMapping - Hide Names took 0.000s
[15:26:59] [Server thread/TRACE] [mcheli/mcheli]: Sending event FMLModIdMappingEvent to mod mcheli
[15:26:59] [Server thread/TRACE] [mcheli/mcheli]: Sent event FMLModIdMappingEvent to mod mcheli
[15:26:59] [Server thread/DEBUG] [FML/]: Bar Step: ModIdMapping - MCH-Reforged took 0.000s
[15:26:59] [Server thread/TRACE] [mchrmixin/mchrmixin]: Sending event FMLModIdMappingEvent to mod mchrmixin
[15:26:59] [Server thread/TRACE] [mchrmixin/mchrmixin]: Sent event FMLModIdMappingEvent to mod mchrmixin
[15:26:59] [Server thread/DEBUG] [FML/]: Bar Step: ModIdMapping - mchrmixin took 0.000s
[15:26:59] [Server thread/TRACE] [qemenu/qemenu]: Sending event FMLModIdMappingEvent to mod qemenu
[15:26:59] [Server thread/TRACE] [qemenu/qemenu]: Sent event FMLModIdMappingEvent to mod qemenu
[15:26:59] [Server thread/DEBUG] [FML/]: Bar Step: ModIdMapping - Quick Easy Menu took 0.000s
[15:26:59] [Server thread/TRACE] [signpic/signpic]: Sending event FMLModIdMappingEvent to mod signpic
[15:26:59] [Server thread/TRACE] [signpic/signpic]: Sent event FMLModIdMappingEvent to mod signpic
[15:26:59] [Server thread/DEBUG] [FML/]: Bar Step: ModIdMapping - SignPicture took 0.000s
[15:26:59] [Server thread/TRACE] [stepup/stepup]: Sending event FMLModIdMappingEvent to mod stepup
[15:26:59] [Server thread/TRACE] [stepup/stepup]: Sent event FMLModIdMappingEvent to mod stepup
[15:26:59] [Server thread/DEBUG] [FML/]: Bar Step: ModIdMapping - StepUp took 0.000s
[15:26:59] [Server thread/TRACE] [vexview/vexview]: Sending event FMLModIdMappingEvent to mod vexview
[15:26:59] [Server thread/TRACE] [vexview/vexview]: Sent event FMLModIdMappingEvent to mod vexview
[15:26:59] [Server thread/DEBUG] [FML/]: Bar Step: ModIdMapping - VexView took 0.000s
[15:26:59] [Server thread/TRACE] [XaeroMinimap/XaeroMinimap]: Sending event FMLModIdMappingEvent to mod XaeroMinimap
[15:26:59] [Server thread/TRACE] [XaeroMinimap/XaeroMinimap]: Sent event FMLModIdMappingEvent to mod XaeroMinimap
[15:26:59] [Server thread/DEBUG] [FML/]: Bar Step: ModIdMapping - Xaero's Minimap took 0.000s
[15:26:59] [Server thread/TRACE] [XaeroWorldMap/XaeroWorldMap]: Sending event FMLModIdMappingEvent to mod XaeroWorldMap
[15:26:59] [Server thread/TRACE] [XaeroWorldMap/XaeroWorldMap]: Sent event FMLModIdMappingEvent to mod XaeroWorldMap
[15:26:59] [Server thread/DEBUG] [FML/]: Bar Step: ModIdMapping - Xaero's World Map took 0.000s
[15:26:59] [Server thread/DEBUG] [FML/]: Bar Finished: ModIdMapping took 0.002s
[15:26:59] [Server thread/INFO] [FML/]: Applying holder lookups
[15:26:59] [Server thread/INFO] [FML/]: Holder lookups applied
[15:26:59] [Server thread/DEBUG] [FML/]: Loading persistent fluid defaults from world
[15:26:59] [Server thread/DEBUG] [FML/]: The fluid hbm:sulfuric_acid_fluid has been selected as the default fluid for sulfuric_acid_fluid
[15:26:59] [Server thread/DEBUG] [FML/]: The fluid minecraft:lava has been selected as the default fluid for lava
[15:26:59] [Server thread/DEBUG] [FML/]: The fluid minecraft:water has been selected as the default fluid for water
[15:26:59] [Server thread/DEBUG] [FML/]: The fluid hbm:corium_fluid has been selected as the default fluid for corium_fluid
[15:26:59] [Server thread/DEBUG] [FML/]: The fluid hbm:volcanic_lava_fluid has been selected as the default fluid for volcanic_lava_fluid
[15:26:59] [Server thread/DEBUG] [FML/]: The fluid hbm:acid_fluid has been selected as the default fluid for acid_fluid
[15:26:59] [Server thread/DEBUG] [FML/]: The fluid hbm:mud_fluid has been selected as the default fluid for mud_fluid
[15:26:59] [Server thread/DEBUG] [FML/]: The fluid hbm:toxic_fluid has been selected as the default fluid for toxic_fluid
[15:26:59] [Server thread/DEBUG] [FML/]: The fluid hbm:rad_lava_fluid has been selected as the default fluid for rad_lava_fluid
[15:26:59] [Server thread/DEBUG] [FML/]: The fluid hbm:schrabidic_fluid has been selected as the default fluid for schrabidic_fluid
[15:26:59] [Server thread/DEBUG] [mixin/]: Mixing sodium.MixinLongHashMap from mixins.angelica.early.json into net.minecraft.util.LongHashMap
[15:26:59] [Server thread/DEBUG] [mixin/]: Mixing sodium.MixinChunkProviderServer from mixins.angelica.early.json into net.minecraft.world.gen.ChunkProviderServer
[15:26:59] [Server thread/TRACE] [mixin/]: Added class metadata for net/minecraft/world/chunk/IChunkProvider to metadata cache
[15:26:59] [Server thread/INFO] [STDOUT/]: [net.tclproject.mysteriumlib.asm.core.MiscUtils$SystemLogHelper:debug:80]: [DEBUG] Injecting fixes into class net.minecraft.entity.EntityTracker.
[15:26:59] [Server thread/INFO] [STDOUT/]: [net.tclproject.mysteriumlib.asm.core.MiscUtils$SystemLogHelper:debug:80]: [DEBUG] Fixed method net.minecraft.entity.EntityTracker#trackEntity(Lnet/minecraft/entity/Entity;)
[15:26:59] [Server thread/INFO] [STDOUT/]: [net.tclproject.mysteriumlib.asm.fixes.MysteriumPatchesFixesZ:<clinit>:199]: Successfully resolved trackedEntities from EntityTracker! (Entity Render Distance Entender)
[15:26:59] [Server thread/DEBUG] [mixin/]: Mixing sodium.MixinPlayerManager from mixins.angelica.early.json into net.minecraft.server.management.PlayerManager
[15:26:59] [Server thread/TRACE] [mixin/]: Added class metadata for org/spongepowered/asm/mixin/injection/invoke/arg/Args to metadata cache
[15:26:59] [Server thread/DEBUG] [mixin/]: ArgsClassGenerator assigning org.spongepowered.asm.synthetic.args.Args$1 for descriptor (III)V
[15:26:59] [Server thread/INFO] [FML/]: Loading dimension 0 (新的世界) (net.minecraft.server.integrated.IntegratedServer@586922fd)
[15:26:59] [Server thread/INFO] [FML/]: Loading dimension 1 (新的世界) (net.minecraft.server.integrated.IntegratedServer@586922fd)
[15:26:59] [Server thread/INFO] [Angelica/]: World loaded - Enabling GLSM Cache
[15:26:59] [Server thread/INFO] [FML/]: Loading dimension -1 (新的世界) (net.minecraft.server.integrated.IntegratedServer@586922fd)
[15:27:00] [Server thread/DEBUG] [mixin/]: Mixing diagnostics.detectdatawatcherconflict.MixinDataWatcher from coretweaks.mixin.json into net.minecraft.entity.DataWatcher
[15:27:00] [Server thread/TRACE] [mixin/]: Added class metadata for makamys/coretweaks/Config to metadata cache
[15:27:00] [Server thread/TRACE] [mixin/]: Added class metadata for makamys/coretweaks/diagnostics/DataWatcherMonitor to metadata cache
[15:27:00] [Server thread/TRACE] [mixin/]: Added class metadata for org/apache/commons/lang3/exception/ExceptionUtils to metadata cache
[15:27:00] [Server thread/DEBUG] [mixin/]: coretweaks.mixin.json:diagnostics.detectdatawatcherconflict.MixinDataWatcher from mod coretweaks->@Inject::monitorObjectAddition(ILjava/lang/Object;Lorg/spongepowered/asm/mixin/injection/callback/CallbackInfo;)V doesn't use it's CallbackInfo
[15:27:00] [Server thread/DEBUG] [mixin/]: coretweaks.mixin.json:diagnostics.detectdatawatcherconflict.MixinDataWatcher from mod coretweaks->@Inject::monitorObjectAddition(ILjava/lang/Object;Lorg/spongepowered/asm/mixin/injection/callback/CallbackInfo;)V has 0 override(s) in child classes
[15:27:00] [Server thread/DEBUG] [mixin/]: coretweaks.mixin.json:diagnostics.detectdatawatcherconflict.MixinDataWatcher from mod coretweaks->@Inject::monitorObjectAddition(ILjava/lang/Object;Lorg/spongepowered/asm/mixin/injection/callback/CallbackInfo;)V won't be passed a CallbackInfo as a result
[15:27:00] [Server thread/DEBUG] [mixin/]: coretweaks.mixin.json:diagnostics.detectdatawatcherconflict.MixinDataWatcher from mod coretweaks->@Inject::monitorTypedObjectAddition(IILorg/spongepowered/asm/mixin/injection/callback/CallbackInfo;)V doesn't use it's CallbackInfo
[15:27:00] [Server thread/DEBUG] [mixin/]: coretweaks.mixin.json:diagnostics.detectdatawatcherconflict.MixinDataWatcher from mod coretweaks->@Inject::monitorTypedObjectAddition(IILorg/spongepowered/asm/mixin/injection/callback/CallbackInfo;)V has 0 override(s) in child classes
[15:27:00] [Server thread/DEBUG] [mixin/]: coretweaks.mixin.json:diagnostics.detectdatawatcherconflict.MixinDataWatcher from mod coretweaks->@Inject::monitorTypedObjectAddition(IILorg/spongepowered/asm/mixin/injection/callback/CallbackInfo;)V won't be passed a CallbackInfo as a result
[15:27:00] [Server thread/TRACE] [mcp/mcp]: Sending event FMLServerStartingEvent to mod mcp
[15:27:00] [Server thread/TRACE] [mcp/mcp]: Sent event FMLServerStartingEvent to mod mcp
[15:27:00] [Server thread/DEBUG] [FML/]: Bar Step: ServerStarting - Minecraft Coder Pack took 0.000s
[15:27:00] [Server thread/TRACE] [FML/FML]: Sending event FMLServerStartingEvent to mod FML
[15:27:00] [Server thread/TRACE] [FML/FML]: Sent event FMLServerStartingEvent to mod FML
[15:27:00] [Server thread/DEBUG] [FML/]: Bar Step: ServerStarting - Forge Mod Loader took 0.000s
[15:27:00] [Server thread/TRACE] [Forge/Forge]: Sending event FMLServerStartingEvent to mod Forge
[15:27:00] [Server thread/TRACE] [Forge/Forge]: Sent event FMLServerStartingEvent to mod Forge
[15:27:00] [Server thread/DEBUG] [FML/]: Bar Step: ServerStarting - Minecraft Forge took 0.001s
[15:27:00] [Server thread/TRACE] [InputFix/InputFix]: Sending event FMLServerStartingEvent to mod InputFix
[15:27:00] [Server thread/TRACE] [InputFix/InputFix]: Sent event FMLServerStartingEvent to mod InputFix
[15:27:00] [Server thread/DEBUG] [FML/]: Bar Step: ServerStarting - InputFix took 0.000s
[15:27:00] [Server thread/TRACE] [UnicodeFontExtensionCore/UnicodeFontExtensionCore]: Sending event FMLServerStartingEvent to mod UnicodeFontExtensionCore
[15:27:00] [Server thread/TRACE] [UnicodeFontExtensionCore/UnicodeFontExtensionCore]: Sent event FMLServerStartingEvent to mod UnicodeFontExtensionCore
[15:27:00] [Server thread/DEBUG] [FML/]: Bar Step: ServerStarting - Unicode Font Extension Core took 0.000s
[15:27:00] [Server thread/TRACE] [UraniumPlus/UraniumPlus]: Sending event FMLServerStartingEvent to mod UraniumPlus
[15:27:00] [Server thread/TRACE] [UraniumPlus/UraniumPlus]: Sent event FMLServerStartingEvent to mod UraniumPlus
[15:27:00] [Server thread/DEBUG] [FML/]: Bar Step: ServerStarting - Added title and actionbar support for client and server took 0.000s
[15:27:00] [Server thread/TRACE] [xaerominimap_core/xaerominimap_core]: Sending event FMLServerStartingEvent to mod xaerominimap_core
[15:27:00] [Server thread/TRACE] [xaerominimap_core/xaerominimap_core]: Sent event FMLServerStartingEvent to mod xaerominimap_core
[15:27:00] [Server thread/DEBUG] [FML/]: Bar Step: ServerStarting - XaeroMinimapCore took 0.000s
[15:27:00] [Server thread/TRACE] [xaeroworldmap_core/xaeroworldmap_core]: Sending event FMLServerStartingEvent to mod xaeroworldmap_core
[15:27:00] [Server thread/TRACE] [xaeroworldmap_core/xaeroworldmap_core]: Sent event FMLServerStartingEvent to mod xaeroworldmap_core
[15:27:00] [Server thread/DEBUG] [FML/]: Bar Step: ServerStarting - XaeroWorldMapCore took 0.000s
[15:27:00] [Server thread/TRACE] [GTNHLib Core/GTNHLib Core]: Sending event FMLServerStartingEvent to mod GTNHLib Core
[15:27:00] [Server thread/TRACE] [GTNHLib Core/GTNHLib Core]: Sent event FMLServerStartingEvent to mod GTNHLib Core
[15:27:00] [Server thread/DEBUG] [FML/]: Bar Step: ServerStarting - GTNHLib Core took 0.000s
[15:27:00] [Server thread/TRACE] [UnicodeFontExtension/UnicodeFontExtension]: Sending event FMLServerStartingEvent to mod UnicodeFontExtension
[15:27:00] [Server thread/TRACE] [UnicodeFontExtension/UnicodeFontExtension]: Sent event FMLServerStartingEvent to mod UnicodeFontExtension
[15:27:00] [Server thread/DEBUG] [FML/]: Bar Step: ServerStarting - Unicode Font Extension took 0.000s
[15:27:00] [Server thread/TRACE] [unimixins/unimixins]: Sending event FMLServerStartingEvent to mod unimixins
[15:27:00] [Server thread/TRACE] [unimixins/unimixins]: Sent event FMLServerStartingEvent to mod unimixins
[15:27:00] [Server thread/DEBUG] [FML/]: Bar Step: ServerStarting - UniMixins took 0.000s
[15:27:00] [Server thread/TRACE] [unimixins-mixin/unimixins-mixin]: Sending event FMLServerStartingEvent to mod unimixins-mixin
[15:27:00] [Server thread/TRACE] [unimixins-mixin/unimixins-mixin]: Sent event FMLServerStartingEvent to mod unimixins-mixin
[15:27:00] [Server thread/DEBUG] [FML/]: Bar Step: ServerStarting - UniMixins: Mixin (UniMix) took 0.000s
[15:27:00] [Server thread/TRACE] [unimixins-compat/unimixins-compat]: Sending event FMLServerStartingEvent to mod unimixins-compat
[15:27:00] [Server thread/TRACE] [unimixins-compat/unimixins-compat]: Sent event FMLServerStartingEvent to mod unimixins-compat
[15:27:00] [Server thread/DEBUG] [FML/]: Bar Step: ServerStarting - UniMixins: Compatibility took 0.000s
[15:27:00] [Server thread/TRACE] [mixingasm/mixingasm]: Sending event FMLServerStartingEvent to mod mixingasm
[15:27:00] [Server thread/TRACE] [mixingasm/mixingasm]: Sent event FMLServerStartingEvent to mod mixingasm
[15:27:00] [Server thread/DEBUG] [FML/]: Bar Step: ServerStarting - UniMixins: Mixingasm took 0.000s
[15:27:00] [Server thread/TRACE] [spongemixins/spongemixins]: Sending event FMLServerStartingEvent to mod spongemixins
[15:27:00] [Server thread/TRACE] [spongemixins/spongemixins]: Sent event FMLServerStartingEvent to mod spongemixins
[15:27:00] [Server thread/DEBUG] [FML/]: Bar Step: ServerStarting - UniMixins: SpongeMixins took 0.000s
[15:27:00] [Server thread/TRACE] [mixinbooterlegacy/mixinbooterlegacy]: Sending event FMLServerStartingEvent to mod mixinbooterlegacy
[15:27:00] [Server thread/TRACE] [mixinbooterlegacy/mixinbooterlegacy]: Sent event FMLServerStartingEvent to mod mixinbooterlegacy
[15:27:00] [Server thread/DEBUG] [FML/]: Bar Step: ServerStarting - UniMixins: MixinBooterLegacy took 0.000s
[15:27:00] [Server thread/TRACE] [gasstation/gasstation]: Sending event FMLServerStartingEvent to mod gasstation
[15:27:00] [Server thread/TRACE] [gasstation/gasstation]: Sent event FMLServerStartingEvent to mod gasstation
[15:27:00] [Server thread/DEBUG] [FML/]: Bar Step: ServerStarting - UniMixins: GasStation took 0.000s
[15:27:00] [Server thread/TRACE] [gtnhmixins/gtnhmixins]: Sending event FMLServerStartingEvent to mod gtnhmixins
[15:27:00] [Server thread/TRACE] [gtnhmixins/gtnhmixins]: Sent event FMLServerStartingEvent to mod gtnhmixins
[15:27:00] [Server thread/DEBUG] [FML/]: Bar Step: ServerStarting - UniMixins: GTNHMixins took 0.000s
[15:27:00] [Server thread/TRACE] [mixinextras/mixinextras]: Sending event FMLServerStartingEvent to mod mixinextras
[15:27:00] [Server thread/TRACE] [mixinextras/mixinextras]: Sent event FMLServerStartingEvent to mod mixinextras
[15:27:00] [Server thread/DEBUG] [FML/]: Bar Step: ServerStarting - UniMixins: MixinExtras took 0.000s
[15:27:00] [Server thread/TRACE] [worldedit/worldedit]: Sending event FMLServerStartingEvent to mod worldedit
[15:27:00] [Server thread/TRACE] [worldedit/worldedit]: Sent event FMLServerStartingEvent to mod worldedit
[15:27:00] [Server thread/DEBUG] [FML/]: Bar Step: ServerStarting - WorldEdit took 0.000s
[15:27:00] [Server thread/TRACE] [embeddium/embeddium]: Sending event FMLServerStartingEvent to mod embeddium
[15:27:00] [Server thread/TRACE] [embeddium/embeddium]: Sent event FMLServerStartingEvent to mod embeddium
[15:27:00] [Server thread/DEBUG] [FML/]: Bar Step: ServerStarting - Embeddium took 0.000s
[15:27:00] [Server thread/TRACE] [gtnhlib/gtnhlib]: Sending event FMLServerStartingEvent to mod gtnhlib
[15:27:00] [Server thread/TRACE] [gtnhlib/gtnhlib]: Sent event FMLServerStartingEvent to mod gtnhlib
[15:27:00] [Server thread/DEBUG] [FML/]: Bar Step: ServerStarting - GTNH Lib took 0.000s
[15:27:00] [Server thread/TRACE] [angelica/angelica]: Sending event FMLServerStartingEvent to mod angelica
[15:27:00] [Server thread/TRACE] [angelica/angelica]: Sent event FMLServerStartingEvent to mod angelica
[15:27:00] [Server thread/DEBUG] [FML/]: Bar Step: ServerStarting - Angelica took 0.000s
[15:27:00] [Server thread/TRACE] [notfine/notfine]: Sending event FMLServerStartingEvent to mod notfine
[15:27:00] [Server thread/TRACE] [notfine/notfine]: Sent event FMLServerStartingEvent to mod notfine
[15:27:00] [Server thread/DEBUG] [FML/]: Bar Step: ServerStarting - NotFine took 0.000s
[15:27:00] [Server thread/TRACE] [mcpatcherforge/mcpatcherforge]: Sending event FMLServerStartingEvent to mod mcpatcherforge
[15:27:00] [Server thread/TRACE] [mcpatcherforge/mcpatcherforge]: Sent event FMLServerStartingEvent to mod mcpatcherforge
[15:27:00] [Server thread/DEBUG] [FML/]: Bar Step: ServerStarting - MCPatcherForge took 0.000s
[15:27:00] [Server thread/TRACE] [ArchitectureCraft/ArchitectureCraft]: Sending event FMLServerStartingEvent to mod ArchitectureCraft
[15:27:00] [Server thread/TRACE] [ArchitectureCraft/ArchitectureCraft]: Sent event FMLServerStartingEvent to mod ArchitectureCraft
[15:27:00] [Server thread/DEBUG] [FML/]: Bar Step: ServerStarting - ArchitectureCraft took 0.000s
[15:27:00] [Server thread/TRACE] [coretweaks/coretweaks]: Sending event FMLServerStartingEvent to mod coretweaks
[15:27:00] [Server thread/TRACE] [coretweaks/coretweaks]: Sent event FMLServerStartingEvent to mod coretweaks
[15:27:00] [Server thread/DEBUG] [FML/]: Bar Step: ServerStarting - CoreTweaks took 0.001s
[15:27:00] [Server thread/TRACE] [CustomMainMenu/CustomMainMenu]: Sending event FMLServerStartingEvent to mod CustomMainMenu
[15:27:00] [Server thread/TRACE] [CustomMainMenu/CustomMainMenu]: Sent event FMLServerStartingEvent to mod CustomMainMenu
[15:27:00] [Server thread/DEBUG] [FML/]: Bar Step: ServerStarting - Custom Main Menu took 0.000s
[15:27:00] [Server thread/TRACE] [damagemark/damagemark]: Sending event FMLServerStartingEvent to mod damagemark
[15:27:00] [Server thread/TRACE] [damagemark/damagemark]: Sent event FMLServerStartingEvent to mod damagemark
[15:27:00] [Server thread/DEBUG] [FML/]: Bar Step: ServerStarting - DamageMark took 0.000s
[15:27:00] [Server thread/TRACE] [erde/erde]: Sending event FMLServerStartingEvent to mod erde
[15:27:00] [Server thread/TRACE] [erde/erde]: Sent event FMLServerStartingEvent to mod erde
[15:27:00] [Server thread/DEBUG] [FML/]: Bar Step: ServerStarting - Entity Render Extender took 0.000s
[15:27:00] [Server thread/TRACE] [flansmod/flansmod]: Sending event FMLServerStartingEvent to mod flansmod
[15:27:00] [Server thread/TRACE] [flansmod/flansmod]: Sent event FMLServerStartingEvent to mod flansmod
[15:27:00] [Server thread/DEBUG] [FML/]: Bar Step: ServerStarting - Flan's Mod Ultimate (Stability Edition) took 0.001s
[15:27:00] [Server thread/TRACE] [hbm/hbm]: Sending event FMLServerStartingEvent to mod hbm
[15:27:00] [Server thread/TRACE] [hbm/hbm]: Sent event FMLServerStartingEvent to mod hbm
[15:27:00] [Server thread/DEBUG] [FML/]: Bar Step: ServerStarting - Hbm's Nuclear Tech took 0.011s
[15:27:00] [Server thread/TRACE] [hidenames/hidenames]: Sending event FMLServerStartingEvent to mod hidenames
[15:27:00] [Server thread/TRACE] [hidenames/hidenames]: Sent event FMLServerStartingEvent to mod hidenames
[15:27:00] [Server thread/DEBUG] [FML/]: Bar Step: ServerStarting - Hide Names took 0.025s
[15:27:00] [Server thread/TRACE] [mcheli/mcheli]: Sending event FMLServerStartingEvent to mod mcheli
[15:27:00] [Server thread/TRACE] [mcheli/mcheli]: Sent event FMLServerStartingEvent to mod mcheli
[15:27:00] [Server thread/DEBUG] [FML/]: Bar Step: ServerStarting - MCH-Reforged took 0.004s
[15:27:00] [Server thread/TRACE] [mchrmixin/mchrmixin]: Sending event FMLServerStartingEvent to mod mchrmixin
[15:27:00] [Server thread/TRACE] [mchrmixin/mchrmixin]: Sent event FMLServerStartingEvent to mod mchrmixin
[15:27:00] [Server thread/DEBUG] [FML/]: Bar Step: ServerStarting - mchrmixin took 0.000s
[15:27:00] [Server thread/TRACE] [qemenu/qemenu]: Sending event FMLServerStartingEvent to mod qemenu
[15:27:00] [Server thread/TRACE] [qemenu/qemenu]: Sent event FMLServerStartingEvent to mod qemenu
[15:27:00] [Server thread/DEBUG] [FML/]: Bar Step: ServerStarting - Quick Easy Menu took 0.000s
[15:27:00] [Server thread/TRACE] [signpic/signpic]: Sending event FMLServerStartingEvent to mod signpic
[15:27:00] [Server thread/TRACE] [signpic/signpic]: Sent event FMLServerStartingEvent to mod signpic
[15:27:00] [Server thread/DEBUG] [FML/]: Bar Step: ServerStarting - SignPicture took 0.000s
[15:27:00] [Server thread/TRACE] [stepup/stepup]: Sending event FMLServerStartingEvent to mod stepup
[15:27:00] [Server thread/TRACE] [stepup/stepup]: Sent event FMLServerStartingEvent to mod stepup
[15:27:00] [Server thread/DEBUG] [FML/]: Bar Step: ServerStarting - StepUp took 0.000s
[15:27:00] [Server thread/TRACE] [vexview/vexview]: Sending event FMLServerStartingEvent to mod vexview
[15:27:00] [Server thread/TRACE] [vexview/vexview]: Sent event FMLServerStartingEvent to mod vexview
[15:27:00] [Server thread/DEBUG] [FML/]: Bar Step: ServerStarting - VexView took 0.000s
[15:27:00] [Server thread/TRACE] [XaeroMinimap/XaeroMinimap]: Sending event FMLServerStartingEvent to mod XaeroMinimap
[15:27:00] [Server thread/TRACE] [XaeroMinimap/XaeroMinimap]: Sent event FMLServerStartingEvent to mod XaeroMinimap
[15:27:00] [Server thread/DEBUG] [FML/]: Bar Step: ServerStarting - Xaero's Minimap took 0.000s
[15:27:00] [Server thread/TRACE] [XaeroWorldMap/XaeroWorldMap]: Sending event FMLServerStartingEvent to mod XaeroWorldMap
[15:27:00] [Server thread/TRACE] [XaeroWorldMap/XaeroWorldMap]: Sent event FMLServerStartingEvent to mod XaeroWorldMap
[15:27:00] [Server thread/DEBUG] [FML/]: Bar Step: ServerStarting - Xaero's World Map took 0.000s
[15:27:00] [Server thread/DEBUG] [FML/]: Bar Finished: ServerStarting took 0.045s
[15:27:00] [Server thread/TRACE] [mcp/mcp]: Sending event FMLServerStartedEvent to mod mcp
[15:27:00] [Server thread/TRACE] [mcp/mcp]: Sent event FMLServerStartedEvent to mod mcp
[15:27:00] [Server thread/DEBUG] [FML/]: Bar Step: ServerStarted - Minecraft Coder Pack took 0.000s
[15:27:00] [Server thread/TRACE] [FML/FML]: Sending event FMLServerStartedEvent to mod FML
[15:27:00] [Server thread/TRACE] [FML/FML]: Sent event FMLServerStartedEvent to mod FML
[15:27:00] [Server thread/DEBUG] [FML/]: Bar Step: ServerStarted - Forge Mod Loader took 0.000s
[15:27:00] [Server thread/TRACE] [Forge/Forge]: Sending event FMLServerStartedEvent to mod Forge
[15:27:00] [Server thread/TRACE] [Forge/Forge]: Sent event FMLServerStartedEvent to mod Forge
[15:27:00] [Server thread/DEBUG] [FML/]: Bar Step: ServerStarted - Minecraft Forge took 0.000s
[15:27:00] [Server thread/TRACE] [InputFix/InputFix]: Sending event FMLServerStartedEvent to mod InputFix
[15:27:00] [Server thread/TRACE] [InputFix/InputFix]: Sent event FMLServerStartedEvent to mod InputFix
[15:27:00] [Server thread/DEBUG] [FML/]: Bar Step: ServerStarted - InputFix took 0.000s
[15:27:00] [Server thread/TRACE] [UnicodeFontExtensionCore/UnicodeFontExtensionCore]: Sending event FMLServerStartedEvent to mod UnicodeFontExtensionCore
[15:27:00] [Server thread/TRACE] [UnicodeFontExtensionCore/UnicodeFontExtensionCore]: Sent event FMLServerStartedEvent to mod UnicodeFontExtensionCore
[15:27:00] [Server thread/DEBUG] [FML/]: Bar Step: ServerStarted - Unicode Font Extension Core took 0.000s
[15:27:00] [Server thread/TRACE] [UraniumPlus/UraniumPlus]: Sending event FMLServerStartedEvent to mod UraniumPlus
[15:27:00] [Server thread/TRACE] [UraniumPlus/UraniumPlus]: Sent event FMLServerStartedEvent to mod UraniumPlus
[15:27:00] [Server thread/DEBUG] [FML/]: Bar Step: ServerStarted - Added title and actionbar support for client and server took 0.000s
[15:27:00] [Server thread/TRACE] [xaerominimap_core/xaerominimap_core]: Sending event FMLServerStartedEvent to mod xaerominimap_core
[15:27:00] [Server thread/TRACE] [xaerominimap_core/xaerominimap_core]: Sent event FMLServerStartedEvent to mod xaerominimap_core
[15:27:00] [Server thread/DEBUG] [FML/]: Bar Step: ServerStarted - XaeroMinimapCore took 0.000s
[15:27:00] [Server thread/TRACE] [xaeroworldmap_core/xaeroworldmap_core]: Sending event FMLServerStartedEvent to mod xaeroworldmap_core
[15:27:00] [Server thread/TRACE] [xaeroworldmap_core/xaeroworldmap_core]: Sent event FMLServerStartedEvent to mod xaeroworldmap_core
[15:27:00] [Server thread/DEBUG] [FML/]: Bar Step: ServerStarted - XaeroWorldMapCore took 0.000s
[15:27:00] [Server thread/TRACE] [GTNHLib Core/GTNHLib Core]: Sending event FMLServerStartedEvent to mod GTNHLib Core
[15:27:00] [Server thread/TRACE] [GTNHLib Core/GTNHLib Core]: Sent event FMLServerStartedEvent to mod GTNHLib Core
[15:27:00] [Server thread/DEBUG] [FML/]: Bar Step: ServerStarted - GTNHLib Core took 0.000s
[15:27:00] [Server thread/TRACE] [UnicodeFontExtension/UnicodeFontExtension]: Sending event FMLServerStartedEvent to mod UnicodeFontExtension
[15:27:00] [Server thread/TRACE] [UnicodeFontExtension/UnicodeFontExtension]: Sent event FMLServerStartedEvent to mod UnicodeFontExtension
[15:27:00] [Server thread/DEBUG] [FML/]: Bar Step: ServerStarted - Unicode Font Extension took 0.000s
[15:27:00] [Server thread/TRACE] [unimixins/unimixins]: Sending event FMLServerStartedEvent to mod unimixins
[15:27:00] [Server thread/TRACE] [unimixins/unimixins]: Sent event FMLServerStartedEvent to mod unimixins
[15:27:00] [Server thread/DEBUG] [FML/]: Bar Step: ServerStarted - UniMixins took 0.000s
[15:27:00] [Server thread/TRACE] [unimixins-mixin/unimixins-mixin]: Sending event FMLServerStartedEvent to mod unimixins-mixin
[15:27:00] [Server thread/TRACE] [unimixins-mixin/unimixins-mixin]: Sent event FMLServerStartedEvent to mod unimixins-mixin
[15:27:00] [Server thread/DEBUG] [FML/]: Bar Step: ServerStarted - UniMixins: Mixin (UniMix) took 0.000s
[15:27:00] [Server thread/TRACE] [unimixins-compat/unimixins-compat]: Sending event FMLServerStartedEvent to mod unimixins-compat
[15:27:00] [Server thread/TRACE] [unimixins-compat/unimixins-compat]: Sent event FMLServerStartedEvent to mod unimixins-compat
[15:27:00] [Server thread/DEBUG] [FML/]: Bar Step: ServerStarted - UniMixins: Compatibility took 0.000s
[15:27:00] [Server thread/TRACE] [mixingasm/mixingasm]: Sending event FMLServerStartedEvent to mod mixingasm
[15:27:00] [Server thread/TRACE] [mixingasm/mixingasm]: Sent event FMLServerStartedEvent to mod mixingasm
[15:27:00] [Server thread/DEBUG] [FML/]: Bar Step: ServerStarted - UniMixins: Mixingasm took 0.000s
[15:27:00] [Server thread/TRACE] [spongemixins/spongemixins]: Sending event FMLServerStartedEvent to mod spongemixins
[15:27:00] [Server thread/TRACE] [spongemixins/spongemixins]: Sent event FMLServerStartedEvent to mod spongemixins
[15:27:00] [Server thread/DEBUG] [FML/]: Bar Step: ServerStarted - UniMixins: SpongeMixins took 0.000s
[15:27:00] [Server thread/TRACE] [mixinbooterlegacy/mixinbooterlegacy]: Sending event FMLServerStartedEvent to mod mixinbooterlegacy
[15:27:00] [Server thread/TRACE] [mixinbooterlegacy/mixinbooterlegacy]: Sent event FMLServerStartedEvent to mod mixinbooterlegacy
[15:27:00] [Server thread/DEBUG] [FML/]: Bar Step: ServerStarted - UniMixins: MixinBooterLegacy took 0.000s
[15:27:00] [Server thread/TRACE] [gasstation/gasstation]: Sending event FMLServerStartedEvent to mod gasstation
[15:27:00] [Server thread/TRACE] [gasstation/gasstation]: Sent event FMLServerStartedEvent to mod gasstation
[15:27:00] [Server thread/DEBUG] [FML/]: Bar Step: ServerStarted - UniMixins: GasStation took 0.000s
[15:27:00] [Server thread/TRACE] [gtnhmixins/gtnhmixins]: Sending event FMLServerStartedEvent to mod gtnhmixins
[15:27:00] [Server thread/TRACE] [gtnhmixins/gtnhmixins]: Sent event FMLServerStartedEvent to mod gtnhmixins
[15:27:00] [Server thread/DEBUG] [FML/]: Bar Step: ServerStarted - UniMixins: GTNHMixins took 0.000s
[15:27:00] [Server thread/TRACE] [mixinextras/mixinextras]: Sending event FMLServerStartedEvent to mod mixinextras
[15:27:00] [Server thread/TRACE] [mixinextras/mixinextras]: Sent event FMLServerStartedEvent to mod mixinextras
[15:27:00] [Server thread/DEBUG] [FML/]: Bar Step: ServerStarted - UniMixins: MixinExtras took 0.000s
[15:27:00] [Server thread/TRACE] [worldedit/worldedit]: Sending event FMLServerStartedEvent to mod worldedit
[15:27:00] [Server thread/TRACE] [worldedit/worldedit]: Sent event FMLServerStartedEvent to mod worldedit
[15:27:00] [Server thread/DEBUG] [FML/]: Bar Step: ServerStarted - WorldEdit took 0.007s
[15:27:00] [Server thread/TRACE] [embeddium/embeddium]: Sending event FMLServerStartedEvent to mod embeddium
[15:27:00] [Server thread/TRACE] [embeddium/embeddium]: Sent event FMLServerStartedEvent to mod embeddium
[15:27:00] [Server thread/DEBUG] [FML/]: Bar Step: ServerStarted - Embeddium took 0.000s
[15:27:00] [Server thread/TRACE] [gtnhlib/gtnhlib]: Sending event FMLServerStartedEvent to mod gtnhlib
[15:27:00] [Server thread/TRACE] [gtnhlib/gtnhlib]: Sent event FMLServerStartedEvent to mod gtnhlib
[15:27:00] [Server thread/DEBUG] [FML/]: Bar Step: ServerStarted - GTNH Lib took 0.000s
[15:27:00] [Server thread/TRACE] [angelica/angelica]: Sending event FMLServerStartedEvent to mod angelica
[15:27:00] [Server thread/TRACE] [angelica/angelica]: Sent event FMLServerStartedEvent to mod angelica
[15:27:00] [Server thread/DEBUG] [FML/]: Bar Step: ServerStarted - Angelica took 0.000s
[15:27:00] [Server thread/TRACE] [notfine/notfine]: Sending event FMLServerStartedEvent to mod notfine
[15:27:00] [Server thread/TRACE] [notfine/notfine]: Sent event FMLServerStartedEvent to mod notfine
[15:27:00] [Server thread/DEBUG] [FML/]: Bar Step: ServerStarted - NotFine took 0.000s
[15:27:00] [Server thread/TRACE] [mcpatcherforge/mcpatcherforge]: Sending event FMLServerStartedEvent to mod mcpatcherforge
[15:27:00] [Server thread/TRACE] [mcpatcherforge/mcpatcherforge]: Sent event FMLServerStartedEvent to mod mcpatcherforge
[15:27:00] [Server thread/DEBUG] [FML/]: Bar Step: ServerStarted - MCPatcherForge took 0.000s
[15:27:00] [Server thread/TRACE] [ArchitectureCraft/ArchitectureCraft]: Sending event FMLServerStartedEvent to mod ArchitectureCraft
[15:27:00] [Server thread/TRACE] [ArchitectureCraft/ArchitectureCraft]: Sent event FMLServerStartedEvent to mod ArchitectureCraft
[15:27:00] [Server thread/DEBUG] [FML/]: Bar Step: ServerStarted - ArchitectureCraft took 0.000s
[15:27:00] [Server thread/TRACE] [coretweaks/coretweaks]: Sending event FMLServerStartedEvent to mod coretweaks
[15:27:00] [Server thread/TRACE] [coretweaks/coretweaks]: Sent event FMLServerStartedEvent to mod coretweaks
[15:27:00] [Server thread/DEBUG] [FML/]: Bar Step: ServerStarted - CoreTweaks took 0.001s
[15:27:00] [Server thread/TRACE] [CustomMainMenu/CustomMainMenu]: Sending event FMLServerStartedEvent to mod CustomMainMenu
[15:27:00] [Server thread/TRACE] [CustomMainMenu/CustomMainMenu]: Sent event FMLServerStartedEvent to mod CustomMainMenu
[15:27:00] [Server thread/DEBUG] [FML/]: Bar Step: ServerStarted - Custom Main Menu took 0.000s
[15:27:00] [Server thread/TRACE] [damagemark/damagemark]: Sending event FMLServerStartedEvent to mod damagemark
[15:27:00] [Server thread/TRACE] [damagemark/damagemark]: Sent event FMLServerStartedEvent to mod damagemark
[15:27:00] [Server thread/DEBUG] [FML/]: Bar Step: ServerStarted - DamageMark took 0.000s
[15:27:00] [Server thread/TRACE] [erde/erde]: Sending event FMLServerStartedEvent to mod erde
[15:27:00] [Server thread/TRACE] [erde/erde]: Sent event FMLServerStartedEvent to mod erde
[15:27:00] [Server thread/DEBUG] [FML/]: Bar Step: ServerStarted - Entity Render Extender took 0.000s
[15:27:00] [Server thread/TRACE] [flansmod/flansmod]: Sending event FMLServerStartedEvent to mod flansmod
[15:27:00] [Server thread/TRACE] [flansmod/flansmod]: Sent event FMLServerStartedEvent to mod flansmod
[15:27:00] [Server thread/DEBUG] [FML/]: Bar Step: ServerStarted - Flan's Mod Ultimate (Stability Edition) took 0.005s
[15:27:00] [Server thread/TRACE] [hbm/hbm]: Sending event FMLServerStartedEvent to mod hbm
[15:27:00] [Server thread/INFO] [HBM/hbm]: Attempting to re-register item stats...
[15:27:00] [Server thread/INFO] [HBM/hbm]: Item stats re-registered
[15:27:00] [Server thread/TRACE] [hbm/hbm]: Sent event FMLServerStartedEvent to mod hbm
[15:27:00] [Server thread/DEBUG] [FML/]: Bar Step: ServerStarted - Hbm's Nuclear Tech took 0.042s
[15:27:00] [Server thread/TRACE] [hidenames/hidenames]: Sending event FMLServerStartedEvent to mod hidenames
[15:27:00] [Server thread/TRACE] [hidenames/hidenames]: Sent event FMLServerStartedEvent to mod hidenames
[15:27:00] [Server thread/DEBUG] [FML/]: Bar Step: ServerStarted - Hide Names took 0.000s
[15:27:00] [Server thread/TRACE] [mcheli/mcheli]: Sending event FMLServerStartedEvent to mod mcheli
[15:27:00] [Server thread/TRACE] [mcheli/mcheli]: Sent event FMLServerStartedEvent to mod mcheli
[15:27:00] [Server thread/DEBUG] [FML/]: Bar Step: ServerStarted - MCH-Reforged took 0.012s
[15:27:00] [Server thread/TRACE] [mchrmixin/mchrmixin]: Sending event FMLServerStartedEvent to mod mchrmixin
[15:27:00] [Server thread/TRACE] [mchrmixin/mchrmixin]: Sent event FMLServerStartedEvent to mod mchrmixin
[15:27:00] [Server thread/DEBUG] [FML/]: Bar Step: ServerStarted - mchrmixin took 0.000s
[15:27:00] [Server thread/TRACE] [qemenu/qemenu]: Sending event FMLServerStartedEvent to mod qemenu
[15:27:00] [Server thread/TRACE] [qemenu/qemenu]: Sent event FMLServerStartedEvent to mod qemenu
[15:27:00] [Server thread/DEBUG] [FML/]: Bar Step: ServerStarted - Quick Easy Menu took 0.000s
[15:27:00] [Server thread/TRACE] [signpic/signpic]: Sending event FMLServerStartedEvent to mod signpic
[15:27:00] [Server thread/TRACE] [signpic/signpic]: Sent event FMLServerStartedEvent to mod signpic
[15:27:00] [Server thread/DEBUG] [FML/]: Bar Step: ServerStarted - SignPicture took 0.000s
[15:27:00] [Server thread/TRACE] [stepup/stepup]: Sending event FMLServerStartedEvent to mod stepup
[15:27:00] [Server thread/TRACE] [stepup/stepup]: Sent event FMLServerStartedEvent to mod stepup
[15:27:00] [Server thread/DEBUG] [FML/]: Bar Step: ServerStarted - StepUp took 0.000s
[15:27:00] [Server thread/TRACE] [vexview/vexview]: Sending event FMLServerStartedEvent to mod vexview
[15:27:00] [Server thread/TRACE] [vexview/vexview]: Sent event FMLServerStartedEvent to mod vexview
[15:27:00] [Server thread/DEBUG] [FML/]: Bar Step: ServerStarted - VexView took 0.000s
[15:27:00] [Server thread/TRACE] [XaeroMinimap/XaeroMinimap]: Sending event FMLServerStartedEvent to mod XaeroMinimap
[15:27:00] [Server thread/TRACE] [XaeroMinimap/XaeroMinimap]: Sent event FMLServerStartedEvent to mod XaeroMinimap
[15:27:00] [Server thread/DEBUG] [FML/]: Bar Step: ServerStarted - Xaero's Minimap took 0.000s
[15:27:00] [Server thread/TRACE] [XaeroWorldMap/XaeroWorldMap]: Sending event FMLServerStartedEvent to mod XaeroWorldMap
[15:27:00] [Server thread/TRACE] [XaeroWorldMap/XaeroWorldMap]: Sent event FMLServerStartedEvent to mod XaeroWorldMap
[15:27:00] [Server thread/DEBUG] [FML/]: Bar Step: ServerStarted - Xaero's World Map took 0.000s
[15:27:00] [Server thread/DEBUG] [FML/]: Bar Finished: ServerStarted took 0.068s
[15:27:00] [Client thread/DEBUG] [CustomMainMenu/]: Found unsupported button, use a wrapped button to config this. (1615486202)
[15:27:00] [Server thread/DEBUG] [mixin/]: Mixing bugfix.chatlinkcrash.MixinForgeHooks from coretweaks.mixin.json into net.minecraftforge.common.ForgeHooks
[15:27:00] [Server thread/TRACE] [mixin/]: Added class metadata for java/util/regex/Matcher to metadata cache
[15:27:00] [Server thread/TRACE] [mixin/]: Added class metadata for java/net/URI to metadata cache
[15:27:00] [Server thread/TRACE] [mixin/]: Added class metadata for net/minecraftforge/event/world/BlockEvent$MultiPlaceEvent to metadata cache
[15:27:00] [Server thread/TRACE] [mixin/]: Added class metadata for net/minecraftforge/event/world/BlockEvent$PlaceEvent to metadata cache
[15:27:00] [Server thread/DEBUG] [mixin/]: Mixing angelica.animation.MixinChunkCache from mixins.angelica.early.json into net.minecraft.world.ChunkCache
[15:27:02] [Netty IO #1/DEBUG] [mixin/]: Mixing MixinNetHandlerPlayServer from mixins.mchrmixin.json into net.minecraft.network.NetHandlerPlayServer
[15:27:02] [Netty IO #1/TRACE] [mixin/]: Added class metadata for net/minecraft/network/play/INetHandlerPlayServer to metadata cache
[15:27:02] [Netty IO #1/TRACE] [mixin/]: Added class metadata for net/minecraft/util/ChatComponentTranslation to metadata cache
[15:27:02] [Netty IO #1/TRACE] [mixin/]: Added class metadata for net/minecraft/util/ChatComponentStyle to metadata cache
[15:27:02] [Client thread/INFO] [STDOUT/]: [xaero.common.core.transformer.ClassNodeTransformer:transform:26]: Transforming class bjb net.minecraft.client.network.NetHandlerPlayClient
[15:27:02] [Client thread/INFO] [STDOUT/]: [xaero.map.core.transformer.ClassNodeTransformer:transform:26]: Transforming class net.minecraft.client.network.NetHandlerPlayClient
[15:27:02] [Client thread/DEBUG] [mixin/]: Mixing angelica.archaic.MixinNetHandlerPlayClient from mixins.angelica.early.json into net.minecraft.client.network.NetHandlerPlayClient
[15:27:02] [Client thread/DEBUG] [mixin/]: Mixing bugfix.restoretravelsound.MixinNetHandlerPlayClient from coretweaks.mixin.json into net.minecraft.client.network.NetHandlerPlayClient
[15:27:02] [Client thread/TRACE] [mixin/]: Added class metadata for net/minecraft/network/play/server/S07PacketRespawn to metadata cache
[15:27:02] [Client thread/TRACE] [mixin/]: Added class metadata for net/minecraft/client/audio/PositionedSoundRecord to metadata cache
[15:27:02] [Client thread/TRACE] [mixin/]: Added class metadata for net/minecraft/client/audio/SoundHandler to metadata cache
[15:27:02] [Client thread/DEBUG] [mixin/]: coretweaks.mixin.json:bugfix.restoretravelsound.MixinNetHandlerPlayClient from mod coretweaks->@Inject::preHandleRespawn(Lnet/minecraft/network/play/server/S07PacketRespawn;Lorg/spongepowered/asm/mixin/injection/callback/CallbackInfo;)V doesn't use it's CallbackInfo
[15:27:02] [Client thread/DEBUG] [mixin/]: coretweaks.mixin.json:bugfix.restoretravelsound.MixinNetHandlerPlayClient from mod coretweaks->@Inject::preHandleRespawn(Lnet/minecraft/network/play/server/S07PacketRespawn;Lorg/spongepowered/asm/mixin/injection/callback/CallbackInfo;)V has 0 override(s) in child classes
[15:27:02] [Client thread/DEBUG] [mixin/]: coretweaks.mixin.json:bugfix.restoretravelsound.MixinNetHandlerPlayClient from mod coretweaks->@Inject::preHandleRespawn(Lnet/minecraft/network/play/server/S07PacketRespawn;Lorg/spongepowered/asm/mixin/injection/callback/CallbackInfo;)V won't be passed a CallbackInfo as a result
[15:27:02] [Client thread/DEBUG] [mixin/]: coretweaks.mixin.json:bugfix.restoretravelsound.MixinNetHandlerPlayClient from mod coretweaks->@Inject::postHandleRespawn(Lnet/minecraft/network/play/server/S07PacketRespawn;Lorg/spongepowered/asm/mixin/injection/callback/CallbackInfo;)V doesn't use it's CallbackInfo
[15:27:02] [Client thread/DEBUG] [mixin/]: coretweaks.mixin.json:bugfix.restoretravelsound.MixinNetHandlerPlayClient from mod coretweaks->@Inject::postHandleRespawn(Lnet/minecraft/network/play/server/S07PacketRespawn;Lorg/spongepowered/asm/mixin/injection/callback/CallbackInfo;)V has 0 override(s) in child classes
[15:27:02] [Client thread/DEBUG] [mixin/]: coretweaks.mixin.json:bugfix.restoretravelsound.MixinNetHandlerPlayClient from mod coretweaks->@Inject::postHandleRespawn(Lnet/minecraft/network/play/server/S07PacketRespawn;Lorg/spongepowered/asm/mixin/injection/callback/CallbackInfo;)V won't be passed a CallbackInfo as a result
[15:27:02] [Client thread/TRACE] [mixin/]: Added class metadata for net/minecraft/entity/item/EntityFallingBlock to metadata cache
[15:27:02] [Client thread/TRACE] [mixin/]: Added class metadata for net/minecraft/entity/item/EntityEnderCrystal to metadata cache
[15:27:02] [Client thread/TRACE] [mixin/]: Added class metadata for net/minecraft/entity/item/EntityTNTPrimed to metadata cache
[15:27:02] [Client thread/TRACE] [mixin/]: Added class metadata for net/minecraft/entity/item/EntityBoat to metadata cache
[15:27:02] [Client thread/TRACE] [mixin/]: Added class metadata for net/minecraft/entity/item/EntityExpBottle to metadata cache
[15:27:02] [Client thread/TRACE] [mixin/]: Added class metadata for net/minecraft/entity/projectile/EntityThrowable to metadata cache
[15:27:02] [Client thread/TRACE] [mixin/]: Added class metadata for net/minecraft/entity/projectile/EntityPotion to metadata cache
[15:27:02] [Client thread/TRACE] [mixin/]: Added class metadata for net/minecraft/entity/projectile/EntityEgg to metadata cache
[15:27:02] [Client thread/TRACE] [mixin/]: Added class metadata for net/minecraft/entity/projectile/EntityWitherSkull to metadata cache
[15:27:02] [Client thread/TRACE] [mixin/]: Added class metadata for net/minecraft/entity/projectile/EntityFireball to metadata cache
[15:27:02] [Client thread/TRACE] [mixin/]: Added class metadata for net/minecraft/entity/projectile/EntitySmallFireball to metadata cache
[15:27:02] [Client thread/TRACE] [mixin/]: Added class metadata for net/minecraft/entity/projectile/EntityLargeFireball to metadata cache
[15:27:02] [Client thread/TRACE] [mixin/]: Added class metadata for net/minecraft/entity/item/EntityFireworkRocket to metadata cache
[15:27:02] [Client thread/TRACE] [mixin/]: Added class metadata for net/minecraft/entity/item/EntityEnderEye to metadata cache
[15:27:02] [Client thread/TRACE] [mixin/]: Added class metadata for net/minecraft/entity/item/EntityEnderPearl to metadata cache
[15:27:02] [Client thread/TRACE] [mixin/]: Added class metadata for net/minecraft/entity/EntityLeashKnot to metadata cache
[15:27:02] [Client thread/TRACE] [mixin/]: Added class metadata for net/minecraft/entity/EntityHanging to metadata cache
[15:27:02] [Client thread/TRACE] [mixin/]: Added class metadata for net/minecraft/entity/item/EntityItemFrame to metadata cache
[15:27:02] [Client thread/TRACE] [mixin/]: Added class metadata for net/minecraft/entity/projectile/EntitySnowball to metadata cache
[15:27:02] [Client thread/TRACE] [mixin/]: Added class metadata for net/minecraft/entity/projectile/EntityArrow to metadata cache
[15:27:02] [Client thread/TRACE] [mixin/]: Added class metadata for net/minecraft/entity/projectile/EntityFishHook to metadata cache
[15:27:02] [Client thread/TRACE] [mixin/]: Added class metadata for net/minecraft/entity/item/EntityMinecart to metadata cache
[15:27:02] [Client thread/TRACE] [mixin/]: Added class metadata for net/minecraft/tileentity/TileEntitySign to metadata cache
[15:27:02] [Netty Client IO #0/DEBUG] [FML/]: Server FML protocol version 2, 4 byte dimension received 0
[15:27:02] [Netty Client IO #0/TRACE] [FML/]: $ServerHello->FMLHandshakeClientState$2:HELLO
[15:27:02] [Netty Client IO #0/INFO] [FML/]: Server protocol version 2
[15:27:02] [Netty Client IO #0/DEBUG] [FML/]: Received override dimension 0
[15:27:02] [Netty IO #1/TRACE] [FML/]: $ClientHello->FMLHandshakeServerState$2:HELLO
[15:27:02] [Netty IO #1/INFO] [FML/]: Client protocol version 2
[15:27:02] [Netty IO #1/TRACE] [FML/]: $ModList:41 mods->FMLHandshakeServerState$2:HELLO
[15:27:02] [Netty IO #1/INFO] [FML/]: Client attempting to join with 41 mods : flansmod@1.58-Reforged,erde@1.0c,CustomMainMenu@1.9.2,vexview@2.6.10,unimixins-compat@0.1.23,Forge@10.13.4.1614,mcpatcherforge@1.0.0-alpha,GTNHLib Core@0.6.39,signpic@2.8.0,XaeroMinimap@21.10.23,mchrmixin@1.0,mixinbooterlegacy@1.2.1,mcp@9.05,unimixins-mixin@0.1.23,UraniumPlus@1.0,mixingasm@0.3,gtnhmixins@2.2.0,angelica@1.0.0-beta54,InputFix@1.7.10-v6,mixinextras@0.1.23,FML@7.10.99.99,notfine@1.0.0-beta54,spongemixins@2.0.1,qemenu@2.0.3,worldedit@6.1.1,stepup@1.0.1-mc1.7.10,hidenames@1.1.7,xaerominimap_core@1.7.10-1.0,gtnhlib@0.6.39,UnicodeFontExtensionCore@1.7.10-2.6,UnicodeFontExtension@1.7.10-2.7,hbm@1.0.27 BETA (5649),unimixins@0.1.23,ArchitectureCraft@1.7.2,mcheli@1.0,XaeroWorldMap@1.14.1.33,xaeroworldmap_core@1.7.10-1.0,gasstation@0.5.1,embeddium@1.0.0-beta54,coretweaks@0.3.3.2,damagemark@2.3
[15:27:02] [Netty IO #1/INFO] [FML/]: Attempting connection with missing mods [] at CLIENT
[15:27:02] [Netty Client IO #0/TRACE] [FML/]: $ModList:41 mods->FMLHandshakeClientState$3:WAITINGSERVERDATA
[15:27:02] [Netty Client IO #0/INFO] [FML/]: Attempting connection with missing mods [] at SERVER
[15:27:02] [Netty IO #1/TRACE] [FML/]: $HandshakeAck:{2}->FMLHandshakeServerState$3:WAITINGCACK
[15:27:02] [Netty Client IO #0/TRACE] [FML/]: $HandshakeAck:{2}->FMLHandshakeClientState$5:PENDINGCOMPLETE
[15:27:02] [Netty IO #1/TRACE] [FML/]: $HandshakeAck:{4}->FMLHandshakeServerState$4:COMPLETE
[15:27:02] [Netty Client IO #0/TRACE] [FML/]: $HandshakeAck:{3}->FMLHandshakeClientState$6:COMPLETE
[15:27:02] [Netty IO #1/TRACE] [FML/]: $HandshakeAck:{5}->FMLHandshakeServerState$5:DONE
[15:27:02] [Server thread/INFO] [FML/]: [Server thread] Server side modded connection established
[15:27:02] [Client thread/DEBUG] [FML/]: The fluid hbm:sulfuric_acid_fluid has been selected as the default fluid for sulfuric_acid_fluid
[15:27:02] [Client thread/DEBUG] [FML/]: The fluid minecraft:lava has been selected as the default fluid for lava
[15:27:02] [Client thread/DEBUG] [FML/]: The fluid minecraft:water has been selected as the default fluid for water
[15:27:02] [Client thread/DEBUG] [FML/]: The fluid hbm:corium_fluid has been selected as the default fluid for corium_fluid
[15:27:02] [Client thread/DEBUG] [FML/]: The fluid hbm:volcanic_lava_fluid has been selected as the default fluid for volcanic_lava_fluid
[15:27:02] [Client thread/DEBUG] [FML/]: The fluid hbm:acid_fluid has been selected as the default fluid for acid_fluid
[15:27:02] [Client thread/DEBUG] [FML/]: The fluid hbm:mud_fluid has been selected as the default fluid for mud_fluid
[15:27:02] [Client thread/DEBUG] [FML/]: The fluid hbm:rad_lava_fluid has been selected as the default fluid for rad_lava_fluid
[15:27:02] [Client thread/DEBUG] [FML/]: The fluid hbm:toxic_fluid has been selected as the default fluid for toxic_fluid
[15:27:02] [Client thread/DEBUG] [FML/]: The fluid hbm:schrabidic_fluid has been selected as the default fluid for schrabidic_fluid
[15:27:02] [Client thread/INFO] [FML/]: [Client thread] Client side modded connection established
[15:27:02] [Client thread/INFO] [STDOUT/]: [xaero.map.WorldMapSession:init:36]: New world map session initialized!
[15:27:03] [Client thread/INFO] [STDOUT/]: [xaero.common.XaeroMinimapSession:init:56]: New minimap session initialized!
[15:27:03] [Client thread/DEBUG] [FML/]: Overriding dimension: using 0
[15:27:03] [Client thread/INFO] [ChunkBuilder/]: Started 6 worker threads
[15:27:03] [Client thread/INFO] [signpic/]: Patching GuiScreenBook.drawScreen (class: bfe)
[15:27:05] [Client thread/DEBUG] [FML/]: Bar Finished: Loading Resource - CloudRenderer took 0.013s
[15:27:05] [Client thread/DEBUG] [mixin/]: Mixing angelica.MixinActiveRenderInfo from mixins.angelica.early.json into net.minecraft.client.renderer.ActiveRenderInfo
[15:27:05] [Client thread/DEBUG] [mixin/]: mixins.angelica.early.json:angelica.MixinActiveRenderInfo from mod angelica->@Inject::angelica$onUpdateRenderInfo(Lorg/spongepowered/asm/mixin/injection/callback/CallbackInfo;)V doesn't use it's CallbackInfo
[15:27:05] [Client thread/DEBUG] [mixin/]: Mixing sodium.MixinFrustrum from mixins.angelica.early.json into net.minecraft.client.renderer.culling.Frustrum
[15:27:05] [Client thread/TRACE] [mixin/]: Added class metadata for me/jellysquid/mods/sodium/client/util/math/FrustumExtended to metadata cache
[15:27:05] [Server thread/DEBUG] [FML/]: Gathering id map for writing to world save 新的世界
[15:27:05] [pool-7-thread-2/INFO] [STDOUT/mcheli]: [mcheli.multithread.MultiThreadModelManager:completion:88]: Successfully registered plane models
[15:27:05] [Client thread/INFO] [STDOUT/]: [xaero.common.minimap.render.radar.EntityIconManager:resetResources:173]: Reloading entity icon resources...
[15:27:05] [Client thread/INFO] [STDOUT/]: [xaero.common.minimap.render.radar.EntityIconManager:resetResources:186]: Done!
[15:27:12] [Server thread/DEBUG] [FML/]: Gathering id map for writing to world save 新的世界
[15:27:15] [pool-7-thread-3/INFO] [STDOUT/mcheli]: [mcheli.multithread.MultiThreadModelManager:completion:88]: Successfully registered tank models
[15:27:15] [pool-7-thread-3/INFO] [STDOUT/mcheli]: [mcheli.multithread.MultiThreadModelManager:lambda$start$15:66]: All model rendering tasks completed successfully.
[15:27:18] [Server thread/DEBUG] [FML/]: Gathering id map for writing to world save 新的世界
[15:27:24] [NTM Version Checker/WARN] [HBM/hbm]: Version checker failed!
[15:27:52] [Server thread/DEBUG] [FML/]: Gathering id map for writing to world save 新的世界
[15:27:55] [Server thread/DEBUG] [FML/]: Gathering id map for writing to world save 新的世界
[15:27:56] [Client thread/INFO] [STDOUT/]: [xaero.map.WorldMapSession:cleanup:44]: Finalizing world map session...
[15:27:56] [Thread-14/INFO] [STDOUT/XaeroWorldMap]: [xaero.map.MapProcessor:forceClean:1320]: World map force-cleaned!
[15:27:56] [Client thread/INFO] [STDOUT/]: [xaero.map.WorldMapSession:cleanup:55]: World map session finalized.
[15:27:56] [Client thread/INFO] [STDOUT/]: [xaero.common.XaeroMinimapSession:cleanup:67]: Minimap session finalized.
[15:27:56] [Client thread/INFO] [STDOUT/]: [paulscode.sound.SoundSystemLogger:message:69]: 
[15:27:56] [Client thread/INFO] [STDOUT/]: [paulscode.sound.SoundSystemLogger:message:69]: SoundSystem shutting down...
[15:27:56] [Server thread/TRACE] [mcp/mcp]: Sending event FMLServerStoppingEvent to mod mcp
[15:27:56] [Server thread/TRACE] [mcp/mcp]: Sent event FMLServerStoppingEvent to mod mcp
[15:27:56] [Server thread/DEBUG] [FML/]: Bar Step: ServerStopping - Minecraft Coder Pack took 0.000s
[15:27:56] [Server thread/TRACE] [FML/FML]: Sending event FMLServerStoppingEvent to mod FML
[15:27:56] [Server thread/TRACE] [FML/FML]: Sent event FMLServerStoppingEvent to mod FML
[15:27:56] [Server thread/DEBUG] [FML/]: Bar Step: ServerStopping - Forge Mod Loader took 0.000s
[15:27:56] [Server thread/TRACE] [Forge/Forge]: Sending event FMLServerStoppingEvent to mod Forge
[15:27:56] [Server thread/TRACE] [Forge/Forge]: Sent event FMLServerStoppingEvent to mod Forge
[15:27:56] [Server thread/DEBUG] [FML/]: Bar Step: ServerStopping - Minecraft Forge took 0.000s
[15:27:56] [Server thread/TRACE] [InputFix/InputFix]: Sending event FMLServerStoppingEvent to mod InputFix
[15:27:56] [Server thread/TRACE] [InputFix/InputFix]: Sent event FMLServerStoppingEvent to mod InputFix
[15:27:56] [Server thread/DEBUG] [FML/]: Bar Step: ServerStopping - InputFix took 0.000s
[15:27:56] [Server thread/TRACE] [UnicodeFontExtensionCore/UnicodeFontExtensionCore]: Sending event FMLServerStoppingEvent to mod UnicodeFontExtensionCore
[15:27:56] [Server thread/TRACE] [UnicodeFontExtensionCore/UnicodeFontExtensionCore]: Sent event FMLServerStoppingEvent to mod UnicodeFontExtensionCore
[15:27:56] [Server thread/DEBUG] [FML/]: Bar Step: ServerStopping - Unicode Font Extension Core took 0.000s
[15:27:56] [Server thread/TRACE] [UraniumPlus/UraniumPlus]: Sending event FMLServerStoppingEvent to mod UraniumPlus
[15:27:56] [Server thread/TRACE] [UraniumPlus/UraniumPlus]: Sent event FMLServerStoppingEvent to mod UraniumPlus
[15:27:56] [Server thread/DEBUG] [FML/]: Bar Step: ServerStopping - Added title and actionbar support for client and server took 0.000s
[15:27:56] [Server thread/TRACE] [xaerominimap_core/xaerominimap_core]: Sending event FMLServerStoppingEvent to mod xaerominimap_core
[15:27:56] [Server thread/TRACE] [xaerominimap_core/xaerominimap_core]: Sent event FMLServerStoppingEvent to mod xaerominimap_core
[15:27:56] [Server thread/DEBUG] [FML/]: Bar Step: ServerStopping - XaeroMinimapCore took 0.000s
[15:27:56] [Server thread/TRACE] [xaeroworldmap_core/xaeroworldmap_core]: Sending event FMLServerStoppingEvent to mod xaeroworldmap_core
[15:27:56] [Server thread/TRACE] [xaeroworldmap_core/xaeroworldmap_core]: Sent event FMLServerStoppingEvent to mod xaeroworldmap_core
[15:27:56] [Server thread/DEBUG] [FML/]: Bar Step: ServerStopping - XaeroWorldMapCore took 0.000s
[15:27:56] [Server thread/TRACE] [GTNHLib Core/GTNHLib Core]: Sending event FMLServerStoppingEvent to mod GTNHLib Core
[15:27:56] [Server thread/TRACE] [GTNHLib Core/GTNHLib Core]: Sent event FMLServerStoppingEvent to mod GTNHLib Core
[15:27:56] [Server thread/DEBUG] [FML/]: Bar Step: ServerStopping - GTNHLib Core took 0.000s
[15:27:56] [Server thread/TRACE] [UnicodeFontExtension/UnicodeFontExtension]: Sending event FMLServerStoppingEvent to mod UnicodeFontExtension
[15:27:56] [Server thread/TRACE] [UnicodeFontExtension/UnicodeFontExtension]: Sent event FMLServerStoppingEvent to mod UnicodeFontExtension
[15:27:56] [Server thread/DEBUG] [FML/]: Bar Step: ServerStopping - Unicode Font Extension took 0.000s
[15:27:56] [Server thread/TRACE] [unimixins/unimixins]: Sending event FMLServerStoppingEvent to mod unimixins
[15:27:56] [Server thread/TRACE] [unimixins/unimixins]: Sent event FMLServerStoppingEvent to mod unimixins
[15:27:56] [Server thread/DEBUG] [FML/]: Bar Step: ServerStopping - UniMixins took 0.000s
[15:27:56] [Server thread/TRACE] [unimixins-mixin/unimixins-mixin]: Sending event FMLServerStoppingEvent to mod unimixins-mixin
[15:27:56] [Server thread/TRACE] [unimixins-mixin/unimixins-mixin]: Sent event FMLServerStoppingEvent to mod unimixins-mixin
[15:27:56] [Server thread/DEBUG] [FML/]: Bar Step: ServerStopping - UniMixins: Mixin (UniMix) took 0.000s
[15:27:56] [Server thread/TRACE] [unimixins-compat/unimixins-compat]: Sending event FMLServerStoppingEvent to mod unimixins-compat
[15:27:56] [Server thread/TRACE] [unimixins-compat/unimixins-compat]: Sent event FMLServerStoppingEvent to mod unimixins-compat
[15:27:56] [Server thread/DEBUG] [FML/]: Bar Step: ServerStopping - UniMixins: Compatibility took 0.000s
[15:27:56] [Server thread/TRACE] [mixingasm/mixingasm]: Sending event FMLServerStoppingEvent to mod mixingasm
[15:27:56] [Server thread/TRACE] [mixingasm/mixingasm]: Sent event FMLServerStoppingEvent to mod mixingasm
[15:27:56] [Server thread/DEBUG] [FML/]: Bar Step: ServerStopping - UniMixins: Mixingasm took 0.000s
[15:27:56] [Server thread/TRACE] [spongemixins/spongemixins]: Sending event FMLServerStoppingEvent to mod spongemixins
[15:27:56] [Server thread/TRACE] [spongemixins/spongemixins]: Sent event FMLServerStoppingEvent to mod spongemixins
[15:27:56] [Server thread/DEBUG] [FML/]: Bar Step: ServerStopping - UniMixins: SpongeMixins took 0.000s
[15:27:56] [Server thread/TRACE] [mixinbooterlegacy/mixinbooterlegacy]: Sending event FMLServerStoppingEvent to mod mixinbooterlegacy
[15:27:56] [Server thread/TRACE] [mixinbooterlegacy/mixinbooterlegacy]: Sent event FMLServerStoppingEvent to mod mixinbooterlegacy
[15:27:56] [Server thread/DEBUG] [FML/]: Bar Step: ServerStopping - UniMixins: MixinBooterLegacy took 0.000s
[15:27:56] [Server thread/TRACE] [gasstation/gasstation]: Sending event FMLServerStoppingEvent to mod gasstation
[15:27:56] [Server thread/TRACE] [gasstation/gasstation]: Sent event FMLServerStoppingEvent to mod gasstation
[15:27:56] [Server thread/DEBUG] [FML/]: Bar Step: ServerStopping - UniMixins: GasStation took 0.000s
[15:27:56] [Server thread/TRACE] [gtnhmixins/gtnhmixins]: Sending event FMLServerStoppingEvent to mod gtnhmixins
[15:27:56] [Server thread/TRACE] [gtnhmixins/gtnhmixins]: Sent event FMLServerStoppingEvent to mod gtnhmixins
[15:27:56] [Server thread/DEBUG] [FML/]: Bar Step: ServerStopping - UniMixins: GTNHMixins took 0.000s
[15:27:56] [Server thread/TRACE] [mixinextras/mixinextras]: Sending event FMLServerStoppingEvent to mod mixinextras
[15:27:56] [Server thread/TRACE] [mixinextras/mixinextras]: Sent event FMLServerStoppingEvent to mod mixinextras
[15:27:56] [Server thread/DEBUG] [FML/]: Bar Step: ServerStopping - UniMixins: MixinExtras took 0.000s
[15:27:56] [Server thread/TRACE] [worldedit/worldedit]: Sending event FMLServerStoppingEvent to mod worldedit
[15:27:56] [Server thread/TRACE] [worldedit/worldedit]: Sent event FMLServerStoppingEvent to mod worldedit
[15:27:56] [Server thread/DEBUG] [FML/]: Bar Step: ServerStopping - WorldEdit took 0.000s
[15:27:56] [Server thread/TRACE] [embeddium/embeddium]: Sending event FMLServerStoppingEvent to mod embeddium
[15:27:56] [Server thread/TRACE] [embeddium/embeddium]: Sent event FMLServerStoppingEvent to mod embeddium
[15:27:56] [Server thread/DEBUG] [FML/]: Bar Step: ServerStopping - Embeddium took 0.000s
[15:27:56] [Server thread/TRACE] [gtnhlib/gtnhlib]: Sending event FMLServerStoppingEvent to mod gtnhlib
[15:27:56] [Server thread/TRACE] [gtnhlib/gtnhlib]: Sent event FMLServerStoppingEvent to mod gtnhlib
[15:27:56] [Server thread/DEBUG] [FML/]: Bar Step: ServerStopping - GTNH Lib took 0.000s
[15:27:56] [Server thread/TRACE] [angelica/angelica]: Sending event FMLServerStoppingEvent to mod angelica
[15:27:56] [Server thread/TRACE] [angelica/angelica]: Sent event FMLServerStoppingEvent to mod angelica
[15:27:56] [Server thread/DEBUG] [FML/]: Bar Step: ServerStopping - Angelica took 0.000s
[15:27:56] [Server thread/TRACE] [notfine/notfine]: Sending event FMLServerStoppingEvent to mod notfine
[15:27:56] [Server thread/TRACE] [notfine/notfine]: Sent event FMLServerStoppingEvent to mod notfine
[15:27:56] [Server thread/DEBUG] [FML/]: Bar Step: ServerStopping - NotFine took 0.000s
[15:27:56] [Server thread/TRACE] [mcpatcherforge/mcpatcherforge]: Sending event FMLServerStoppingEvent to mod mcpatcherforge
[15:27:56] [Server thread/TRACE] [mcpatcherforge/mcpatcherforge]: Sent event FMLServerStoppingEvent to mod mcpatcherforge
[15:27:56] [Server thread/DEBUG] [FML/]: Bar Step: ServerStopping - MCPatcherForge took 0.000s
[15:27:56] [Server thread/TRACE] [ArchitectureCraft/ArchitectureCraft]: Sending event FMLServerStoppingEvent to mod ArchitectureCraft
[15:27:56] [Server thread/TRACE] [ArchitectureCraft/ArchitectureCraft]: Sent event FMLServerStoppingEvent to mod ArchitectureCraft
[15:27:56] [Server thread/DEBUG] [FML/]: Bar Step: ServerStopping - ArchitectureCraft took 0.000s
[15:27:56] [Server thread/TRACE] [coretweaks/coretweaks]: Sending event FMLServerStoppingEvent to mod coretweaks
[15:27:56] [Server thread/TRACE] [coretweaks/coretweaks]: Sent event FMLServerStoppingEvent to mod coretweaks
[15:27:56] [Server thread/DEBUG] [FML/]: Bar Step: ServerStopping - CoreTweaks took 0.001s
[15:27:56] [Server thread/TRACE] [CustomMainMenu/CustomMainMenu]: Sending event FMLServerStoppingEvent to mod CustomMainMenu
[15:27:56] [Server thread/TRACE] [CustomMainMenu/CustomMainMenu]: Sent event FMLServerStoppingEvent to mod CustomMainMenu
[15:27:56] [Server thread/DEBUG] [FML/]: Bar Step: ServerStopping - Custom Main Menu took 0.000s
[15:27:56] [Server thread/TRACE] [damagemark/damagemark]: Sending event FMLServerStoppingEvent to mod damagemark
[15:27:56] [Server thread/TRACE] [damagemark/damagemark]: Sent event FMLServerStoppingEvent to mod damagemark
[15:27:56] [Server thread/DEBUG] [FML/]: Bar Step: ServerStopping - DamageMark took 0.000s
[15:27:56] [Server thread/TRACE] [erde/erde]: Sending event FMLServerStoppingEvent to mod erde
[15:27:56] [Server thread/TRACE] [erde/erde]: Sent event FMLServerStoppingEvent to mod erde
[15:27:56] [Server thread/DEBUG] [FML/]: Bar Step: ServerStopping - Entity Render Extender took 0.000s
[15:27:56] [Server thread/TRACE] [flansmod/flansmod]: Sending event FMLServerStoppingEvent to mod flansmod
[15:27:56] [Server thread/TRACE] [flansmod/flansmod]: Sent event FMLServerStoppingEvent to mod flansmod
[15:27:56] [Server thread/DEBUG] [FML/]: Bar Step: ServerStopping - Flan's Mod Ultimate (Stability Edition) took 0.000s
[15:27:56] [Server thread/TRACE] [hbm/hbm]: Sending event FMLServerStoppingEvent to mod hbm
[15:27:56] [Server thread/TRACE] [hbm/hbm]: Sent event FMLServerStoppingEvent to mod hbm
[15:27:56] [Server thread/DEBUG] [FML/]: Bar Step: ServerStopping - Hbm's Nuclear Tech took 0.000s
[15:27:56] [Server thread/TRACE] [hidenames/hidenames]: Sending event FMLServerStoppingEvent to mod hidenames
[15:27:56] [Server thread/TRACE] [hidenames/hidenames]: Sent event FMLServerStoppingEvent to mod hidenames
[15:27:56] [Server thread/DEBUG] [FML/]: Bar Step: ServerStopping - Hide Names took 0.000s
[15:27:56] [Server thread/TRACE] [mcheli/mcheli]: Sending event FMLServerStoppingEvent to mod mcheli
[15:27:56] [Server thread/TRACE] [mcheli/mcheli]: Sent event FMLServerStoppingEvent to mod mcheli
[15:27:56] [Server thread/DEBUG] [FML/]: Bar Step: ServerStopping - MCH-Reforged took 0.000s
[15:27:56] [Server thread/TRACE] [mchrmixin/mchrmixin]: Sending event FMLServerStoppingEvent to mod mchrmixin
[15:27:56] [Server thread/TRACE] [mchrmixin/mchrmixin]: Sent event FMLServerStoppingEvent to mod mchrmixin
[15:27:56] [Server thread/DEBUG] [FML/]: Bar Step: ServerStopping - mchrmixin took 0.000s
[15:27:56] [Server thread/TRACE] [qemenu/qemenu]: Sending event FMLServerStoppingEvent to mod qemenu
[15:27:56] [Server thread/TRACE] [qemenu/qemenu]: Sent event FMLServerStoppingEvent to mod qemenu
[15:27:56] [Server thread/DEBUG] [FML/]: Bar Step: ServerStopping - Quick Easy Menu took 0.000s
[15:27:56] [Server thread/TRACE] [signpic/signpic]: Sending event FMLServerStoppingEvent to mod signpic
[15:27:56] [Server thread/TRACE] [signpic/signpic]: Sent event FMLServerStoppingEvent to mod signpic
[15:27:56] [Server thread/DEBUG] [FML/]: Bar Step: ServerStopping - SignPicture took 0.000s
[15:27:56] [Server thread/TRACE] [stepup/stepup]: Sending event FMLServerStoppingEvent to mod stepup
[15:27:56] [Server thread/TRACE] [stepup/stepup]: Sent event FMLServerStoppingEvent to mod stepup
[15:27:56] [Server thread/DEBUG] [FML/]: Bar Step: ServerStopping - StepUp took 0.000s
[15:27:56] [Server thread/TRACE] [vexview/vexview]: Sending event FMLServerStoppingEvent to mod vexview
[15:27:56] [Server thread/TRACE] [vexview/vexview]: Sent event FMLServerStoppingEvent to mod vexview
[15:27:56] [Server thread/DEBUG] [FML/]: Bar Step: ServerStopping - VexView took 0.000s
[15:27:56] [Server thread/TRACE] [XaeroMinimap/XaeroMinimap]: Sending event FMLServerStoppingEvent to mod XaeroMinimap
[15:27:56] [Server thread/TRACE] [XaeroMinimap/XaeroMinimap]: Sent event FMLServerStoppingEvent to mod XaeroMinimap
[15:27:56] [Server thread/DEBUG] [FML/]: Bar Step: ServerStopping - Xaero's Minimap took 0.000s
[15:27:56] [Server thread/TRACE] [XaeroWorldMap/XaeroWorldMap]: Sending event FMLServerStoppingEvent to mod XaeroWorldMap
[15:27:56] [Server thread/TRACE] [XaeroWorldMap/XaeroWorldMap]: Sent event FMLServerStoppingEvent to mod XaeroWorldMap
[15:27:56] [Server thread/DEBUG] [FML/]: Bar Step: ServerStopping - Xaero's World Map took 0.000s
[15:27:56] [Server thread/DEBUG] [FML/]: Bar Finished: ServerStopping took 0.004s
[15:27:56] [Server thread/DEBUG] [FML/]: Gathering id map for writing to world save 新的世界
[15:27:56] [Client thread/INFO] [STDOUT/]: [paulscode.sound.SoundSystemLogger:importantMessage:90]:     Author: Paul Lamb, www.paulscode.com
[15:27:56] [Client thread/INFO] [STDOUT/]: [paulscode.sound.SoundSystemLogger:message:69]: 
[15:27:56] [CoreTweaks shutdown thread/INFO] [coretweaks/coretweaks]: Saving transformer cache
